Categoria,0-9 anni,10-19 anni,20-29 anni,30-39 anni,40-49 anni,50-59 anni,60-69 anni,70-79 anni,80-89 anni,oltre 90 anni,Tutte le età,0-9 anni,10-19 anni,20-29 anni,30-39 anni,40-49 anni,50-59 anni,60-69 anni,70-79 anni,80-89 anni,oltre 90 anni,Labels
Casi 7/8/2021,422,1445,1491,842,865,731,396,218,154,32,6596,6.397816859,21.90721649,22.60460885,12.76531231,13.11400849,11.08247423,6.003638569,3.305033354,2.334748332,0.485142511,Casi
Casi ultimi 28 giorni,7387,29195,30963,17733,16504,15097,7733,4239,2323,533,131707,5.60866165,22.16662744,23.50900104,13.46397686,12.53084498,11.46256463,5.871365987,3.218507748,1.763763505,0.404686159,Casi
Casi cumulativi,241208,440801,536584,548660,698872,751961,475555,344479,256568,88304,4382992,5.50327265,10.05707973,12.2424134,12.51793296,15.94508956,17.15633978,10.8500084,7.859448523,5.853718191,2.01469681,Casi
Decessi 7/8/2021,0,1,0,-1,2,2,7,18,17,3,49,0,2.040816327,0,-2.040816327,4.081632653,4.081632653,14.28571429,36.73469388,34.69387755,6.12244898,Decessi
Decessi ultimi 28 giorni,2,1,0,3,9,31,53,158,209,110,576,0.347222222,0.173611111,0,0.520833333,1.5625,5.381944444,9.201388889,27.43055556,36.28472222,19.09722222,Decessi
Decessi cumulativi,14,17,69,261,1131,4546,13141,32156,51386,24667,127388,0.010990046,0.013345056,0.054165227,0.204885861,0.887838729,3.568624988,10.31572833,25.24256602,40.33817942,19.36367633,Decessi
Vaccini 7/8/2021,0,57972,74981,64334,50866,36076,27879,7291,1345,207,320951,0,18.0625703,23.36213316,20.04480435,15.84852516,11.2403451,8.686372686,2.271686332,0.419067085,0.064495826,Vaccini
Vaccini ultimi 28 giorni,0,1380786,2470600,2472976,2927490,2050795,1718108,913003,74130,17694,14025582,0,9.844767939,17.6149553,17.63189577,20.87250283,14.62181748,12.24981609,6.509555183,0.528534217,0.126155193,Vaccini
Vaccini cumulativi,0,2742739,6471205,7311230,10895559,13655396,11749121,10288302,6758290,1547865,71419707,0,3.84031119,9.060811465,10.23699243,15.25567586,19.11992722,16.45081098,14.40541054,9.46278035,2.167279964,Vaccini
