Categoria,0-9 anni,10-19 anni,20-29 anni,30-39 anni,40-49 anni,50-59 anni,60-69 anni,70-79 anni,80-89 anni,oltre 90 anni,Tutte le età,0-9 anni,10-19 anni,20-29 anni,30-39 anni,40-49 anni,50-59 anni,60-69 anni,70-79 anni,80-89 anni,oltre 90 anni,Labels
Casi 29/3-31/3/2021,3007,5290,6144,6314,8448,9350,6103,4287,2468,616,52027,5.779691314,10.16779749,11.80925289,12.1360063,16.23772272,17.97143791,11.73044765,8.239952332,4.743690776,1.184000615,Casi
Casi ultimi 25 giorni,33862,55669,61520,65572,86144,91347,58044,41353,24425,5878,523814,6.464508394,10.62762736,11.74462691,12.51818394,16.44553219,17.4388237,11.08103258,7.894596173,4.662914699,1.122154047,Casi
Casi cumulativi,172802,324940,419800,438803,568071,623608,394373,291161,230334,81199,3545091,4.874402378,9.165914218,11.84172705,12.37776407,16.02415848,17.59074732,11.12448171,8.213075489,6.49726622,2.290463066,Casi
Decessi 29/3-31/3/2021,0,0,1,2,11,51,157,329,452,210,1213,0,0,0.082440231,0.164880462,0.906842539,4.204451772,12.94311624,27.12283594,37.26298434,17.31244847,Decessi
Decessi ultimi 25 giorni,0,3,3,22,93,364,1045,2484,3879,1724,9617,0,0.031194759,0.031194759,0.228761568,0.967037538,3.784964126,10.86617448,25.82926068,40.33482375,17.92658833,Decessi
Decessi cumulativi,6,14,54,206,910,3534,10291,26236,44595,21717,107563,0.005578126,0.013015628,0.050203137,0.19151567,0.846015823,3.285516395,9.567416305,24.39128697,41.45942378,20.19002817,Decessi
Vaccini 31/3/2021,0,102,1907,2520,3517,4775,5925,14882,37808,7990,79426,0,0.128421424,2.40097701,3.172764586,4.428021051,6.011885277,7.459773878,18.73693753,47.60154106,10.05967819,Vaccini
Vaccini ultimi 25 giorni,0,6172,186204,265058,376271,496542,392165,515024,1946908,415995,4600339,0,0.134164026,4.047614752,5.761705822,8.179201576,10.79359586,8.524697854,11.19534886,42.32096809,9.042703157,Vaccini
Vaccini cumulativi,0,11579,649034,937276,1263741,1637552,1063500,694430,3000302,760851,10018265,0,0.115578895,6.478507007,9.355671865,12.61436985,16.34566464,10.61561059,6.931639361,29.94831939,7.594638393,Vaccini
