Categoria,0-9 anni,10-19 anni,20-29 anni,30-39 anni,40-49 anni,50-59 anni,60-69 anni,70-79 anni,80-89 anni,oltre 90 anni,Tutte le età,0-9 anni,10-19 anni,20-29 anni,30-39 anni,40-49 anni,50-59 anni,60-69 anni,70-79 anni,80-89 anni,oltre 90 anni,Labels
Casi 19/8/2021,513,1107,1223,922,901,857,479,292,200,36,6530,7.856049005,16.9525268,18.72894334,14.1194487,13.79785605,13.12404288,7.335375191,4.471669219,3.062787136,0.551301685,Casi
Casi ultimi 26 giorni,10324,32674,33345,20448,19441,17250,9108,5310,3235,796,151931,6.795189922,21.50581514,21.94746299,13.45874114,12.79594026,11.35383826,5.994826599,3.495007602,2.129256044,0.523922044,Casi
Casi cumulativi,246898,455707,552148,559092,709068,761165,480638,347551,258405,88795,4459467,5.536491244,10.21886696,12.38147967,12.53719335,15.90028584,17.06851962,10.77792481,7.793554701,5.794526566,1.991157239,Casi
Decessi 19/8/2021,0,0,0,1,1,4,6,7,16,4,39,0,0,0,2.564102564,2.564102564,10.25641026,15.38461538,17.94871795,41.02564103,10.25641026,Decessi
Decessi ultimi 26 giorni,2,1,1,6,15,44,84,166,223,102,644,0.310559006,0.155279503,0.155279503,0.931677019,2.329192547,6.832298137,13.04347826,25.77639752,34.62732919,15.83850932,Decessi
Decessi cumulativi,14,17,70,264,1141,4573,13190,32241,51508,24726,127744,0.010959419,0.013307866,0.054797094,0.206663327,0.893192635,3.579815882,10.32533818,25.23875877,40.32126754,19.3558993,Decessi
Vaccini 19/8/2021,0,39875,39152,33692,29929,19601,14838,5967,1409,294,184757,0,21.58240283,21.19107801,18.23584492,16.1991156,10.60907029,8.031089485,3.229647591,0.762623338,0.159127936,Vaccini
Vaccini ultimi 26 giorni,0,1503010,2193135,1922657,1614760,1071036,893137,320632,49245,11215,9578827,0,15.69096091,22.89565309,20.07194618,16.85759645,11.18128556,9.324074858,3.347299205,0.514102614,0.117081142,Vaccini
Vaccini cumulativi,0,3412168,7248537,7943747,11403231,14033806,11986355,10382486,6785835,1554266,74750431,0,4.564746924,9.696983553,10.62702501,15.25507057,18.77421416,16.03516507,13.88953329,9.077987791,2.07927363,Vaccini
