Categoria,0-9 anni,10-19 anni,20-29 anni,30-39 anni,40-49 anni,50-59 anni,60-69 anni,70-79 anni,80-89 anni,oltre 90 anni,Tutte le età,0-9 anni,10-19 anni,20-29 anni,30-39 anni,40-49 anni,50-59 anni,60-69 anni,70-79 anni,80-89 anni,oltre 90 anni,Labels
Casi 14/8/2021,512,1251,1304,892,897,767,423,260,141,45,6492,7.886629698,19.26987061,20.08626001,13.73998768,13.81700555,11.81454097,6.515711645,4.004929144,2.171903882,0.693160813,Casi
Casi ultimi 28 giorni,8900,32875,33755,19254,17729,15689,8008,4527,2748,688,144173,6.173139215,22.80246648,23.41284429,13.35478904,12.29703204,10.8820653,5.554438071,3.139977666,1.906043434,0.47720447,Casi
Casi cumulativi,244305,449468,545536,554459,704421,756893,478286,346101,257504,88577,4425550,5.520330806,10.15620657,12.32696501,12.52858967,15.91714024,17.10280078,10.80737987,7.820519483,5.818576222,2.00149134,Casi
Decessi 14/8/2021,0,0,0,1,3,1,7,7,8,6,33,0,0,0,3.03030303,9.090909091,3.03030303,21.21212121,21.21212121,24.24242424,18.18181818,Decessi
Decessi ultimi 28 giorni,2,1,0,4,17,32,63,145,191,100,555,0.36036036,0.18018018,0,0.720720721,3.063063063,5.765765766,11.35135135,26.12612613,34.41441441,18.01801802,Decessi
Decessi cumulativi,14,17,69,262,1140,4557,13162,32196,51443,24692,127552,0.010975916,0.013327898,0.054095585,0.205406422,0.893753136,3.572660562,10.31892875,25.24147015,40.33100226,19.35837933,Decessi
Vaccini 14/8/2021,0,23756,25836,25067,20572,17993,7016,2527,535,88,123390,0,19.25277575,20.93848772,20.31526056,16.67233974,14.58221898,5.686036146,2.047977956,0.433584569,0.071318583,Vaccini
Vaccini ultimi 28 giorni,0,1592871,2572466,2379559,2330343,1491112,1359418,606747,63307,14633,12410456,0,12.83491114,20.72821498,19.17382407,18.77725524,12.01496545,10.95381185,4.888998438,0.510110185,0.117908641,Vaccini
Vaccini cumulativi,0,3193141,7029377,7752313,11229972,13921108,11909324,10353968,6777322,1552246,73718771,0,4.331516867,9.535396351,10.51606381,15.23353123,18.88407499,16.1550767,14.04522601,9.193482078,2.105631956,Vaccini
