Categoria,0-9 anni,10-19 anni,20-29 anni,30-39 anni,40-49 anni,50-59 anni,60-69 anni,70-79 anni,80-89 anni,oltre 90 anni,Tutte le età,0-9 anni,10-19 anni,20-29 anni,30-39 anni,40-49 anni,50-59 anni,60-69 anni,70-79 anni,80-89 anni,oltre 90 anni,Labels
Casi 29/8/2021,361,669,738,686,652,539,333,235,125,31,4369,8.262760357,15.31242847,16.89173724,15.70153353,14.92332341,12.3369192,7.621881437,5.378805219,2.861066606,0.709544518,Casi
Casi ultimi 22 giorni,10783,25132,26169,19268,19173,16790,9528,5737,3630,1015,137225,7.857897613,18.31444708,19.07014028,14.04117326,13.97194389,12.23537985,6.943341228,4.180725087,2.645290581,0.73966114,Casi
Casi cumulativi,251991,465933,562753,567928,718045,768751,485083,350216,260198,89319,4520217,5.574754486,10.30775735,12.44968992,12.56417557,15.8851887,17.006949,10.73140958,7.747769631,5.756316566,1.975989206,Casi
Decessi 29/8/2021,0,0,0,0,1,3,11,5,11,5,36,0,0,0,0,2.777777778,8.333333333,30.55555556,13.88888889,30.55555556,13.88888889,Decessi
Decessi ultimi 22 giorni,0,0,4,5,23,60,137,235,363,182,1009,0,0,0.396432111,0.495540139,2.279484638,5.946481665,13.5777998,23.29038652,35.97621407,18.03766105,Decessi
Decessi cumulativi,14,17,73,266,1154,4606,13278,32391,51749,24849,128397,0.010903682,0.013240185,0.056854911,0.207169949,0.898774893,3.58731123,10.34136312,25.22722494,40.30390118,19.35325592,Decessi
Vaccini 29/8/2021,0,32333,25864,25057,22173,13442,5085,1956,659,111,126680,0,25.52336596,20.41679823,19.77976003,17.50315756,10.61098832,4.014051153,1.544047995,0.520208399,0.087622356,Vaccini
Vaccini ultimi 22 giorni,0,1184590,1249948,1032846,866971,617634,351627,134297,35646,7341,5480900,0,21.61305625,22.80552464,18.84445985,15.81804083,11.26884271,6.415497455,2.450272765,0.65036764,0.133937857,Vaccini
Vaccini cumulativi,0,3947517,7771802,8396213,11799028,14303577,12122099,10441397,6805496,1558552,77145681,0,5.116964357,10.07418938,10.88358142,15.29447643,18.54099519,15.71325684,13.53464882,8.821616339,2.020271232,Vaccini
