Categoria,0-9 anni,10-19 anni,20-29 anni,30-39 anni,40-49 anni,50-59 anni,60-69 anni,70-79 anni,80-89 anni,oltre 90 anni,Tutte le età,0-9 anni,10-19 anni,20-29 anni,30-39 anni,40-49 anni,50-59 anni,60-69 anni,70-79 anni,80-89 anni,oltre 90 anni,Labels
Casi 7/5/2021,908,1164,1081,1230,1511,1462,930,622,203,73,9184,9.886759582,12.67421603,11.77047038,13.39285714,16.45252613,15.91898955,10.12630662,6.772648084,2.210365854,0.794860627,Casi
Casi ultimi 27 giorni,32037,41972,40458,45567,55587,55774,37535,25470,11900,3178,349478,9.167100647,12.00991193,11.57669438,13.03858898,15.90572225,15.95923062,10.74030411,7.288012407,3.405078431,0.90935624,Casi
Casi cumulativi,215432,384193,479789,504732,650743,708478,451133,330501,249915,86383,4061299,5.304509715,9.459855086,11.81368326,12.42784636,16.02302613,17.44461563,11.1080962,8.137815019,6.153573032,2.12697957,Casi
Decessi 7/5/2021,0,0,0,3,4,13,49,79,97,35,280,0,0,0,1.071428571,1.428571429,4.642857143,17.5,28.21428571,34.64285714,12.5,Decessi
Decessi ultimi 27 giorni,1,3,5,19,83,424,1246,2722,3112,1344,8959,0.01116196,0.03348588,0.0558098,0.212077241,0.926442683,4.732671057,13.90780221,30.38285523,34.73601965,15.00167429,Decessi
Decessi cumulativi,11,15,58,227,1039,4127,12069,30117,49321,23726,120710,0.00911275,0.012426477,0.048049043,0.188054014,0.860740618,3.41893795,9.998343136,24.94987988,40.85908375,19.65537238,Decessi
Vaccini 7/5/2021,0,2282,15470,19820,34926,89399,166240,126533,41413,8973,505056,0,0.451831084,3.063026674,3.924317303,6.915272762,17.70080942,32.91516188,25.05326142,8.199684787,1.77663467,Vaccini
Vaccini ultimi 27 giorni,0,33173,218068,277487,473168,945779,2562322,3536337,1772112,330557,10149003,0,0.326859693,2.148664258,2.734130633,4.662211648,9.318935072,25.24703165,34.84418125,17.46094666,3.25703914,Vaccini
Vaccini cumulativi,0,51440,941355,1311790,1885183,2800544,3913924,5030429,5928404,1298982,23162051,0,0.222087414,4.064212621,5.663531265,8.139102189,12.09108813,16.89800269,21.71840913,25.59533264,5.608233917,Vaccini
