Categoria,0-9 anni,10-19 anni,20-29 anni,30-39 anni,40-49 anni,50-59 anni,60-69 anni,70-79 anni,80-89 anni,oltre 90 anni,Tutte le età,0-9 anni,10-19 anni,20-29 anni,30-39 anni,40-49 anni,50-59 anni,60-69 anni,70-79 anni,80-89 anni,oltre 90 anni,Labels
Casi 28/9/2021,545,502,401,520,589,487,328,202,157,32,3763,14.48312517,13.34041988,10.65639118,13.81876163,15.652405,12.94180175,8.716449641,5.368057401,4.172203029,0.850385331,Casi
Casi ultimi 28 giorni,14408,31061,32203,25331,25392,21842,12319,7660,4822,1353,176391,8.168217199,17.60917507,18.25660039,14.36071001,14.39529228,12.38271794,6.983916413,4.342625191,2.733699565,0.767045938,Casi
Casi cumulativi,267602,486257,581817,589763,740926,787731,496831,358110,265488,90879,4665404,5.735880537,10.42261292,12.47088141,12.64119892,15.88128274,16.88451847,10.64925996,7.675862583,5.690568277,1.947934198,Casi
Decessi 28/9/2021,0,0,0,-1,0,3,11,9,29,4,55,0,0,0,-1.818181818,0,5.454545455,20,16.36363636,52.72727273,7.272727273,Decessi
Decessi ultimi 28 giorni,0,0,4,12,37,99,211,352,498,245,1458,0,0,0.274348422,0.823045267,2.537722908,6.790123457,14.47187929,24.14266118,34.1563786,16.80384088,Decessi
Decessi cumulativi,16,19,76,286,1198,4742,13552,32830,52340,25158,130217,0.012287182,0.014591029,0.058364115,0.219633381,0.920002765,3.641613614,10.40724329,25.21176191,40.19444466,19.32005806,Decessi
Vaccini 28/9/2021,0,25802,23128,24445,22508,17741,8226,3940,1368,260,127418,0,20.2498862,18.15128161,19.18488754,17.66469416,13.9234645,6.455916746,3.092184778,1.073631669,0.204052803,Vaccini
Vaccini ultimi 28 giorni,0,1561066,1247519,1184679,1043908,746971,319854,148948,51871,10481,6315297,0,24.71880578,19.75392448,18.75888022,16.52983225,11.82796312,5.064749924,2.358527239,0.821354878,0.165962108,Vaccini
Vaccini cumulativi,0,5695232,9192406,9734697,12975095,15145584,12491629,10615954,6869445,1572091,84292133,0,6.756540376,10.90541391,11.54876102,15.39300827,17.96796861,14.81944822,12.59424056,8.149568359,1.86505068,Vaccini
