Categoria,0-9 anni,10-19 anni,20-29 anni,30-39 anni,40-49 anni,50-59 anni,60-69 anni,70-79 anni,80-89 anni,oltre 90 anni,Tutte le età,0-9 anni,10-19 anni,20-29 anni,30-39 anni,40-49 anni,50-59 anni,60-69 anni,70-79 anni,80-89 anni,oltre 90 anni,Labels
Casi 1/5/2021,1392,1560,1379,1710,1971,1888,1298,862,384,133,12577,11.06782222,12.40359386,10.96445893,13.59624712,15.67146378,15.01152898,10.32042617,6.853780711,3.053192335,1.057485887,Casi
Casi ultimi 28 giorni,32545,45345,46264,50515,63152,65450,44044,30783,15274,4031,397403,8.189419808,11.41033158,11.64158298,12.71127797,15.89117344,16.46942776,11.08295609,7.746041172,3.843453623,1.014335574,Casi
Casi cumulativi,208935,376356,473007,496535,640687,699332,445006,326640,248276,85922,4000696,5.222466291,9.407263136,11.82311778,12.41121545,16.0143885,17.48025844,11.12321456,8.164579363,6.205820187,2.147676304,Casi
Decessi 1/5/2021,0,0,0,1,2,13,29,44,54,31,174,0,0,0,0.574712644,1.149425287,7.471264368,16.66666667,25.28735632,31.03448276,17.81609195,Decessi
Decessi ultimi 28 giorni,0,0,4,11,96,493,1460,3166,3907,1690,10827,0,0,0.036944675,0.101597857,0.886672208,4.553431237,13.4848065,29.24171054,36.08571165,15.60912533,Decessi
Decessi cumulativi,6,14,59,217,1021,4056,11847,29677,48843,23531,119271,0.005030561,0.011737975,0.04946718,0.18193861,0.856033738,3.400659003,9.932842015,24.88199143,40.95127902,19.72902047,Decessi
Vaccini 1/5/2021,0,1175,6903,8239,14780,31915,88018,92276,51223,6373,300902,0,0.390492586,2.294102399,2.738100777,4.911898226,10.60644329,29.25138417,30.66646284,17.02315039,2.117965318,Vaccini
Vaccini ultimi 28 giorni,0,24820,181069,232498,386564,664105,1782291,3306312,2160760,382430,9120849,0,0.27212379,1.985220893,2.549082876,4.238245804,7.28117525,19.54084538,36.25004646,23.69033848,4.192921076,Vaccini
Vaccini cumulativi,0,38625,861612,1212036,1713596,2390935,2950002,4237484,5624419,1235633,20264342,0,0.190605745,4.251862705,5.981126848,8.456213382,11.79873001,14.55760074,20.91103674,27.75525107,6.097572771,Vaccini
