Categoria,0-9 anni,10-19 anni,20-29 anni,30-39 anni,40-49 anni,50-59 anni,60-69 anni,70-79 anni,80-89 anni,oltre 90 anni,Tutte le età,0-9 anni,10-19 anni,20-29 anni,30-39 anni,40-49 anni,50-59 anni,60-69 anni,70-79 anni,80-89 anni,oltre 90 anni,Labels
Casi 13/2/2022,7706,7538,4984,6999,8126,6237,3800,2409,1667,606,50072,15.38983863,15.05432178,9.95366672,13.97787186,16.22863077,12.45606327,7.589071737,4.811072056,3.329205943,1.21025723,Casi
Casi ultimi 28 giorni,14408,31061,32203,25331,25392,21842,12319,7660,4822,1353,176391,8.168217199,17.60917507,18.25660039,14.36071001,14.39529228,12.38271794,6.983916413,4.342625191,2.733699565,0.767045938,Casi
Casi cumulativi,1062285,1526493,1531467,1614730,1933997,1792825,1037796,675643,431030,137381,11743647,9.045614195,12.9984578,13.04081262,13.74981724,16.46845311,15.26633932,8.837084425,5.753263871,3.6703249,1.169832506,Casi
Decessi 13/2/2022,-1,0,0,0,1,3,13,42,65,47,170,-0.588235294,0,0,0,0.588235294,1.764705882,7.647058824,24.70588235,38.23529412,27.64705882,Decessi
Decessi ultimi 28 giorni,0,0,4,12,37,99,211,352,498,245,1458,0,0,0.274348422,0.823045267,2.537722908,6.790123457,14.47187929,24.14266118,34.1563786,16.80384088,Decessi
Decessi cumulativi,19,26,101,363,1418,5489,15418,37188,59376,28906,148304,0.012811522,0.017531557,0.068103355,0.244767505,0.956144136,3.701181357,10.39621318,25.07552055,40.03668141,19.49104542,Decessi
