Categoria,0-9 anni,10-19 anni,20-29 anni,30-39 anni,40-49 anni,50-59 anni,60-69 anni,70-79 anni,80-89 anni,oltre 90 anni,Tutte le età,0-9 anni,10-19 anni,20-29 anni,30-39 anni,40-49 anni,50-59 anni,60-69 anni,70-79 anni,80-89 anni,oltre 90 anni,Labels
Casi 22/6/2021,55,125,181,127,142,129,69,48,16,4,896,6.138392857,13.95089286,20.20089286,14.17410714,15.84821429,14.39732143,7.700892857,5.357142857,1.785714286,0.446428571,Casi
Casi ultimi 24 giorni,4072,6688,6911,6676,7758,6799,3577,2068,1042,362,45953,8.861227776,14.55400083,15.03927926,14.52788719,16.88246687,14.79555198,7.784040215,4.500250256,2.26753422,0.787761408,Casi
Casi cumulativi,232786,408874,502127,528687,680155,734982,466854,339696,253917,87701,4235779,5.495706929,9.652864326,11.85441922,12.48145855,16.05737693,17.35175513,11.02167984,8.019681858,5.994576204,2.070481014,Casi
Decessi 22/6/2021,1,1,2,0,1,2,4,7,11,3,32,3.125,3.125,6.25,0,3.125,6.25,12.5,21.875,34.375,9.375,Decessi
Decessi ultimi 24 giorni,3,-2,4,16,38,165,402,634,666,309,2235,0.134228188,-0.089485459,0.178970917,0.715883669,1.700223714,7.382550336,17.98657718,28.36689038,29.79865772,13.82550336,Decessi
Decessi cumulativi,13,16,69,255,1120,4473,13023,31886,51021,24482,126358,0.010288229,0.012662435,0.054606752,0.201807563,0.886370471,3.539942069,10.30643093,25.23465075,40.37813197,19.37510882,Decessi
Vaccini 22/6/2021,0,12820,46246,55095,80395,88545,51656,45006,6007,1523,387293,0,3.31015536,11.94083033,14.22566377,20.75818566,22.8625356,13.33770556,11.62065929,1.551022094,0.393242326,Vaccini
Vaccini ultimi 24 giorni,0,448162,1236844,1615196,2978783,3436274,1684271,1080660,181457,51547,12713194,0,3.525172352,9.728821884,12.70487967,23.43064221,27.02919502,13.24821284,8.500302914,1.427312444,0.405460658,Vaccini
Vaccini cumulativi,0,573490,2630433,3530467,6203524,9244751,8782524,7976283,6564998,1497471,47003941,0,1.220089184,5.59619671,7.511002109,13.19788058,19.66803379,18.68465455,16.96939199,13.96690971,3.185841374,Vaccini
