Categoria,0-9 anni,10-19 anni,20-29 anni,30-39 anni,40-49 anni,50-59 anni,60-69 anni,70-79 anni,80-89 anni,oltre 90 anni,Tutte le età,0-9 anni,10-19 anni,20-29 anni,30-39 anni,40-49 anni,50-59 anni,60-69 anni,70-79 anni,80-89 anni,oltre 90 anni,Labels
Casi 5/2/2021,2485,4324,8255,7232,7530,7688,4778,3350,2657,1124,49423,5.02802339,8.748963033,16.70274973,14.63286324,15.23582138,15.55551059,9.667563685,6.778220666,5.376039496,2.274244785,Casi
Casi ultimi 23 giorni,18295,28233,32768,35533,45650,49308,32827,24139,18949,6494,292196,6.3,9.662349929,11.21439034,12.16067297,15.62307492,16.87497433,11.23458227,8.261235609,6.485030596,2.222480801,Casi
Casi cumulativi,107849,219339,308329,318498,410972,460457,290544,217289,185227,69998,2588502,4.2,8.473588199,11.91148394,12.30433664,15.8768276,17.78855106,11.22440701,8.394391814,7.155760359,2.704189527,Casi
Decessi 5/2/2021,0,0,0,1,1,12,28,93,168,96,399,0,0,0,0.250626566,0.250626566,3.007518797,7.01754386,23.30827068,42.10526316,24.06015038,Decessi
Decessi ultimi 23 giorni,0,0,4,18,73,266,878,2299,4412,2389,10339,0,0,0.038688461,0.174098075,0.706064416,2.572782668,8.492117226,22.23619306,42.67337267,23.10668343,Decessi
Decessi cumulativi,5,5,45,175,729,2877,8370,21574,36961,18182,88923,0,0.005622842,0.05060558,0.196799478,0.819810398,3.235383422,9.4126379,24.26143967,41.56517436,20.4469035,Decessi
Vaccini 4/2-6/2/2021,0,165,13658,17132,21641,28266,16955,5431,7708,6052,117008,0,0.141015999,11.67270614,14.6417339,18.49531656,24.15732258,14.49046219,4.64156297,6.587583755,5.172295911,Vaccini
Vaccini ultimi 24 giorni,0,577,162314,249410,306324,418505,269778,64570,90298,72983,1634759,0,0.035295722,9.928925303,15.2566831,18.73817486,25.6004096,16.50261598,3.94981768,5.523627642,4.464450112,Vaccini
Vaccini cumulativi,0,2269,249010,380357,475147,640322,396010,85155,115350,91869,2435489,0,0.093164042,10.22423012,15.6172744,19.50930593,26.29131152,16.259979,3.4964231,4.736215191,3.772096692,Vaccini
