Categoria,0-9 anni,10-19 anni,20-29 anni,30-39 anni,40-49 anni,50-59 anni,60-69 anni,70-79 anni,80-89 anni,oltre 90 anni,Tutte le età,0-9 anni,10-19 anni,20-29 anni,30-39 anni,40-49 anni,50-59 anni,60-69 anni,70-79 anni,80-89 anni,oltre 90 anni,Labels
Casi in aggiornamento,0,0,0,0,0,0,0,0,0,0,0,#DIV/0!,#DIV/0!,#DIV/0!,#DIV/0!,#DIV/0!,#DIV/0!,#DIV/0!,#DIV/0!,#DIV/0!,#DIV/0!,Casi
Casi ultimi 19 giorni,15072,23744,28238,30179,38832,42215,28063,20758,16424,5804,249329,6,9.523160162,11.3255979,12.10408737,15.57460223,16.931444,11.25540952,8.325545765,6.58728026,2.327847944,Casi
Casi cumulativi,104626,214850,303799,313144,404154,453364,285780,213908,182702,69308,2545635,4.1,8.439937383,11.93411467,12.30121365,15.87635305,17.80946601,11.22627557,8.402932864,7.177069768,2.722621271,Casi
Decessi in aggiornamento,0,0,0,0,0,0,0,0,0,0,0,#DIV/0!,#DIV/0!,#DIV/0!,#DIV/0!,#DIV/0!,#DIV/0!,#DIV/0!,#DIV/0!,#DIV/0!,#DIV/0!,Decessi
Decessi ultimi 19 giorni,0,0,4,15,64,208,714,1897,3682,1959,8543,0,0,0.046821959,0.175582348,0.749151352,2.434741894,8.357719771,22.20531429,43.09961372,22.93105466,Decessi
Decessi cumulativi,5,5,45,172,720,2819,8206,21172,36231,17752,87127,0,0.005738749,0.051648743,0.197412972,0.826379882,3.235506789,9.418435158,24.30015954,41.58412432,20.3748551,Decessi
Vaccini 24 ore,0,48,7176,9846,12766,17392,10056,2564,2608,2208,64664,#DIV/0!,0.074229865,11.09736484,15.22640109,19.74205122,26.89595447,15.55115675,3.965111963,4.033156006,3.414573797,Vaccini
Vaccini ultimi 20 giorni,0,124,122304,198303,241021,331880,218463,48572,67513,54454,1282634,0,0.009667606,9.53537798,15.46060684,18.79109707,25.87487935,17.03237245,3.786894781,5.263621579,4.245482343,Vaccini
Vaccini cumulativi,0,1816,209000,329250,409844,553697,344695,69157,92565,73340,2083364,0,0.087166717,10.03185233,15.80376737,19.67222242,26.57706479,16.54511646,3.319487137,4.443054598,3.520268182,Vaccini
