Categoria,0-9 anni,10-19 anni,20-29 anni,30-39 anni,40-49 anni,50-59 anni,60-69 anni,70-79 anni,80-89 anni,oltre 90 anni,Tutte le età,0-9 anni,10-19 anni,20-29 anni,30-39 anni,40-49 anni,50-59 anni,60-69 anni,70-79 anni,80-89 anni,oltre 90 anni,Labels
Casi 19/9-21/9/2021,1172,1242,1099,1347,1490,1302,885,543,398,101,9579,12.23509761,12.96586282,11.47301388,14.06201065,15.55485959,13.59223301,9.238960225,5.668650172,4.154922226,1.054389811,Casi
Casi ultimi 28 giorni,14408,31061,32203,25331,25392,21842,12319,7660,4822,1353,176391,8.168217199,17.60917507,18.25660039,14.36071001,14.39529228,12.38271794,6.983916413,4.342625191,2.733699565,0.767045938,Casi
Casi cumulativi,264448,483044,579124,586246,737128,784679,494754,356592,264510,90621,4641146,5.697903061,10.40786047,12.47803883,12.63149231,15.88245662,16.9070096,10.66016885,7.683274777,5.699238938,1.952556545,Casi
Decessi 19/9-21/9/2021,0,0,-2,2,4,5,20,28,32,29,118,0,0,-1.694915254,1.694915254,3.389830508,4.237288136,16.94915254,23.72881356,27.11864407,24.57627119,Decessi
Decessi ultimi 28 giorni,0,0,4,12,37,99,211,352,498,245,1458,0,0,0.274348422,0.823045267,2.537722908,6.790123457,14.47187929,24.14266118,34.1563786,16.80384088,Decessi
Decessi cumulativi,0,5,27,280,1192,4719,13503,32751,52201,25099,129777,0,0.003852763,0.020804919,0.215754718,0.918498655,3.636237546,10.40477126,25.236367,40.22361435,19.34009878,Decessi
Vaccini 21/9/2021,0,39331,35347,35493,32062,24890,11196,5088,1716,350,185473,0,21.20578197,19.05776043,19.13647809,17.28661315,13.41974304,6.036458137,2.743256431,0.925202051,0.188706712,Vaccini
Vaccini ultimi 28 giorni,0,1711448,1416853,1277447,1102538,760240,337200,158398,53117,10593,6827834,0,25.06575292,20.75113425,18.7094033,16.14769779,11.13442418,4.938608642,2.319886512,0.777948029,0.155144369,Vaccini
Vaccini cumulativi,0,5382381,8936939,9459877,12720372,14948110,12409637,10578886,6855121,1569075,82860398,0,6.495721877,10.78553714,11.41664441,15.35157,18.04011369,14.97655973,12.76711946,8.273096878,1.893636813,Vaccini
