Categoria,0-9 anni,10-19 anni,20-29 anni,30-39 anni,40-49 anni,50-59 anni,60-69 anni,70-79 anni,80-89 anni,oltre 90 anni,Tutte le età,0-9 anni,10-19 anni,20-29 anni,30-39 anni,40-49 anni,50-59 anni,60-69 anni,70-79 anni,80-89 anni,oltre 90 anni,Labels
Casi 26/6/2021,37,92,129,91,102,82,34,9,6,-1,581,6.368330465,15.83476764,22.20309811,15.6626506,17.55593804,14.11359725,5.851979346,1.549053356,1.032702238,-0.17211704,Casi
Casi ultimi 28 giorni,4336,7155,7575,7190,8336,7307,3800,2202,1128,376,49405,8.776439632,14.48233984,15.33245623,14.55318288,16.87278616,14.79000101,7.691529197,4.457038761,2.28316972,0.761056573,Casi
Casi cumulativi,233050,409341,502791,529201,680733,735490,467077,339830,254003,87715,4239231,5.497459327,9.65602016,11.8604294,12.48341975,16.05793598,17.34960893,11.01796529,8.016312393,5.991723499,2.069125273,Casi
Decessi 26/6/2021,0,1,-1,0,0,4,6,13,11,7,41,0,2.43902439,-2.43902439,0,0,9.756097561,14.63414634,31.70731707,26.82926829,17.07317073,Decessi
Decessi ultimi 28 giorni,3,-1,3,14,39,174,420,679,715,336,2382,0.125944584,-0.041981528,0.125944584,0.587741394,1.637279597,7.304785894,17.63224181,28.5054576,30.01679261,14.10579345,Decessi
Decessi cumulativi,13,17,68,253,1121,4482,13041,31931,51070,24509,126505,0.010276274,0.013438204,0.053752816,0.199992095,0.886130983,3.542942967,10.30868345,25.24089957,40.36994585,19.37393779,Decessi
Vaccini 26/6/2021,0,23279,72165,87078,90233,123756,67136,60236,5410,1154,530447,0,4.388562854,13.6045637,16.41596616,17.01074754,23.33051181,12.65649537,11.35570566,1.019894542,0.217552366,Vaccini
Vaccini ultimi 28 giorni,0,545361,1562504,2022138,3420407,4002905,1996296,1354298,212558,59584,15176051,0,3.593563306,10.29585364,13.3245335,22.53818862,26.37645986,13.15425205,8.923915714,1.400614692,0.392618607,Vaccini
Vaccini cumulativi,0,670732,2956671,3938240,6646214,9812807,9095845,8251024,6596917,1506025,49474475,0,1.355713224,5.976154371,7.960145105,13.43362208,19.8340801,18.38492475,16.67733513,13.33398081,3.044044429,Vaccini
