Categoria,0-9 anni,10-19 anni,20-29 anni,30-39 anni,40-49 anni,50-59 anni,60-69 anni,70-79 anni,80-89 anni,oltre 90 anni,Tutte le età,0-9 anni,10-19 anni,20-29 anni,30-39 anni,40-49 anni,50-59 anni,60-69 anni,70-79 anni,80-89 anni,oltre 90 anni,Labels
Casi 7/3/2021,968,1567,1697,1737,2178,2313,1463,1140,663,128,13854,6.987151725,11.31081276,12.24916991,12.53789519,15.72109138,16.69553919,10.56012704,8.22867042,4.785621481,0.923920889,Casi
Casi ultimi 22 giorni,24388,40084,40716,43970,56649,57316,36527,25831,15910,3862,345253,7.063805383,11.6100367,11.79309086,12.7355881,16.40796749,16.60115915,10.57977773,7.481759753,4.608214845,1.118599983,Casi
Casi cumulativi,139908,270838,359977,374968,484105,534574,337792,250948,206572,75449,3035131,4.609619815,8.923436913,11.86034474,12.35426082,15.9500529,17.61288063,11.1294043,8.268110998,6.806032425,2.485856459,Casi
Decessi 7/3/2021,0,0,0,0,0,5,5,27,41,18,96,0,0,0,0,0,5.208333333,5.208333333,28.125,42.70833333,18.75,Decessi
Decessi ultimi 22 giorni,0,1,4,7,66,216,630,1574,2631,1244,6373,0,0.015691197,0.062764789,0.109838381,1.035619018,3.389298603,9.88545426,24.69794445,41.28353993,19.51984936,Decessi
Decessi cumulativi,6,11,51,184,817,3175,9251,23779,40757,20011,98042,0.006119826,0.011219681,0.052018523,0.18767467,0.833316334,3.238408029,9.435752025,24.25389119,41.57095938,20.41064034,Decessi
Vaccini 7/3/2021,0,95,4418,6888,10055,13330,7895,2281,29993,4984,79939,0,0.118840616,5.52671412,8.616570135,12.57834099,16.67521485,9.876280664,2.853425737,37.51985889,6.234754,Vaccini
Vaccini ultimi 22 giorni,0,2183,147777,214448,317445,385880,203074,63417,856996,209482,2400702,0,0.090931736,6.155574494,8.932720513,13.22300727,16.0736318,8.458942426,2.641602331,35.69772508,8.725864351,Vaccini
Vaccini cumulativi,0,5406,461118,670588,885383,1138511,671234,178675,1053369,339184,5403468,0,0.100046859,8.533741664,12.41032611,16.38545838,21.07000541,12.42228139,3.306672678,19.49431365,6.277153857,Vaccini
