Categoria,0-9 anni,10-19 anni,20-29 anni,30-39 anni,40-49 anni,50-59 anni,60-69 anni,70-79 anni,80-89 anni,oltre 90 anni,Tutte le età,0-9 anni,10-19 anni,20-29 anni,30-39 anni,40-49 anni,50-59 anni,60-69 anni,70-79 anni,80-89 anni,oltre 90 anni,Labels
Casi 21/3/2021,1278,2127,2255,2552,3272,3444,2173,1556,932,231,19820,6.448032291,10.73158426,11.37739657,12.87588295,16.50857719,17.37638749,10.96367306,7.850655903,4.702320888,1.165489405,Casi
Casi ultimi 22 giorni,30739,50242,53744,57720,75107,78423,49588,34882,20827,4847,456119,6.739250064,11.0151079,11.78288999,12.65459233,16.46653615,17.19353941,10.87172426,7.647565657,4.566132961,1.062661279,Casi
Casi cumulativi,159934,303178,395108,412841,533779,586922,370768,274274,220366,78613,3335783,4.794496525,9.088660743,11.84453545,12.37613478,16.00161042,17.59472963,11.11487168,8.222177522,6.606125159,2.356658092,Casi
Decessi 21/3/2021,0,0,0,0,2,8,37,53,97,39,236,0,0,0,0,0.847457627,3.389830508,15.6779661,22.45762712,41.10169492,16.52542373,Decessi
Decessi ultimi 22 giorni,0,3,2,13,69,275,725,1909,3022,1422,7440,0,0.040322581,0.02688172,0.174731183,0.927419355,3.696236559,9.744623656,25.65860215,40.61827957,19.11290323,Decessi
Decessi cumulativi,6,14,51,194,867,3374,9760,25074,42792,20972,103104,0.005819367,0.013578523,0.049464618,0.188159528,0.84089851,3.27242396,9.466170081,24.31913408,41.50372439,20.34062694,Decessi
Vaccini 21/3/2021,0,120,4084,5640,7497,9872,7656,11628,43139,7703,97339,0,0.123280494,4.195646144,5.794183215,7.701948859,10.1418753,7.865295514,11.94587986,44.31831024,7.913580374,Vaccini
Vaccini ultimi 22 giorni,0,3716,174509,251410,368669,488693,313094,156757,1442295,328298,3527441,0,0.10534549,4.947184092,7.127263078,10.45145759,13.85403753,8.875952851,4.44392975,40.8878561,9.306973526,Vaccini
Vaccini cumulativi,0,8116,571142,827884,1111620,1431185,864946,304062,2114441,574724,7808120,0,0.103943075,7.314718524,10.60285959,14.23671767,18.32944422,11.0775193,3.894176831,27.08002695,7.360593843,Vaccini
