Categoria,0-9 anni,10-19 anni,20-29 anni,30-39 anni,40-49 anni,50-59 anni,60-69 anni,70-79 anni,80-89 anni,oltre 90 anni,Tutte le età,0-9 anni,10-19 anni,20-29 anni,30-39 anni,40-49 anni,50-59 anni,60-69 anni,70-79 anni,80-89 anni,oltre 90 anni,Labels
Casi 29/3/2021,1441,2302,2558,2616,3196,3409,2215,1551,922,277,20487,7.033728706,11.23639381,12.48596671,12.76907307,15.60013667,16.63982037,10.81173427,7.570654561,4.500414897,1.352076927,Casi
Casi ultimi 23 giorni,30855,50379,55376,59258,77696,81997,51941,37066,21957,5262,471787,6.540027597,10.67833577,11.73750019,12.56032913,16.46844869,17.3800889,11.00941739,7.856511519,4.654006999,1.115333826,Casi
Casi cumulativi,169795,319650,413656,432489,559623,614258,388270,286874,227866,80583,3493064,4.860918666,9.150991794,11.84221074,12.3813649,16.02097757,17.58507717,11.11545623,8.212675176,6.523384627,2.306943131,Casi
Decessi 29/3/2021,0,0,0,0,6,20,45,81,118,40,310,0,0,0,0,1.935483871,6.451612903,14.51612903,26.12903226,38.06451613,12.90322581,Decessi
Decessi ultimi 23 giorni,0,3,2,20,82,313,888,2155,3427,1514,8404,0,0.035697287,0.023798191,0.237981913,0.975725845,3.724416944,10.56639695,25.64255117,40.77820086,18.01523084,Decessi
Decessi cumulativi,6,14,53,204,899,3483,10134,25907,44143,21507,106350,0.005641749,0.013164081,0.049835449,0.191819464,0.84532205,3.275035261,9.528913963,24.36013164,41.50728726,20.22284908,Decessi
Vaccini 29/3/2021,0,130,1886,2552,3945,5207,5609,13897,32771,8397,74394,0,0.174745275,2.535150684,3.430384171,5.302847004,6.999220367,7.539586526,18.68026991,44.05059548,11.28720058,Vaccini
Vaccini ultimi 23 giorni,0,5330,170866,244231,347127,455257,345829,405034,1736596,373931,4084201,0,0.130502882,4.1835845,5.97989668,8.499263381,11.14678244,8.467482379,9.917092719,42.5198466,9.155548417,Vaccini
Vaccini cumulativi,0,10735,633493,916210,1234256,1595836,1016908,584267,2789224,718364,9499293,0,0.11300841,6.668843671,9.645033583,12.99313538,16.79952392,10.70509142,6.150636684,29.36243782,7.562289109,Vaccini
