Categoria,0-9 anni,10-19 anni,20-29 anni,30-39 anni,40-49 anni,50-59 anni,60-69 anni,70-79 anni,80-89 anni,oltre 90 anni,Tutte le età,0-9 anni,10-19 anni,20-29 anni,30-39 anni,40-49 anni,50-59 anni,60-69 anni,70-79 anni,80-89 anni,oltre 90 anni,Labels
Casi 24 ore,1106,1674,1746,2098,2625,2755,1879,1329,994,307,16513,6.697753285,10.13746745,10.57348756,12.7051414,15.89656634,16.68382487,11.37891358,8.048204445,6.019499788,1.859141283,Casi
Casi ultimi 30 giorni,23332,40627,53049,56167,70337,77122,51349,38173,29877,10283,450316,5.2,9.021886853,11.78039421,12.47279688,15.6194761,17.12619583,11.40288153,8.476936196,6.634674318,2.283507581,Casi
Casi cumulativi,103002,212580,301302,310452,400610,449787,283270,212279,181387,68882,2523551,4.1,8.42384402,11.93960415,12.30218846,15.87485254,17.8235748,11.22505549,8.411916383,7.187768347,2.729566393,Casi
Decessi 24 ore,0,0,0,0,4,12,29,86,178,115,424,0,0,0,0,0.943396226,2.830188679,6.839622642,20.28301887,41.98113208,27.12264151,Decessi
Decessi ultimi 30 giorni,0,0,10,20,109,409,1253,3360,6383,3327,14871,0,0,0.067244973,0.134489947,0.73297021,2.750319414,8.425795172,22.59431108,42.92246655,22.37240266,Decessi
Decessi cumulativi,5,5,45,171,717,2811,8158,21037,35975,17617,86541,0,0.005777608,0.051998475,0.197594204,0.82850903,3.248171387,9.426745704,24.30870917,41.56989173,20.35682509,Decessi
Vaccini 24 ore,0,59,10087,15850,19501,26689,19650,3357,3145,2515,100853,0,0.058500987,10.00168562,15.71594301,19.33606338,26.46326832,19.48380316,3.328606982,3.118400048,2.493728496,Vaccini
Vaccini ultimi 25 giorni,0,1381,171463,271962,336931,458597,289526,59788,82281,65375,1737304,0,0.079490981,9.869487436,15.6542551,19.39389997,26.39704968,16.66524684,3.441424184,4.736131385,3.763014418,Vaccini
Vaccini cumulativi,0,1552,188069,299873,373277,503985,312859,62086,85765,68017,1895483,0,0.081878867,9.921956567,15.82040039,19.69297535,26.58873754,16.50550282,3.275471212,4.524704257,3.58837299,Vaccini
