Categoria,0-9 anni,10-19 anni,20-29 anni,30-39 anni,40-49 anni,50-59 anni,60-69 anni,70-79 anni,80-89 anni,oltre 90 anni,Tutte le età,0-9 anni,10-19 anni,20-29 anni,30-39 anni,40-49 anni,50-59 anni,60-69 anni,70-79 anni,80-89 anni,oltre 90 anni,Labels
Casi 3/3/2021,1198,2133,2135,2338,2994,3138,2104,1470,980,279,18769,6.382865363,11.36448399,11.37513986,12.45671053,15.95183547,16.71905802,11.20997389,7.832063509,5.221375673,1.486493686,Casi
Casi ultimi 25 giorni,25740,41355,40652,44881,58119,58605,37434,26778,17284,4522,355370,7.243155022,11.6371669,11.43934491,12.6293722,16.35450376,16.49126263,10.53380983,7.535244956,4.863663224,1.272476574,Casi
Casi cumulativi,134274,261679,349974,364511,470587,520580,329010,244802,202937,74647,2953001,4.547035372,8.861459918,11.85146906,12.34374794,15.9358903,17.62884605,11.14154719,8.289939624,6.872229302,2.527835243,Casi
Decessi 3/3/2021,0,0,1,0,5,7,30,88,139,70,340,0,0,0.294117647,0,1.470588235,2.058823529,8.823529412,25.88235294,40.88235294,20.58823529,Decessi
Decessi ultimi 25 giorni,1,2,6,8,80,260,769,1914,3230,1580,7850,0.012738854,0.025477707,0.076433121,0.101910828,1.01910828,3.312101911,9.796178344,24.38216561,41.14649682,20.12738854,Decessi
Decessi cumulativi,6,11,51,183,810,3139,9163,23524,40285,19801,96973,0.006187289,0.011343364,0.052591959,0.188712322,0.835284048,3.23698349,9.449021893,24.2582987,41.54249121,20.41908572,Decessi
Vaccini 3/3/2021,0,54,3346,4379,6569,9267,5610,1648,21243,6447,58563,0,0.092208391,5.713505114,7.477417482,11.21698,15.82398443,9.579427283,2.814063487,36.27375647,11.00865734,Vaccini
Vaccini ultimi 25 giorni,0,2138,153281,206245,290307,338486,175682,62261,685216,176026,2089642,0,0.102314176,7.335275612,9.869872447,13.89266678,16.19827703,8.407277419,2.97950558,32.79107139,8.423739569,Vaccini
Vaccini cumulativi,0,4668,415431,603354,786313,1005430,589706,154336,813939,277122,4650299,0,0.100380642,8.933425571,12.97452056,16.90886973,21.6207603,12.68103406,3.318840358,17.50293906,5.959229718,Vaccini
