Categoria,0-9 anni,10-19 anni,20-29 anni,30-39 anni,40-49 anni,50-59 anni,60-69 anni,70-79 anni,80-89 anni,oltre 90 anni,Tutte le età,0-9 anni,10-19 anni,20-29 anni,30-39 anni,40-49 anni,50-59 anni,60-69 anni,70-79 anni,80-89 anni,oltre 90 anni,Labels
Casi 12/4/2021,995,1440,1523,1656,1979,2193,1504,1106,565,147,13108,7.590784254,10.98565761,11.61885871,12.63350626,15.09765029,16.73024107,11.47390906,8.437595362,4.310344828,1.121452548,Casi
Casi ultimi 23 giorni,26729,44128,49754,52275,68823,73779,48118,34572,19768,5125,423071,6.317852086,10.43040057,11.76020101,12.35608208,16.26748229,17.43891687,11.37350468,8.17167804,4.672501779,1.211380596,Casi
Casi cumulativi,185385,345179,442607,462564,599330,657257,416713,307290,239202,83507,3739034,4.958098803,9.231769489,11.83746925,12.37121674,16.02900642,17.57825684,11.14493744,8.218432889,6.397427785,2.233384345,Casi
Decessi 12/4/2021,0,0,0,1,2,18,55,122,96,47,341,0,0,0,0.293255132,0.586510264,5.278592375,16.12903226,35.7771261,28.15249267,13.7829912,Decessi
Decessi ultimi 23 giorni,0,-2,2,15,93,361,1171,2553,3695,1534,9422,0,-0.021226916,0.021226916,0.159201868,0.987051581,3.831458289,12.42835916,27.09615793,39.21672681,16.28104436,Decessi
Decessi cumulativi,6,12,53,209,958,3727,10894,27574,46390,22467,112290,0.005343308,0.010686615,0.047199216,0.186125212,0.853148099,3.319084513,9.701665331,24.5560602,41.31267254,20.00801496,Decessi
Vaccini 12/4/2021,0,644,4401,5654,9252,14516,30132,86531,58256,12000,221386,0,0.290894637,1.987930583,2.553910365,4.179126051,6.556873515,13.61061675,39.08603073,26.31422041,5.420396954,Vaccini
Vaccini ultimi 23 giorni,0,10434,155117,209031,303729,432807,526254,1312198,2143323,398746,5491639,0,0.189997922,2.824603001,3.80634998,5.530753205,7.881199037,9.582822177,23.89446939,39.02884002,7.26096526,Vaccini
Vaccini cumulativi,0,18536,726850,1038115,1418014,1867786,1392098,1612920,4238352,974112,13286783,0,0.139507058,5.470473929,7.813140321,10.67236516,14.05747351,10.47731419,12.13928157,31.89900821,7.331436059,Vaccini
