Categoria,0-9 anni,10-19 anni,20-29 anni,30-39 anni,40-49 anni,50-59 anni,60-69 anni,70-79 anni,80-89 anni,oltre 90 anni,Tutte le età,0-9 anni,10-19 anni,20-29 anni,30-39 anni,40-49 anni,50-59 anni,60-69 anni,70-79 anni,80-89 anni,oltre 90 anni,Labels
Casi in aggiornamento,0,0,0,0,0,0,0,0,0,0,0,#DIV/0!,#DIV/0!,#DIV/0!,#DIV/0!,#DIV/0!,#DIV/0!,#DIV/0!,#DIV/0!,#DIV/0!,#DIV/0!,Casi
Casi ultimi 28 giorni,26273,40267,39845,44672,58060,58660,38004,27220,18462,5048,356511,7.369478081,11.29474266,11.17637324,12.53032866,16.28561251,16.45391026,10.65997964,7.635108033,5.178521841,1.41594509,Casi
Casi cumulativi,128169,251173,339401,353026,456045,505692,319395,238170,198855,73623,2863549,4.475879407,8.771388232,11.85246001,12.32826817,15.92586682,17.65962447,11.15381647,8.317301363,6.944354715,2.571040342,Casi
Decessi in aggiornamento,0,0,0,0,0,0,0,0,0,0,0,#DIV/0!,#DIV/0!,#DIV/0!,#DIV/0!,#DIV/0!,#DIV/0!,#DIV/0!,#DIV/0!,#DIV/0!,#DIV/0!,Decessi
Decessi ultimi 28 giorni,1,2,4,10,83,292,885,2175,3889,2019,9360,0.010683761,0.021367521,0.042735043,0.106837607,0.886752137,3.11965812,9.455128205,23.23717949,41.5491453,21.57051282,Decessi
Decessi cumulativi,6,11,49,181,796,3091,9014,23126,39686,19521,95481,0.006283973,0.011520617,0.051319111,0.189566511,0.833673715,3.237293283,9.440621694,24.22052555,41.56429028,20.44490527,Decessi
Vaccini 26/2/2021,0,41,1925,3012,4735,6005,3002,867,18866,4132,42585,0,0.096278032,4.520371023,7.072912998,11.11893859,14.10120935,7.049430551,2.035928144,44.30198427,9.702947047,Vaccini
Vaccini ultimi 28 giorni,0,2587,198039,258270,338712,401600,227509,80836,488086,152676,2148315,0,0.120419957,9.218340886,12.02198002,15.76640297,18.69372043,10.59011365,3.76276291,22.71948015,7.106779034,Vaccini
Vaccini cumulativi,0,4130,380758,550059,702617,892386,529642,142010,575072,222053,3998727,0,0.10328287,9.52198037,13.7558528,17.57101698,22.31675231,13.24526531,3.551380227,14.38137687,5.553092272,Vaccini
