Categoria,0-9 anni,10-19 anni,20-29 anni,30-39 anni,40-49 anni,50-59 anni,60-69 anni,70-79 anni,80-89 anni,oltre 90 anni,Tutte le età,0-9 anni,10-19 anni,20-29 anni,30-39 anni,40-49 anni,50-59 anni,60-69 anni,70-79 anni,80-89 anni,oltre 90 anni,Labels
Casi 10/2/2022,4492,4412,2531,3793,4552,3520,2024,1258,877,342,27801,16.15769217,15.86993274,9.103989065,13.64339412,16.37351174,12.66141506,7.280313658,4.525017086,3.154562786,1.230171577,Casi
Casi ultimi 28 giorni,14408,31061,32203,25331,25392,21842,12319,7660,4822,1353,176391,8.168217199,17.60917507,18.25660039,14.36071001,14.39529228,12.38271794,6.983916413,4.342625191,2.733699565,0.767045938,Casi
Casi cumulativi,1036563,1500365,1514288,1589837,1904652,1769895,1024750,667192,425428,135413,11568383,8.960310183,12.96953083,13.08988473,13.74294921,16.46428892,15.29941566,8.858195653,5.767374749,3.677506182,1.170543887,Casi
Decessi 10/2/2022,0,0,0,2,0,1,11,24,45,31,114,0,0,0,1.754385965,0,0.877192982,9.649122807,21.05263158,39.47368421,27.19298246,Decessi
Decessi ultimi 28 giorni,0,0,4,12,37,99,211,352,498,245,1458,0,0,0.274348422,0.823045267,2.537722908,6.790123457,14.47187929,24.14266118,34.1563786,16.80384088,Decessi
Decessi cumulativi,17,27,99,357,1411,5463,15347,37003,59086,28702,147512,0.011524486,0.018303596,0.067113184,0.242014209,0.95653235,3.703427518,10.40389934,25.08473887,40.05504637,19.45740008,Decessi
