Categoria,0-9 anni,10-19 anni,20-29 anni,30-39 anni,40-49 anni,50-59 anni,60-69 anni,70-79 anni,80-89 anni,oltre 90 anni,Tutte le età,0-9 anni,10-19 anni,20-29 anni,30-39 anni,40-49 anni,50-59 anni,60-69 anni,70-79 anni,80-89 anni,oltre 90 anni,Labels
Casi in aggiornamento,0,0,0,0,0,0,0,0,0,0,0,#DIV/0!,#DIV/0!,#DIV/0!,#DIV/0!,#DIV/0!,#DIV/0!,#DIV/0!,#DIV/0!,#DIV/0!,#DIV/0!,Casi
Casi ultimi 28 giorni,14408,31061,32203,25331,25392,21842,12319,7660,4822,1353,176391,8.168217199,17.60917507,18.25660039,14.36071001,14.39529228,12.38271794,6.983916413,4.342625191,2.733699565,0.767045938,Casi
Casi cumulativi,257047,474031,570822,576231,726546,775749,488967,352865,261906,89827,4573991,5.619753078,10.36361899,12.47973597,12.59799156,15.88429011,16.96000276,10.69016096,7.714597602,5.725984157,1.963864817,Casi
Decessi in aggiornamento,0,0,0,0,0,0,0,0,0,0,0,#DIV/0!,#DIV/0!,#DIV/0!,#DIV/0!,#DIV/0!,#DIV/0!,#DIV/0!,#DIV/0!,#DIV/0!,#DIV/0!,Decessi
Decessi ultimi 28 giorni,0,0,4,12,37,99,211,352,498,245,1458,0,0,0.274348422,0.823045267,2.537722908,6.790123457,14.47187929,24.14266118,34.1563786,16.80384088,Decessi
Decessi cumulativi,14,17,73,276,1172,4657,13376,32547,51941,24934,129007,0.010852124,0.01317758,0.056586077,0.213941879,0.908477835,3.609881634,10.36842962,25.22886355,40.26215632,19.32763338,Decessi
Vaccini 8/9/2021,0,55713,41376,35836,30793,20797,9750,4954,1647,344,201210,0,27.68898166,20.56359028,17.810248,15.30391134,10.3359674,4.845683614,2.462104269,0.818547786,0.170965658,Vaccini
Vaccini ultimi 28 giorni,0,1618847,1484757,1271466,1097882,752336,385851,162793,48452,9830,6832214,0,23.69432515,21.73171098,18.6098679,16.06919807,11.01159888,5.647525092,2.382726888,0.709169824,0.143877226,Vaccini
Vaccini cumulativi,0,4664948,8367497,8913169,12239098,14600533,12261482,10507738,6828582,1563454,79946501,0,5.835087142,10.4663705,11.14891695,15.30911028,18.26287932,15.337109,13.14346203,8.541439481,1.9556253,Vaccini
