Categoria,0-9 anni,10-19 anni,20-29 anni,30-39 anni,40-49 anni,50-59 anni,60-69 anni,70-79 anni,80-89 anni,oltre 90 anni,Tutte le età,0-9 anni,10-19 anni,20-29 anni,30-39 anni,40-49 anni,50-59 anni,60-69 anni,70-79 anni,80-89 anni,oltre 90 anni,Labels
Casi 24 ore,882,1187,1286,1540,2036,2069,1425,988,763,237,12413,7.10545396,9.562555385,10.36010634,12.40634818,16.40215903,16.66800935,11.4799001,7.959397406,6.1467816,1.909288649,Casi
Casi ultimi 29 giorni,22226,38953,51303,54069,67712,74367,49470,36844,28883,9976,433803,5.1,8.979421535,11.82633592,12.46395253,15.60892848,17.14303497,11.40379389,8.493256155,6.658091346,2.299661367,Casi
Casi cumulativi,101896,210906,299556,308354,397985,447032,281391,210950,180393,68575,2507038,4.1,8.41255697,11.94860229,12.29953435,15.87470952,17.83108194,11.22404208,8.414312029,7.195463332,2.735299585,Casi
Decessi 24 ore,0,0,0,0,5,17,43,109,188,99,461,0,0,0,0,1.084598698,3.687635575,9.327548807,23.64425163,40.78091106,21.47505423,Decessi
Decessi ultimi 29 giorni,0,0,10,20,105,397,1224,3274,6205,3212,14447,0,0,0.069218523,0.138437046,0.72679449,2.747975358,8.4723472,22.66214439,42.95009345,22.23298955,Decessi
Decessi cumulativi,5,5,45,171,713,2799,8129,20951,35797,17502,86117,0,0.005806055,0.052254491,0.198567066,0.827943379,3.250229339,9.439483493,24.32852979,41.56786697,20.32351336,Decessi
Vaccini 24 ore,0,36,5610,10090,12313,16913,9415,1612,2258,2088,60335,0,0.05966686,9.298085688,16.72329494,20.40772354,28.03182233,15.60454131,2.671749399,3.742438054,3.460677882,Vaccini
Vaccini ultimi 24 giorni,0,1287,153973,243291,300767,408988,256233,54265,76204,60175,1555183,0,0.082755534,9.900635488,15.64388242,19.33965328,26.29838418,16.47606745,3.489299973,4.900002122,3.869319559,Vaccini
Vaccini cumulativi,0,1458,170579,271202,337113,454376,279566,56563,79688,62817,1713362,0,0.085095852,9.955806187,15.82864567,19.67552683,26.51955629,16.31680871,3.301287177,4.650972766,3.666300525,Vaccini
