Categoria,0-9 anni,10-19 anni,20-29 anni,30-39 anni,40-49 anni,50-59 anni,60-69 anni,70-79 anni,80-89 anni,oltre 90 anni,Tutte le età,0-9 anni,10-19 anni,20-29 anni,30-39 anni,40-49 anni,50-59 anni,60-69 anni,70-79 anni,80-89 anni,oltre 90 anni,Labels
Casi 29/5/2021,196,369,371,342,413,401,195,115,47,13,2462,7.961007311,14.98781478,15.06904955,13.89114541,16.77497969,16.28757108,7.920389927,4.670999188,1.909017059,0.528025995,Casi
Casi ultimi 28 giorni,19779,25830,22209,25476,31710,28851,18271,10988,4599,1417,189130,10.45788611,13.65727278,11.74271665,13.47009993,16.76624544,15.25458679,9.660550944,5.809760482,2.431660762,0.749220113,Casi
Casi cumulativi,228714,402186,495216,522011,672397,728183,463277,337628,252875,87339,4189826,5.458794709,9.599109844,11.81948845,12.45901381,16.04832754,17.37979095,11.05718949,8.058282134,6.035453501,2.084549573,Casi
Decessi 29/5/2021,0,1,0,1,1,4,10,29,36,13,95,0,1.052631579,0,1.052631579,1.052631579,4.210526316,10.52631579,30.52631579,37.89473684,13.68421053,Decessi
Decessi ultimi 28 giorni,0,4,6,22,61,252,774,1575,1512,642,4848,0,0.082508251,0.123762376,0.45379538,1.258250825,5.198019802,15.96534653,32.48762376,31.18811881,13.24257426,Decessi
Decessi cumulativi,6,18,65,239,1082,4308,12621,31252,50355,24173,124119,0.004834071,0.014502212,0.052369097,0.192557143,0.871744052,3.47086264,10.16846736,25.17906203,40.56993692,19.47566448,Decessi
Vaccini 29/5/2021,0,4920,24423,31342,95961,169619,109280,55078,10271,2610,503504,0,0.977152118,4.850606947,6.224776764,19.05863707,33.68771648,21.70389908,10.93893991,2.03990435,0.518367282,Vaccini
Vaccini ultimi 28 giorni,0,84403,507106,665069,1448257,3338765,4048798,2575130,702098,188264,13557890,0,0.622537873,3.740301773,4.905401947,10.68202353,24.62599269,29.86303916,18.99358971,5.178519666,1.388593653,Vaccini
Vaccini cumulativi,0,124439,1376769,1886279,3176543,5759659,7059361,6875602,6375493,1439147,34073292,0,0.365209795,4.040610458,5.535945866,9.322677128,16.90373504,20.71816542,20.17886032,18.71111544,4.22368053,Vaccini
