Categoria,0-9 anni,10-19 anni,20-29 anni,30-39 anni,40-49 anni,50-59 anni,60-69 anni,70-79 anni,80-89 anni,oltre 90 anni,Tutte le età,0-9 anni,10-19 anni,20-29 anni,30-39 anni,40-49 anni,50-59 anni,60-69 anni,70-79 anni,80-89 anni,oltre 90 anni,Labels
Casi 19/9-21/9/2021,1172,1242,1099,1347,1490,1302,885,543,398,101,9579,12.23509761,12.96586282,11.47301388,14.06201065,15.55485959,13.59223301,9.238960225,5.668650172,4.154922226,1.054389811,Casi
Casi ultimi 28 giorni,14408,31061,32203,25331,25392,21842,12319,7660,4822,1353,176391,8.168217199,17.60917507,18.25660039,14.36071001,14.39529228,12.38271794,6.983916413,4.342625191,2.733699565,0.767045938,Casi
Casi cumulativi,264448,483044,579124,586246,737128,784679,494754,356592,264510,90621,4641146,5.697903061,10.40786047,12.47803883,12.63149231,15.88245662,16.9070096,10.66016885,7.683274777,5.699238938,1.952556545,Casi
Decessi 19/9-21/9/2021,0,0,-2,2,4,5,20,28,32,29,118,0,0,-1.694915254,1.694915254,3.389830508,4.237288136,16.94915254,23.72881356,27.11864407,24.57627119,Decessi
Decessi ultimi 28 giorni,0,0,4,12,37,99,211,352,498,245,1458,0,0,0.274348422,0.823045267,2.537722908,6.790123457,14.47187929,24.14266118,34.1563786,16.80384088,Decessi
Decessi cumulativi,0,5,27,280,1192,4719,13503,32751,52201,25099,129777,0,0.003852763,0.020804919,0.215754718,0.918498655,3.636237546,10.40477126,25.236367,40.22361435,19.34009878,Decessi
Vaccini 20/9/2021,0,51955,48706,48247,42783,32405,13563,6097,2069,356,246181,0,21.10439067,19.78463001,19.59818183,17.37867666,13.1630792,5.509360999,2.476633046,0.840438539,0.144609048,Vaccini
Vaccini ultimi 28 giorni,0,1736953,1441449,1290920,1113986,766570,340953,160289,53478,10656,6915254,0,25.11770356,20.8444838,18.66771633,16.10911183,11.08520381,4.930447963,2.317904736,0.77333385,0.154094123,Vaccini
Vaccini cumulativi,0,5341314,8899759,9422654,12686792,14920336,12397441,10573294,6853109,1568617,82663316,0,6.461528836,10.76627388,11.39883379,15.34754788,18.04952514,14.99751232,12.79079344,8.290387238,1.897597478,Vaccini
