Categoria,0-9 anni,10-19 anni,20-29 anni,30-39 anni,40-49 anni,50-59 anni,60-69 anni,70-79 anni,80-89 anni,oltre 90 anni,Tutte le età,0-9 anni,10-19 anni,20-29 anni,30-39 anni,40-49 anni,50-59 anni,60-69 anni,70-79 anni,80-89 anni,oltre 90 anni,Labels
Casi 11/1/2022,15239,33672,38805,34464,40469,38113,18205,9480,4489,974,233910,6.514898893,14.39528024,16.58971399,14.733872,17.30109871,16.29387371,7.782907956,4.052840836,1.919114189,0.41639947,Casi
Casi ultimi 28 giorni,14408,31061,32203,25331,25392,21842,12319,7660,4822,1353,176391,8.168217199,17.60917507,18.25660039,14.36071001,14.39529228,12.38271794,6.983916413,4.342625191,2.733699565,0.767045938,Casi
Casi cumulativi,487823,859270,1013292,977969,1185885,1178252,710716,486124,323397,105293,7328021,6.656954176,11.72581247,13.82763505,13.34560859,16.18288212,16.0787203,9.698607578,6.633769199,4.413156021,1.436854507,Casi
Decessi 11/1/2022,0,0,0,2,6,12,36,72,102,38,268,0,0,0,0.746268657,2.23880597,4.47761194,13.43283582,26.86567164,38.05970149,14.17910448,Decessi
Decessi ultimi 28 giorni,0,0,4,12,37,99,211,352,498,245,1458,0,0,0.274348422,0.823045267,2.537722908,6.790123457,14.47187929,24.14266118,34.1563786,16.80384088,Decessi
Decessi cumulativi,15,22,82,323,1309,5125,14434,34852,55440,26760,138362,0.010841127,0.015900319,0.059264827,0.233445599,0.946069007,3.70405169,10.43205504,25.18899698,40.06880502,19.34057039,Decessi
