Categoria,0-9 anni,10-19 anni,20-29 anni,30-39 anni,40-49 anni,50-59 anni,60-69 anni,70-79 anni,80-89 anni,oltre 90 anni,Tutte le età,0-9 anni,10-19 anni,20-29 anni,30-39 anni,40-49 anni,50-59 anni,60-69 anni,70-79 anni,80-89 anni,oltre 90 anni,Labels
Casi 23/2/2022,7785,8338,5277,7567,9153,7021,4215,2785,1753,531,54425,14.30408819,15.32016537,9.695911805,13.90353698,16.81763895,12.90032154,7.744602664,5.11713367,3.220946256,0.975654571,Casi
Casi ultimi 28 giorni,14408,31061,32203,25331,25392,21842,12319,7660,4822,1353,176391,8.168217199,17.60917507,18.25660039,14.36071001,14.39529228,12.38271794,6.983916413,4.342625191,2.733699565,0.767045938,Casi
Casi cumulativi,1168868,1636452,1599712,1714788,2050318,1882836,1090690,709232,452235,144253,12449384,9.388962538,13.14484315,12.84972815,13.7740791,16.46923253,15.12392902,8.760995725,5.696924442,3.632589371,1.158715965,Casi
Decessi 23/2/2022,0,0,1,1,5,7,24,64,63,56,221,0,0,0.452488688,0.452488688,2.262443439,3.167420814,10.85972851,28.95927602,28.50678733,25.33936652,Decessi
Decessi ultimi 28 giorni,0,0,4,12,37,99,211,352,498,245,1458,0,0,0.274348422,0.823045267,2.537722908,6.790123457,14.47187929,24.14266118,34.1563786,16.80384088,Decessi
Decessi cumulativi,21,27,105,374,1445,5587,15660,37757,60371,29471,150818,0.013924067,0.017902372,0.069620337,0.24798101,0.958108449,3.704464984,10.38337599,25.03481017,40.02904163,19.540771,Decessi
