Categoria,0-9 anni,10-19 anni,20-29 anni,30-39 anni,40-49 anni,50-59 anni,60-69 anni,70-79 anni,80-89 anni,oltre 90 anni,Tutte le età,0-9 anni,10-19 anni,20-29 anni,30-39 anni,40-49 anni,50-59 anni,60-69 anni,70-79 anni,80-89 anni,oltre 90 anni,Labels
Casi 3/12/2021,1611,1957,1195,1627,2506,2080,1304,943,399,102,13724,11.73856019,14.25969105,8.707373943,11.85514427,18.25998251,15.15593122,9.501603031,6.871174585,2.907315651,0.74322355,Casi
Casi ultimi 28 giorni,14408,31061,32203,25331,25392,21842,12319,7660,4822,1353,176391,8.168217199,17.60917507,18.25660039,14.36071001,14.39529228,12.38271794,6.983916413,4.342625191,2.733699565,0.767045938,Casi
Casi cumulativi,317334,539990,618022,639504,808898,846150,536475,386350,280762,95323,5068808,6.260525157,10.65319499,12.19264963,12.61645736,15.9583476,16.69327384,10.5838493,7.622107604,5.539014301,1.880580207,Casi
Decessi 3/12/2021,0,0,0,-1,0,1,6,15,21,14,56,0,0,0,-1.785714286,0,1.785714286,10.71428571,26.78571429,37.5,25,Decessi
Decessi ultimi 28 giorni,0,0,4,12,37,99,211,352,498,245,1458,0,0,0.274348422,0.823045267,2.537722908,6.790123457,14.47187929,24.14266118,34.1563786,16.80384088,Decessi
Decessi cumulativi,14,20,80,300,1250,4909,13905,33532,53543,25845,133398,0.01049491,0.014992729,0.059970914,0.224890928,0.937045533,3.679965217,10.42369451,25.13680865,40.13778318,19.37435344,Decessi
Vaccini 3/12/2021,0,15945,28467,40043,66004,110408,92967,87542,37814,7409,486599,0,3.276825476,5.850196979,8.22915789,13.56435176,22.68973015,19.10546466,17.99058362,7.7710805,1.522608965,Vaccini
Vaccini ultimi 28 giorni,0,278283,420492,544012,792089,1193125,1317743,1296724,1129225,210779,7182472,0,3.874473858,5.854418924,7.574161097,11.02808337,16.61162062,18.34665001,18.05400703,15.72195478,2.934630306,Vaccini
Vaccini cumulativi,0,6629886,10458500,11282984,14739554,17200645,14341665,12270214,9032919,2002751,97959118,0,6.768013162,10.67639257,11.51805389,15.04663813,17.55900354,14.6404595,12.52585186,9.221110994,2.04447635,Vaccini
