Categoria,0-9 anni,10-19 anni,20-29 anni,30-39 anni,40-49 anni,50-59 anni,60-69 anni,70-79 anni,80-89 anni,oltre 90 anni,Tutte le età,0-9 anni,10-19 anni,20-29 anni,30-39 anni,40-49 anni,50-59 anni,60-69 anni,70-79 anni,80-89 anni,oltre 90 anni,Labels
Casi 10/3/2021,1844,3070,3277,3540,4622,4677,3079,2138,1363,307,27917,6.605294265,10.99688362,11.7383673,12.68044561,16.55622022,16.7532328,11.02912204,7.658416019,4.882329763,1.099688362,Casi
Casi ultimi 25 giorni,28781,47031,48043,51752,66966,67965,43232,30394,18834,4545,407543,7.062076885,11.54013196,11.78844932,12.69853733,16.43164034,16.67676785,10.60796039,7.457863342,4.621352839,1.115219744,Casi
Casi cumulativi,144301,277785,367304,382750,494422,545223,344497,255511,209496,76132,3097421,4.658746744,8.968267472,11.85838154,12.35705447,15.96237644,17.60248284,11.12205929,8.249153086,6.763562331,2.457915795,Casi
Decessi 10/3/2021,0,0,0,2,11,15,51,103,164,69,415,0,0,0,0.481927711,2.65060241,3.614457831,12.28915663,24.81927711,39.51807229,16.62650602,Decessi
Decessi ultimi 25 giorni,0,4,5,12,84,260,752,1916,3304,1598,7935,0,0.050409578,0.063011972,0.151228733,1.058601134,3.276622558,9.47700063,24.14618778,41.63831128,20.13862634,Decessi
Decessi cumulativi,6,14,52,189,835,3219,9373,24121,41430,20365,99604,0.006023854,0.01405566,0.052206739,0.189751416,0.838319746,3.23179792,9.410264648,24.21689892,41.59471507,20.44596603,Decessi
Vaccini 10/3/2021,0,119,7468,10516,15938,19879,11847,3695,61304,13026,143792,0,0.082758429,5.193612997,7.313341493,11.08406587,13.82483031,8.238984088,2.569683988,42.63380438,9.058918438,Vaccini
Vaccini ultimi 25 giorni,0,2748,176706,259241,385299,472017,251966,78314,1063695,256604,2946590,0,0.093260345,5.996965984,8.7980004,13.07609813,16.01909326,8.551104836,2.657784083,36.09918584,8.708507122,Vaccini
Vaccini cumulativi,0,5971,490153,715613,953550,1225033,720411,193690,1260165,386446,5951032,0,0.100335538,8.236436974,12.02502356,16.02327126,20.5852195,12.10564823,3.2547296,21.17557089,6.493764443,Vaccini
