Categoria,0-9 anni,10-19 anni,20-29 anni,30-39 anni,40-49 anni,50-59 anni,60-69 anni,70-79 anni,80-89 anni,oltre 90 anni,Tutte le età,0-9 anni,10-19 anni,20-29 anni,30-39 anni,40-49 anni,50-59 anni,60-69 anni,70-79 anni,80-89 anni,oltre 90 anni,Labels
Casi 21/5/2021,425,643,477,573,708,653,354,213,83,27,4156,10.22617902,15.47160731,11.4773821,13.78729548,17.03561116,15.71222329,8.517805582,5.125120308,1.997112608,0.649663138,Casi
Casi ultimi 27 giorni,26207,32539,28295,33381,40895,37776,24888,15552,6523,2006,248062,10.56469754,13.11728519,11.40642259,13.45671647,16.48579791,15.22845095,10.03297563,6.269400392,2.629584539,0.808668801,Casi
Casi cumulativi,225826,397647,491252,517923,667045,723278,460585,336138,252205,87138,4159037,5.429766554,9.561035403,11.8116766,12.45295485,16.03844832,17.39051612,11.07431841,8.082111316,6.064023956,2.095148468,Casi
Decessi 21/5/2021,0,0,1,1,2,4,20,22,24,17,91,0,0,1.098901099,1.098901099,2.197802198,4.395604396,21.97802198,24.17582418,26.37362637,18.68131868,Decessi
Decessi ultimi 27 giorni,0,3,7,21,63,293,923,1855,1901,853,5919,0,0.050684237,0.11826322,0.35478966,1.064368981,4.9501605,15.59385031,31.33975334,32.11691164,14.41121811,Decessi
Decessi cumulativi,6,16,65,234,1070,4255,12457,30946,50113,24077,123239,0.004868589,0.012982903,0.052743044,0.189874958,0.868231647,3.452640804,10.10800153,25.11055753,40.66326406,19.53683493,Decessi
Vaccini 21/5/2021,0,3412,22776,29459,70305,142178,148268,74865,14388,4283,509934,0,0.669106198,4.466460365,5.777022124,13.78707833,27.88164743,29.07591963,14.6813117,2.821541611,0.839912616,Vaccini
Vaccini ultimi 27 giorni,0,58796,385241,488545,937357,2295443,3843061,3017627,1080631,233940,12340641,0,0.476442026,3.121726011,3.958830015,7.595691342,18.60067885,31.14150229,24.45275736,8.756684519,1.89568759,Vaccini
Vaccini cumulativi,0,88917,1188457,1629315,2529391,4455881,6044290,6354253,6274850,1404500,29969854,0,0.296688132,3.96550814,5.436512971,8.439784191,14.8678769,20.16789938,21.20214867,20.93720577,4.68637585,Vaccini
