Categoria,0-9 anni,10-19 anni,20-29 anni,30-39 anni,40-49 anni,50-59 anni,60-69 anni,70-79 anni,80-89 anni,oltre 90 anni,Tutte le età,0-9 anni,10-19 anni,20-29 anni,30-39 anni,40-49 anni,50-59 anni,60-69 anni,70-79 anni,80-89 anni,oltre 90 anni,Labels
Casi 5/11/2021,737,754,529,763,1033,894,600,478,266,74,6128,12.0267624,12.30417755,8.632506527,12.45104439,16.85704961,14.58877285,9.791122715,7.800261097,4.34073107,1.207571802,Casi
Casi ultimi 28 giorni,14408,31061,32203,25331,25392,21842,12319,7660,4822,1353,176391,8.168217199,17.60917507,18.25660039,14.36071001,14.39529228,12.38271794,6.983916413,4.342625191,2.733699565,0.767045938,Casi
Casi cumulativi,283882,502422,593510,606827,762512,805884,509391,366931,271186,92715,4795260,5.920054387,10.4774715,12.37701397,12.65472571,15.90136927,16.80584577,10.62280252,7.651952136,5.655292935,1.933471803,Casi
Decessi 5/11/2021,0,0,0,0,-1,4,5,8,15,10,41,0,0,0,0,-2.43902439,9.756097561,12.19512195,19.51219512,36.58536585,24.3902439,Decessi
Decessi ultimi 28 giorni,0,0,4,12,37,99,211,352,498,245,1458,0,0,0.274348422,0.823045267,2.537722908,6.790123457,14.47187929,24.14266118,34.1563786,16.80384088,Decessi
Decessi cumulativi,15,21,79,293,1229,4829,13736,33121,52868,25469,131660,0.011392982,0.015950175,0.060003038,0.222542914,0.933464986,3.667780647,10.43293331,25.15646362,40.15494455,19.34452377,Decessi
Vaccini 5/11/2021,0,10403,17626,22793,23591,24154,23464,21923,47725,8027,199706,0,5.209157461,8.825974182,11.41327752,11.81286491,12.09477933,11.74927143,10.97763713,23.89762952,4.019408531,Vaccini
Vaccini ultimi 28 giorni,0,358282,548176,666782,650375,584905,386940,261847,877339,183638,4518284,0,7.929603363,12.13239363,14.75741675,14.39429217,12.94529073,8.563870708,5.795275374,19.41752665,4.064330618,Vaccini
Vaccini cumulativi,0,6348694,10025386,10724852,13931576,15985520,13021388,10969118,7887857,1784948,90679339,0,7.001257475,11.05586577,11.82722781,15.36356148,17.62862431,14.35981795,12.09660119,8.698626486,1.968417525,Vaccini
