Categoria,0-9 anni,10-19 anni,20-29 anni,30-39 anni,40-49 anni,50-59 anni,60-69 anni,70-79 anni,80-89 anni,oltre 90 anni,Tutte le età,0-9 anni,10-19 anni,20-29 anni,30-39 anni,40-49 anni,50-59 anni,60-69 anni,70-79 anni,80-89 anni,oltre 90 anni,Labels
Casi 16/3/2021,1021,1659,1823,1955,2630,2874,1740,1220,681,160,15763,6.477193428,10.52464632,11.56505741,12.40246146,16.68464125,18.23256994,11.0385079,7.739643469,4.320243608,1.015035209,Casi
Casi ultimi 24 giorni,31501,51257,53939,57588,75028,76908,48711,34355,20845,4840,454972,6.923722779,11.26596802,11.85545484,12.65748222,16.49068514,16.90389738,10.70637314,7.551014128,4.581600626,1.063801728,Casi
Casi cumulativi,153191,291943,382741,399230,516086,567923,358688,265643,215373,77430,3228248,4.745329355,9.04338824,11.85599743,12.36676984,15.98656609,17.59229774,11.11091837,8.228704858,6.671513465,2.398514612,Casi
Decessi 16/3/2021,0,0,0,1,6,17,42,123,182,96,467,0,0,0,0.214132762,1.284796574,3.640256959,8.993576017,26.33832976,38.97216274,20.55674518,Decessi
Decessi ultimi 24 giorni,0,4,2,12,84,295,728,1993,3203,1486,7807,0,0.05123607,0.025618035,0.153708211,1.075957474,3.778660177,9.324964775,25.52837197,41.02728321,19.03420008,Decessi
Decessi cumulativi,6,14,51,192,857,3323,9579,24674,42203,20700,101599,0.00590557,0.013779663,0.050197344,0.188978238,0.843512239,3.270701483,9.428242404,24.2856721,41.53879467,20.37421628,Decessi
Vaccini 16/3/2021,0,137,3571,3887,4953,6251,5007,4172,58735,14672,101385,0,0.135128471,3.522217291,3.833900478,4.885338068,6.165606352,4.938600385,4.115007151,57.93263303,14.47156877,Vaccini
Vaccini ultimi 24 giorni,0,3253,187681,278378,419168,539205,309974,106332,1340021,315582,3499594,0,0.09295364,5.362936386,7.954579874,11.97761798,15.40764443,8.857427462,3.038409598,38.29075601,9.017674622,Vaccini
Vaccini cumulativi,0,7003,544825,792616,1064341,1369628,814653,239275,1690741,484383,7007465,0,0.099936282,7.774922886,11.31102332,15.18867379,19.54527065,11.62550223,3.414572888,24.12771238,6.912385577,Vaccini
