Categoria,0-9 anni,10-19 anni,20-29 anni,30-39 anni,40-49 anni,50-59 anni,60-69 anni,70-79 anni,80-89 anni,oltre 90 anni,Tutte le età,0-9 anni,10-19 anni,20-29 anni,30-39 anni,40-49 anni,50-59 anni,60-69 anni,70-79 anni,80-89 anni,oltre 90 anni,Labels
Casi 4/3/2021,1098,1832,1990,2089,2731,2748,1688,1157,691,133,16157,6.795816055,11.33873863,12.31664294,12.92938045,16.90289039,17.00810794,10.44748406,7.160982856,4.276784056,0.823172619,Casi
Casi ultimi 26 giorni,26838,43187,42642,46970,60850,61353,39122,27935,17975,4655,371527,7.223701104,11.62418882,11.47749692,12.64241899,16.37835204,16.51373924,10.53005569,7.518969012,4.83814097,1.252937202,Casi
Casi cumulativi,135372,263511,351964,366600,473318,523328,330698,245959,203628,74780,2969158,4.559272359,8.874940303,11.85400036,12.34693472,15.94115234,17.62546823,11.13777037,8.283796282,6.858105901,2.518559134,Casi
Decessi 4/3/2021,0,0,0,0,1,5,22,53,115,34,230,0,0,0,0,0.434782609,2.173913043,9.565217391,23.04347826,50,14.7826087,Decessi
Decessi ultimi 26 giorni,1,2,6,8,81,265,791,1967,3345,1614,8080,0.012376238,0.024752475,0.074257426,0.099009901,1.002475248,3.27970297,9.78960396,24.34405941,41.39851485,19.97524752,Decessi
Decessi cumulativi,6,11,51,183,811,3144,9185,23577,40400,19835,97203,0.006172649,0.011316523,0.052467516,0.188265794,0.834336389,3.234468072,9.449296832,24.25542422,41.56250321,20.40574879,Decessi
Vaccini 4/3/2021,0,39,3670,4714,6909,9816,6083,2299,22301,6660,62491,0,0.062408987,5.87284569,7.543486262,11.05599206,15.70786193,9.734201725,3.678929766,35.68673889,10.65753468,Vaccini
Vaccini ultimi 26 giorni,0,2282,164461,222375,314032,371806,196416,68256,745706,194437,2279771,0,0.100097773,7.213926311,9.754269179,13.77471685,16.30891875,8.615602181,2.993984922,32.70968882,8.528795217,Vaccini
Vaccini cumulativi,0,4812,426807,619770,810391,1039181,610663,160348,874452,295569,4841993,0,0.099380565,8.814696758,12.79989459,16.73672391,21.46184433,12.61181088,3.311611562,18.05975349,6.104283918,Vaccini
