Categoria,0-9 anni,10-19 anni,20-29 anni,30-39 anni,40-49 anni,50-59 anni,60-69 anni,70-79 anni,80-89 anni,oltre 90 anni,Tutte le età,0-9 anni,10-19 anni,20-29 anni,30-39 anni,40-49 anni,50-59 anni,60-69 anni,70-79 anni,80-89 anni,oltre 90 anni,Labels
Casi 9/11/2021,928,1090,807,1064,1478,1250,882,655,336,118,8608,10.78066914,12.66263941,9.375,12.3605948,17.17007435,14.52137546,10.24628253,7.609200743,3.903345725,1.370817844,Casi
Casi ultimi 28 giorni,14408,31061,32203,25331,25392,21842,12319,7660,4822,1353,176391,8.168217199,17.60917507,18.25660039,14.36071001,14.39529228,12.38271794,6.983916413,4.342625191,2.733699565,0.767045938,Casi
Casi cumulativi,286346,505107,595501,609564,766361,809249,511706,368630,272129,93003,4817596,5.943752859,10.4846276,12.36095762,12.6528667,15.90753978,16.79777632,10.62160463,7.651741657,5.648647168,1.930485661,Casi
Decessi 9/11/2021,0,0,0,1,2,6,6,12,23,8,58,0,0,0,1.724137931,3.448275862,10.34482759,10.34482759,20.68965517,39.65517241,13.79310345,Decessi
Decessi ultimi 28 giorni,0,0,4,12,37,99,211,352,498,245,1458,0,0,0.274348422,0.823045267,2.537722908,6.790123457,14.47187929,24.14266118,34.1563786,16.80384088,Decessi
Decessi cumulativi,15,21,78,294,1234,4837,13756,33159,52925,25498,131817,0.011379412,0.015931177,0.059172944,0.223036482,0.936146324,3.669481175,10.43567977,25.15532898,40.15035997,19.34348377,Decessi
Vaccini 9/11/2021,0,8334,14847,17667,18605,20411,26027,27080,46025,7768,186764,0,4.462316078,7.949604849,9.459531816,9.961769934,10.92876572,13.93576921,14.49958236,24.64340023,4.159259815,Vaccini
Vaccini ultimi 28 giorni,0,320527,511011,622150,613474,572372,424793,321513,948698,192082,4526620,0,7.08093456,11.28901918,13.74425068,13.55258449,12.64457807,9.384330914,7.102716817,20.95819839,4.243386898,Vaccini
Vaccini cumulativi,0,6383239,10077169,10787968,13997088,16055671,13098970,11048110,8036358,1810087,91294660,0,6.991908399,11.03807057,11.81664733,15.33177077,17.58664855,14.34801334,12.10159499,8.802659433,1.982686611,Vaccini
