Categoria,0-9 anni,10-19 anni,20-29 anni,30-39 anni,40-49 anni,50-59 anni,60-69 anni,70-79 anni,80-89 anni,oltre 90 anni,Tutte le età,0-9 anni,10-19 anni,20-29 anni,30-39 anni,40-49 anni,50-59 anni,60-69 anni,70-79 anni,80-89 anni,oltre 90 anni,Labels
Casi 25/9/2021,371,398,321,429,465,360,262,190,114,27,2937,12.63193735,13.55124276,10.92951992,14.60674157,15.83248212,12.25740552,8.920667348,6.469186244,3.881511747,0.919305414,Casi
Casi ultimi 28 giorni,14408,31061,32203,25331,25392,21842,12319,7660,4822,1353,176391,8.168217199,17.60917507,18.25660039,14.36071001,14.39529228,12.38271794,6.983916413,4.342625191,2.733699565,0.767045938,Casi
Casi cumulativi,266380,485079,580931,588525,739577,786642,496064,357597,265135,90792,4656722,5.720332887,10.41674809,12.47510588,12.63818197,15.88192295,16.89261244,10.65264364,7.679157141,5.693597342,1.949697663,Casi
Decessi 25/9/2021,0,0,0,0,1,1,4,6,12,5,29,0,0,0,0,3.448275862,3.448275862,13.79310345,20.68965517,41.37931034,17.24137931,Decessi
Decessi ultimi 28 giorni,0,0,4,12,37,99,211,352,498,245,1458,0,0,0.274348422,0.823045267,2.537722908,6.790123457,14.47187929,24.14266118,34.1563786,16.80384088,Decessi
Decessi cumulativi,15,19,76,287,1196,4731,13532,32801,52279,25145,130081,0.011531277,0.014606284,0.058425135,0.22063176,0.919427126,3.63696466,10.40274906,25.21582706,40.18957419,19.33026345,Decessi
Vaccini 25/9/2021,0,42062,29755,35457,34034,27085,9514,3584,1342,243,183076,0,22.97515786,16.25281304,19.36736656,18.59009373,14.79440232,5.196748891,1.957656929,0.733028906,0.132731762,Vaccini
Vaccini ultimi 28 giorni,0,1668058,1343090,1250210,1093554,769985,333215,155383,53429,10712,6677636,0,24.97976829,20.11325565,18.72234425,16.37636433,11.53080222,4.99001443,2.326916292,0.800118485,0.160416051,Vaccini
Vaccini cumulativi,0,5591271,9107096,9642297,12890183,15080543,12464048,10603390,6864940,1571109,83814877,0,6.6709768,10.86572733,11.50427865,15.37934966,17.99268046,14.8709256,12.6509641,8.19059843,1.874498963,Vaccini
