Categoria,0-9 anni,10-19 anni,20-29 anni,30-39 anni,40-49 anni,50-59 anni,60-69 anni,70-79 anni,80-89 anni,oltre 90 anni,Tutte le età,0-9 anni,10-19 anni,20-29 anni,30-39 anni,40-49 anni,50-59 anni,60-69 anni,70-79 anni,80-89 anni,oltre 90 anni,Labels
Casi 12/4/2021,995,1440,1523,1656,1979,2193,1504,1106,565,147,13108,7.590784254,10.98565761,11.61885871,12.63350626,15.09765029,16.73024107,11.47390906,8.437595362,4.310344828,1.121452548,Casi
Casi ultimi 23 giorni,26729,44128,49754,52275,68823,73779,48118,34572,19768,5125,423071,6.317852086,10.43040057,11.76020101,12.35608208,16.26748229,17.43891687,11.37350468,8.17167804,4.672501779,1.211380596,Casi
Casi cumulativi,185385,345179,442607,462564,599330,657257,416713,307290,239202,83507,3739034,4.958098803,9.231769489,11.83746925,12.37121674,16.02900642,17.57825684,11.14493744,8.218432889,6.397427785,2.233384345,Casi
Decessi 12/4/2021,0,0,0,1,2,18,55,122,96,47,341,0,0,0,0.293255132,0.586510264,5.278592375,16.12903226,35.7771261,28.15249267,13.7829912,Decessi
Decessi ultimi 23 giorni,0,-2,2,15,93,361,1171,2553,3695,1534,9422,0,-0.021226916,0.021226916,0.159201868,0.987051581,3.831458289,12.42835916,27.09615793,39.21672681,16.28104436,Decessi
Decessi cumulativi,6,12,53,209,958,3727,10894,27574,46390,22467,112290,0.005343308,0.010686615,0.047199216,0.186125212,0.853148099,3.319084513,9.701665331,24.5560602,41.31267254,20.00801496,Decessi
Vaccini 12/4/2021,0,151,1332,1717,2845,4532,8753,27088,23187,5143,74748,0,0.202012094,1.781987478,2.297051426,3.806121903,6.063038476,11.71001231,36.2390967,31.02022797,6.880451651,Vaccini
Vaccini ultimi 23 giorni,0,9914,151815,204733,296732,421951,503596,1249270,2103498,390316,5331825,0,0.185940086,2.847336512,3.839829702,5.565298936,7.913819377,9.445096191,23.43043892,39.45174495,7.320495328,Vaccini
Vaccini cumulativi,0,18016,723498,1033717,1410870,1856760,1369341,1549933,4197949,965374,13125458,0,0.137259972,5.512173366,7.875664224,10.74911062,14.14624922,10.43271023,11.80860127,31.98325727,7.354973823,Vaccini
