Categoria,0-9 anni,10-19 anni,20-29 anni,30-39 anni,40-49 anni,50-59 anni,60-69 anni,70-79 anni,80-89 anni,oltre 90 anni,Tutte le età,0-9 anni,10-19 anni,20-29 anni,30-39 anni,40-49 anni,50-59 anni,60-69 anni,70-79 anni,80-89 anni,oltre 90 anni,Labels
Casi 19/6/2021,85,131,184,193,185,169,84,47,31,10,1119,7.596067918,11.70688114,16.4432529,17.24754245,16.53261841,15.10277033,7.506702413,4.200178731,2.770330652,0.893655049,Casi
Casi ultimi 28 giorni,6428,10306,9946,9919,12114,10807,5759,3231,1572,518,70600,9.104815864,14.59773371,14.0878187,14.04957507,17.15864023,15.30736544,8.157223796,4.576487252,2.226628895,0.733711048,Casi
Casi cumulativi,232596,408457,501619,528285,679720,734632,466657,339535,253842,87670,4233013,5.494809489,9.649320708,11.85016441,12.48011759,16.05759302,17.35482504,11.0242279,8.021118763,5.996721484,2.071101601,Casi
Decessi 19/6/2021,0,0,0,0,0,3,5,4,7,5,24,0,0,0,0,0,12.5,20.83333333,16.66666667,29.16666667,20.83333333,Decessi
Decessi ultimi 28 giorni,2,-2,2,21,46,208,541,888,841,382,2929,0.06828269,-0.06828269,0.06828269,0.716968249,1.570501878,7.101399795,18.47046774,30.31751451,28.71287129,13.04199385,Decessi
Decessi cumulativi,12,15,67,255,1119,4470,13009,31865,50991,24469,126272,0.009503294,0.011879118,0.053060061,0.201945008,0.88618221,3.539977192,10.30236315,25.23520654,40.38187405,19.37800938,Decessi
Vaccini 19/6/2021,0,18441,58868,72943,109175,114783,79053,49021,6485,1323,510092,0,3.615230194,11.54066325,14.29996942,21.40300181,22.50241133,15.49779256,9.610227175,1.271339288,0.259364977,Vaccini
Vaccini ultimi 28 giorni,0,433330,1241438,1634120,3247337,4266303,2349667,1376593,245692,74309,14868789,0,2.914359737,8.349287894,10.99026962,21.83995617,28.69300923,15.80267902,9.258272479,1.652400878,0.499764977,Vaccini
Vaccini cumulativi,0,526447,2467913,3324182,5900854,8923499,8579468,7821089,6543945,1491872,45579269,0,1.155014136,5.414551515,7.293188489,12.94635506,19.57797744,18.82318034,17.15931205,14.35728379,3.27313718,Vaccini
