Categoria,0-9 anni,10-19 anni,20-29 anni,30-39 anni,40-49 anni,50-59 anni,60-69 anni,70-79 anni,80-89 anni,oltre 90 anni,Tutte le età,0-9 anni,10-19 anni,20-29 anni,30-39 anni,40-49 anni,50-59 anni,60-69 anni,70-79 anni,80-89 anni,oltre 90 anni,Labels
Casi 13/7/2021,83,362,342,197,146,114,29,32,-3,2,1304,6.365030675,27.7607362,26.22699387,15.10736196,11.19631902,8.742331288,2.22392638,2.45398773,-0.23006135,0.153374233,Casi
Casi ultimi 28 giorni,2883,5039,5952,5109,5725,4891,2461,1503,785,244,34592,8.334296947,14.5669519,17.20629047,14.76931082,16.55006938,14.13910731,7.114361702,4.344935245,2.269310823,0.705365402,Casi
Casi cumulativi,234094,412595,506680,531531,682876,737253,467996,340356,254284,87783,4255448,5.501042428,9.695688915,11.90661947,12.49060028,16.04710009,17.3249209,10.99757299,7.998123817,5.975493062,2.062838037,Casi
Decessi 13/7/2021,0,0,0,1,1,1,3,15,17,6,44,0,0,0,2.272727273,2.272727273,2.272727273,6.818181818,34.09090909,38.63636364,13.63636364,Decessi
Decessi ultimi 28 giorni,3,-1,3,14,39,174,420,679,715,336,2382,0.125944584,-0.041981528,0.125944584,0.587741394,1.637279597,7.304785894,17.63224181,28.5054576,30.01679261,14.10579345,Decessi
Decessi cumulativi,12,16,69,260,1123,4520,13098,32025,51211,24572,126906,0.009455818,0.012607757,0.054370952,0.20487605,0.884906939,3.561691331,10.32102501,25.23521347,40.35348998,19.36236269,Decessi
Vaccini 13/7/2021,0,29453,58200,71900,131029,131996,77219,51397,3575,867,555636,0,5.300772448,10.47448329,12.94012627,23.58180535,23.75584015,13.89740766,9.250120583,0.643406835,0.156037406,Vaccini
Vaccini ultimi 28 giorni,0,917469,1924528,2000347,2864593,3474260,1978204,1910273,163972,41095,15274741,0,6.006445543,12.59941494,13.09578342,18.75379098,22.74513198,12.95081861,12.50609094,1.07348465,0.269038932,Vaccini
Vaccini cumulativi,0,1443471,4144813,5006332,8300584,11947751,10223130,9512752,6682588,1528440,58789861,0,2.455306026,7.050217384,8.515638436,14.11907404,20.32280872,17.38927398,16.18093977,11.3669056,2.59983605,Vaccini
