Categoria,0-9 anni,10-19 anni,20-29 anni,30-39 anni,40-49 anni,50-59 anni,60-69 anni,70-79 anni,80-89 anni,oltre 90 anni,Tutte le età,0-9 anni,10-19 anni,20-29 anni,30-39 anni,40-49 anni,50-59 anni,60-69 anni,70-79 anni,80-89 anni,oltre 90 anni,Labels
Casi 24 ore,701,1148,1358,1424,1878,2004,1379,939,674,257,11762,5.95987077,9.760244856,11.5456555,12.10678456,15.96667233,17.03791872,11.72419657,7.983336167,5.730317973,2.185002551,Casi
Casi ultimi 22 giorni,16333,30697,41878,43623,54025,59574,39692,29624,23171,7981,346598,4.7,8.856658146,12.08258559,12.5860507,15.58722208,17.18821228,11.45188374,8.547077594,6.685266505,2.302667644,Casi
Casi cumulativi,96003,202650,290131,297908,384298,432239,271613,203730,174681,66580,2419833,4,8.374544855,11.98971169,12.3110975,15.88117858,17.86234835,11.22445227,8.419176034,7.218721292,2.751429541,Casi
Decessi 24 ore,0,0,0,4,3,10,33,100,207,98,455,0,0,0,0.879120879,0.659340659,2.197802198,7.252747253,21.97802198,45.49450549,21.53846154,Decessi
Decessi ultimi 22 giorni,0,0,9,18,87,317,956,2607,4927,2523,11444,0,0,0.078643831,0.157287662,0.760223698,2.770010486,8.353722475,22.78049633,43.05312828,22.04648724,Decessi
Decessi cumulativi,5,5,44,169,695,2719,7861,20284,34519,16813,83114,0,0.006015834,0.052939336,0.203335178,0.836200881,3.271410352,9.458093703,24.40503405,41.53211252,20.22884231,Decessi
Vaccini 24 ore,0,-291,709,3378,2810,4188,4506,1006,1308,1156,18770,0,-1.550346297,3.777304209,17.99680341,14.97069792,22.31220032,24.00639318,5.359616409,6.968566862,6.158763985,Vaccini
Vaccini ultimi 18 giorni,0,1143,119151,179068,222929,303120,190961,44462,63259,48773,1172866,0,0.097453588,10.15896104,15.26755827,19.00720116,25.84438461,16.2815701,3.790884892,5.393540268,4.158446063,Vaccini
Vaccini cumulativi,0,1314,135757,206979,259275,348508,214294,46760,66743,51415,1331045,0,0.098719427,10.19927951,15.55011288,19.47905593,26.18303664,16.09968108,3.513029236,5.014330845,3.862754452,Vaccini
