Categoria,0-9 anni,10-19 anni,20-29 anni,30-39 anni,40-49 anni,50-59 anni,60-69 anni,70-79 anni,80-89 anni,oltre 90 anni,Tutte le età,0-9 anni,10-19 anni,20-29 anni,30-39 anni,40-49 anni,50-59 anni,60-69 anni,70-79 anni,80-89 anni,oltre 90 anni,Labels
Casi 16/7/2021,113,706,734,327,256,211,111,51,34,8,2551,4.429635437,27.6754214,28.77303018,12.81850255,10.03528028,8.27126617,4.35123481,1.999215994,1.332810662,0.313602509,Casi
Casi ultimi 27 giorni,1774,5732,6692,4056,3798,3224,1627,980,538,132,28553,6.21300739,20.07494834,23.43711694,14.20516233,13.30157952,11.29128288,5.698175323,3.432213778,1.884215319,0.462298182,Casi
Casi cumulativi,234370,414189,508311,532341,683518,737856,468284,340515,254380,87802,4261566,5.499621501,9.719173656,11.92779837,12.4916756,16.0391274,17.31419858,10.98854271,7.990372553,5.969167203,2.060322426,Casi
Decessi 16/7/2021,0,0,0,-1,1,1,0,9,7,5,22,0,0,0,-4.545454545,4.545454545,4.545454545,0,40.90909091,31.81818182,22.72727273,Decessi
Decessi ultimi 27 giorni,0,1,2,3,10,69,107,218,286,127,823,0,0.121506683,0.243013366,0.364520049,1.215066829,8.383961118,13.00121507,26.48845687,34.7509113,15.43134872,Decessi
Decessi cumulativi,12,16,69,258,1129,4539,13116,32083,51277,24596,127095,0.009441756,0.012589008,0.054290098,0.202997758,0.888311893,3.57134427,10.31983949,25.24332192,40.34541091,19.35245289,Decessi
Vaccini 16/7/2021,0,38876,74339,86884,146019,105667,74716,47900,3142,815,578358,0,6.721788235,12.85345755,15.0225293,25.24716525,18.27017176,12.91864209,8.282067508,0.543262132,0.14091618,Vaccini
Vaccini ultimi 27 giorni,0,933666,1875567,1917253,2792073,3333034,1851565,1837677,141625,35193,14717653,0,6.343851156,12.74365553,13.02689362,18.97091201,22.64650485,12.58057246,12.48620959,0.962279787,0.239121007,Vaccini
Vaccini cumulativi,0,1557596,4364724,5265405,8726863,12296197,10457121,9676902,6694616,1531879,60571303,0,2.571508161,7.205927203,8.692903635,14.40758671,20.30036732,17.26415065,15.97605057,11.05245499,2.529050762,Vaccini
