Categoria,0-9 anni,10-19 anni,20-29 anni,30-39 anni,40-49 anni,50-59 anni,60-69 anni,70-79 anni,80-89 anni,oltre 90 anni,Tutte le età,0-9 anni,10-19 anni,20-29 anni,30-39 anni,40-49 anni,50-59 anni,60-69 anni,70-79 anni,80-89 anni,oltre 90 anni,Labels
Casi 10/1/2022,6726,13250,15300,13501,15056,13567,6602,3615,1668,401,89686,7.499498249,14.77376625,17.05951877,15.05363156,16.78745847,15.12722164,7.361238097,4.030729434,1.859822046,0.447115492,Casi
Casi ultimi 28 giorni,14408,31061,32203,25331,25392,21842,12319,7660,4822,1353,176391,8.168217199,17.60917507,18.25660039,14.36071001,14.39529228,12.38271794,6.983916413,4.342625191,2.733699565,0.767045938,Casi
Casi cumulativi,472584,825598,974487,943505,1145416,1140139,692511,476644,318908,104319,7094111,6.661638083,11.63779366,13.73656262,13.29983419,16.14601181,16.07162617,9.761772828,6.71886865,4.495390613,1.470501378,Casi
Decessi 10/1/2022,0,0,1,2,5,12,27,49,77,42,215,0,0,0.465116279,0.930232558,2.325581395,5.581395349,12.55813953,22.79069767,35.81395349,19.53488372,Decessi
Decessi ultimi 28 giorni,0,0,4,12,37,99,211,352,498,245,1458,0,0,0.274348422,0.823045267,2.537722908,6.790123457,14.47187929,24.14266118,34.1563786,16.80384088,Decessi
Decessi cumulativi,15,22,82,321,1303,5113,14398,34780,55338,26722,138094,0.010862166,0.015931177,0.059379843,0.23245036,0.943560184,3.702550437,10.42623141,25.18574304,40.0727041,19.35058728,Decessi
