Categoria,0-9 anni,10-19 anni,20-29 anni,30-39 anni,40-49 anni,50-59 anni,60-69 anni,70-79 anni,80-89 anni,oltre 90 anni,Tutte le età,0-9 anni,10-19 anni,20-29 anni,30-39 anni,40-49 anni,50-59 anni,60-69 anni,70-79 anni,80-89 anni,oltre 90 anni,Labels
Casi 5/7/2021,80,231,244,120,134,96,48,38,28,8,1027,7.789678676,22.49269718,23.75851996,11.68451801,13.04771178,9.347614411,4.673807205,3.700097371,2.726387537,0.778967868,Casi
Casi ultimi 28 giorni,2883,5039,5952,5109,5725,4891,2461,1503,785,244,34592,8.334296947,14.5669519,17.20629047,14.76931082,16.55006938,14.13910731,7.114361702,4.344935245,2.269310823,0.705365402,Casi
Casi cumulativi,233557,410560,504309,530214,681758,736310,467520,340101,254173,87759,4246261,5.500297791,9.668741512,11.87654268,12.48660881,16.05548976,17.34019647,11.01015694,8.009422878,5.985807278,2.066735888,Casi
Decessi 5/7/2021,-1,-1,0,1,-3,-1,4,8,12,6,25,-4,-4,0,4,-12,-4,16,32,48,24,Decessi
Decessi ultimi 28 giorni,3,-1,3,14,39,174,420,679,715,336,2382,0.125944584,-0.041981528,0.125944584,0.587741394,1.637279597,7.304785894,17.63224181,28.5054576,30.01679261,14.10579345,Decessi
Decessi cumulativi,12,16,69,258,1117,4497,13068,31985,51142,24544,126708,0.009470594,0.012627458,0.054455914,0.203617767,0.88155444,3.549105029,10.31347665,25.24307857,40.36209237,19.3705212,Decessi
Vaccini 5/7/2021,0,32199,65138,55544,95143,121077,62651,75378,4380,890,512400,0,6.283957845,12.71233411,10.83996877,18.56811085,23.6293911,12.22697112,14.71077283,0.854800937,0.173692428,Vaccini
Vaccini ultimi 28 giorni,0,867648,1902283,2187820,3129900,3442952,1888884,1704397,190531,50073,15364488,0,5.647099988,12.38103736,14.2394592,20.37100097,22.4085046,12.29382977,11.09309337,1.240073864,0.32590087,Vaccini
Vaccini cumulativi,0,1173064,3649982,4525574,7392399,10861705,9640915,8960663,6647659,1519524,54371485,0,2.157498549,6.713044531,8.32343277,13.59609545,19.9768408,17.73156462,16.48044559,12.22637013,2.794707557,Vaccini
