Categoria,0-9 anni,10-19 anni,20-29 anni,30-39 anni,40-49 anni,50-59 anni,60-69 anni,70-79 anni,80-89 anni,oltre 90 anni,Tutte le età,0-9 anni,10-19 anni,20-29 anni,30-39 anni,40-49 anni,50-59 anni,60-69 anni,70-79 anni,80-89 anni,oltre 90 anni,Labels
Casi 14/4/2021,1213,1907,1967,2068,2606,2851,1933,1366,741,179,16831,7.206939576,11.33028341,11.68676846,12.28685164,15.48333432,16.93898164,11.48476026,8.115976472,4.402590458,1.063513754,Casi
Casi ultimi 25 giorni,29179,47897,53620,56472,74058,79465,51949,37270,21130,5484,456524,6.391558823,10.49167185,11.74527517,12.36999588,16.22214823,17.40653284,11.37924841,8.163864331,4.628453269,1.201251194,Casi
Casi cumulativi,187835,348948,446473,466761,604565,662943,420544,309988,240564,83866,3772487,4.979076137,9.249813187,11.83497783,12.37276629,16.02563508,17.57310231,11.14765936,8.217072716,6.376801298,2.223095799,Casi
Decessi 14/4/2021,0,0,2,1,2,26,66,130,160,80,467,0,0,0.428265525,0.214132762,0.428265525,5.56745182,14.13276231,27.8372591,34.26124197,17.13062099,Decessi
Decessi ultimi 25 giorni,0,-2,4,16,97,402,1293,2842,4048,1685,10385,0,-0.019258546,0.038517092,0.154068368,0.93403948,3.870967742,12.45064998,27.36639384,38.97929706,16.22532499,Decessi
Decessi cumulativi,6,12,55,210,962,3768,11016,27863,46743,22618,113253,0.005297873,0.010595746,0.048563835,0.185425552,0.849425622,3.327064184,9.726894652,24.60243879,41.27307886,19.97121489,Decessi
Vaccini 14/4/2021,0,348,3226,4117,7082,11633,26940,86008,54181,8368,201903,0,0.172359995,1.597796962,2.039097983,3.507624949,5.761677637,13.34304097,42.59867362,26.83516342,4.144564469,Vaccini
Vaccini ultimi 25 giorni,0,11416,163638,220350,322223,463135,596384,1557546,2275594,422910,6033196,0,0.189219777,2.712293783,3.65229308,5.340834278,7.676445453,9.885042687,25.8162672,37.71788618,7.009717569,Vaccini
Vaccini cumulativi,0,19520,735477,1049609,1436777,1898478,1462382,1858355,4371745,998666,13831009,0,0.141132147,5.317594689,7.588810043,10.38808521,13.72624369,10.5732127,13.43614916,31.60828686,7.220485505,Vaccini
