Categoria,0-9 anni,10-19 anni,20-29 anni,30-39 anni,40-49 anni,50-59 anni,60-69 anni,70-79 anni,80-89 anni,oltre 90 anni,Tutte le età,0-9 anni,10-19 anni,20-29 anni,30-39 anni,40-49 anni,50-59 anni,60-69 anni,70-79 anni,80-89 anni,oltre 90 anni,Labels
Casi 7/2-9/2/2022,32587,30811,19010,28329,34543,26830,15089,9425,6428,2304,205356,15.86854049,15.00370089,9.257094996,13.79506808,16.82103274,13.06511619,7.347727848,4.589590759,3.130173942,1.12195407,Casi
Casi ultimi 28 giorni,14408,31061,32203,25331,25392,21842,12319,7660,4822,1353,176391,8.168217199,17.60917507,18.25660039,14.36071001,14.39529228,12.38271794,6.983916413,4.342625191,2.733699565,0.767045938,Casi
Casi cumulativi,1032071,1495953,1511757,1586044,1900100,1766375,1022726,665934,424551,135071,11540582,8.942971854,12.96254383,13.09948666,13.74318904,16.4645076,15.30577054,8.861996735,5.77036756,3.678765941,1.170400245,Casi
Decessi 7/2-9/2/2022,0,0,2,3,9,33,98,220,401,237,1003,0,0,0.199401795,0.299102692,0.897308076,3.290129611,9.770687936,21.93419741,39.98005982,23.62911266,Decessi
Decessi ultimi 28 giorni,0,0,4,12,37,99,211,352,498,245,1458,0,0,0.274348422,0.823045267,2.537722908,6.790123457,14.47187929,24.14266118,34.1563786,16.80384088,Decessi
Decessi cumulativi,17,27,99,355,1411,5462,15336,36979,59041,28671,147398,0.011533399,0.018317752,0.06716509,0.240844516,0.957272148,3.705613373,10.4044831,25.08785737,40.055496,19.45141725,Decessi
