Categoria,0-9 anni,10-19 anni,20-29 anni,30-39 anni,40-49 anni,50-59 anni,60-69 anni,70-79 anni,80-89 anni,oltre 90 anni,Tutte le età,0-9 anni,10-19 anni,20-29 anni,30-39 anni,40-49 anni,50-59 anni,60-69 anni,70-79 anni,80-89 anni,oltre 90 anni,Labels
Casi 24/2/2022,1638,1929,1320,1826,2157,1807,982,702,482,147,12990,12.60969977,14.84988453,10.16166282,14.0569669,16.60508083,13.91070054,7.559661278,5.404157044,3.710546574,1.131639723,Casi
Casi ultimi 28 giorni,14408,31061,32203,25331,25392,21842,12319,7660,4822,1353,176391,8.168217199,17.60917507,18.25660039,14.36071001,14.39529228,12.38271794,6.983916413,4.342625191,2.733699565,0.767045938,Casi
Casi cumulativi,1170506,1638381,1601032,1716614,2052475,1884643,1091672,709934,452717,144400,12462374,9.392319633,13.14662038,12.84692628,13.77437397,16.46937413,15.12266443,8.759743529,5.69661928,3.632670629,1.158687743,Casi
Decessi 24/2/2022,0,0,1,0,0,4,10,14,53,36,118,0,0,0.847457627,0,0,3.389830508,8.474576271,11.86440678,44.91525424,30.50847458,Decessi
Decessi ultimi 28 giorni,0,0,4,12,37,99,211,352,498,245,1458,0,0,0.274348422,0.823045267,2.537722908,6.790123457,14.47187929,24.14266118,34.1563786,16.80384088,Decessi
Decessi cumulativi,21,27,106,374,1445,5591,15670,37771,60424,29507,150936,0.013913182,0.017888377,0.070228441,0.247787142,0.957359411,3.704219007,10.38188371,25.0245137,40.03286161,19.54934542,Decessi
