Categoria,0-9 anni,10-19 anni,20-29 anni,30-39 anni,40-49 anni,50-59 anni,60-69 anni,70-79 anni,80-89 anni,oltre 90 anni,Tutte le età,0-9 anni,10-19 anni,20-29 anni,30-39 anni,40-49 anni,50-59 anni,60-69 anni,70-79 anni,80-89 anni,oltre 90 anni,Labels
Casi 2/5/2021,727,887,770,931,1157,1087,676,424,209,47,6915,10.51337672,12.82718727,11.1352133,13.46348518,16.73174259,15.71945047,9.775849602,6.131597975,3.02241504,0.679681851,Casi
Casi ultimi 22 giorni,26267,35022,34446,38301,46688,47715,32084,22033,10470,2764,295790,8.88028669,11.84015687,11.64542412,12.94871361,15.7841712,16.13137699,10.84688461,7.448865749,3.539673417,0.934446736,Casi
Casi cumulativi,209662,377243,473777,497466,641844,700419,445682,327064,248485,85969,4007611,5.231595582,9.413164102,11.82193082,12.41303111,16.01562627,17.47722022,11.12088973,8.161071521,6.200327327,2.145143329,Casi
Decessi 2/5/2021,0,0,0,0,1,4,16,35,36,10,102,0,0,0,0,0.980392157,3.921568627,15.68627451,34.31372549,35.29411765,9.803921569,Decessi
Decessi ultimi 22 giorni,0,2,6,9,66,357,1040,2317,2670,1159,7626,0,0.026226069,0.078678206,0.118017309,0.865460268,4.681353265,13.63755573,30.3829006,35.01180173,15.19800682,Decessi
Decessi cumulativi,6,14,59,217,1022,4060,11863,29712,48879,23541,119373,0.005026262,0.011727945,0.049424912,0.18178315,0.856139998,3.401104102,9.93775812,24.89005051,40.94644518,19.72053982,Decessi
Vaccini 2/5/2021,0,1133,6325,8159,13463,31099,79513,79314,38457,4592,262055,0,0.432351987,2.413615462,3.113468547,5.137471142,11.86735609,30.34210376,30.2661655,14.67516361,1.752303906,Vaccini
Vaccini ultimi 22 giorni,0,22558,149420,190938,323323,587229,1720024,2861622,1527223,276356,7658693,0,0.294541118,1.950985632,2.493088573,4.221647218,7.667483212,22.45845342,37.36436491,19.94103955,3.608396367,Vaccini
Vaccini cumulativi,0,40267,871114,1223964,1733551,2439735,3070029,4352635,5678215,1243153,20652663,0,0.194972435,4.217925795,5.926422176,8.393837637,11.81317392,14.86505154,21.07541773,27.49386362,6.019335134,Vaccini
