Categoria,0-9 anni,10-19 anni,20-29 anni,30-39 anni,40-49 anni,50-59 anni,60-69 anni,70-79 anni,80-89 anni,oltre 90 anni,Tutte le età,0-9 anni,10-19 anni,20-29 anni,30-39 anni,40-49 anni,50-59 anni,60-69 anni,70-79 anni,80-89 anni,oltre 90 anni,Labels
Casi 12/7/2021,140,412,454,273,240,169,102,65,25,6,1886,7.423117709,21.84517497,24.07211029,14.47507953,12.72534464,8.960763521,5.408271474,3.446447508,1.325556734,0.318133616,Casi
Casi ultimi 28 giorni,2883,5039,5952,5109,5725,4891,2461,1503,785,244,34592,8.334296947,14.5669519,17.20629047,14.76931082,16.55006938,14.13910731,7.114361702,4.344935245,2.269310823,0.705365402,Casi
Casi cumulativi,234011,412233,506338,531334,682730,737139,467967,340324,254287,87781,4254144,5.500777595,9.690151532,11.90222992,12.48979818,16.04858698,17.32755168,11.00026233,7.999823231,5.977395217,2.063423335,Casi
Decessi 12/7/2021,0,0,0,1,0,4,7,10,16,8,46,0,0,0,2.173913043,0,8.695652174,15.2173913,21.73913043,34.7826087,17.39130435,Decessi
Decessi ultimi 28 giorni,3,-1,3,14,39,174,420,679,715,336,2382,0.125944584,-0.041981528,0.125944584,0.587741394,1.637279597,7.304785894,17.63224181,28.5054576,30.01679261,14.10579345,Decessi
Decessi cumulativi,12,16,69,259,1122,4519,13095,32010,51194,24566,126862,0.009459097,0.01261213,0.054389809,0.20415885,0.884425596,3.562138387,10.32223991,25.23214201,40.35408554,19.36434866,Decessi
Vaccini 12/7/2021,0,29275,58417,64843,124098,129946,79322,61781,3373,718,551773,0,5.305623871,10.58714363,11.75175299,22.49077066,23.5506268,14.37583934,11.19681463,0.611302112,0.130125976,Vaccini
Vaccini ultimi 28 giorni,0,904968,1916066,2000141,2869537,3442116,1978134,1910282,167777,42264,15231285,0,5.94150789,12.57980532,13.1317942,18.83975646,22.59898623,12.98730869,12.54183084,1.10152886,0.277481513,Vaccini
Vaccini cumulativi,0,1412870,4084310,4932345,8166400,11810539,10143391,9458610,6677980,1527228,58213673,0,2.427041496,7.016066483,8.472829055,14.02831943,20.28825599,17.42441333,16.24809003,11.47149743,2.623486754,Vaccini
