Categoria,0-9 anni,10-19 anni,20-29 anni,30-39 anni,40-49 anni,50-59 anni,60-69 anni,70-79 anni,80-89 anni,oltre 90 anni,Tutte le età,0-9 anni,10-19 anni,20-29 anni,30-39 anni,40-49 anni,50-59 anni,60-69 anni,70-79 anni,80-89 anni,oltre 90 anni,Labels
Casi 2/11/2021,856,925,598,949,1238,1023,786,536,351,95,7357,11.63517738,12.57305967,8.128313171,12.8992796,16.82751121,13.90512437,10.6837026,7.285578361,4.770966427,1.291287209,Casi
Casi ultimi 28 giorni,14408,31061,32203,25331,25392,21842,12319,7660,4822,1353,176391,8.168217199,17.60917507,18.25660039,14.36071001,14.39529228,12.38271794,6.983916413,4.342625191,2.733699565,0.767045938,Casi
Casi cumulativi,282027,500461,592187,604966,759844,803646,507875,365750,270478,92473,4779707,5.900508127,10.47053721,12.38960882,12.6569683,15.89729245,16.81370846,10.62565132,7.652142694,5.658882438,1.934700181,Casi
Decessi 2/11/2021,0,0,0,0,3,3,5,17,12,6,46,0,0,0,0,6.52173913,6.52173913,10.86956522,36.95652174,26.08695652,13.04347826,Decessi
Decessi ultimi 28 giorni,0,0,4,12,37,99,211,352,498,245,1458,0,0,0.274348422,0.823045267,2.537722908,6.790123457,14.47187929,24.14266118,34.1563786,16.80384088,Decessi
Decessi cumulativi,15,21,79,293,1227,4819,13726,33092,52791,25426,131489,0.011407798,0.015970918,0.060081071,0.222832328,0.933157907,3.664945357,10.43889603,25.16712425,40.14860559,19.33697876,Decessi
Vaccini 2/11/2021,0,9984,17283,20644,19617,18951,16221,13524,35777,6003,158004,0,6.318827371,10.93833068,13.06549201,12.41550847,11.99400015,10.26619579,8.55927698,22.64309764,3.799270905,Vaccini
Vaccini ultimi 28 giorni,0,392444,566039,683138,659057,578836,354882,217576,782964,168999,4403935,0,8.911212359,12.85302803,15.51199098,14.96518455,13.14360907,8.058293322,4.94049072,17.77873652,3.837454458,Vaccini
Vaccini cumulativi,0,6319187,9970905,10656607,13861683,15914595,12953371,10904724,7734185,1756972,90072229,0,7.015688487,11.06989925,11.8311794,15.38951923,17.66870341,14.38109298,12.10664388,8.586647722,1.950625647,Vaccini
