Categoria,0-9 anni,10-19 anni,20-29 anni,30-39 anni,40-49 anni,50-59 anni,60-69 anni,70-79 anni,80-89 anni,oltre 90 anni,Tutte le età,0-9 anni,10-19 anni,20-29 anni,30-39 anni,40-49 anni,50-59 anni,60-69 anni,70-79 anni,80-89 anni,oltre 90 anni,Labels
Casi 8/3/2021,1483,2162,2061,2252,2978,3142,1800,1171,819,201,18069,8.207427085,11.96524434,11.40627594,12.46333499,16.48126626,17.38889811,9.96181305,6.480712823,4.532624938,1.112402457,Casi
Casi ultimi 23 giorni,25871,42246,42777,46222,59627,60458,38327,27002,16729,4063,363322,7.120680829,11.62770215,11.7738535,12.72204821,16.41161284,16.64033557,10.54904465,7.431974942,4.604455552,1.118291763,Casi
Casi cumulativi,141391,273000,362038,377220,487083,537716,339592,252119,207391,75650,3053200,4.63091183,8.941438491,11.85765754,12.35490633,15.95319665,17.61155509,11.12249443,8.25753308,6.792578279,2.477728285,Casi
Decessi 8/3/2021,0,0,0,2,4,11,23,81,124,45,290,0,0,0,0.689655172,1.379310345,3.793103448,7.931034483,27.93103448,42.75862069,15.51724138,Decessi
Decessi ultimi 23 giorni,0,1,4,9,70,227,653,1655,2755,1289,6663,0,0.015008255,0.060033018,0.135074291,1.050577818,3.406873781,9.800390215,24.83866126,41.34774126,19.3456401,Decessi
Decessi cumulativi,6,11,51,186,821,3186,9274,23860,40881,20056,98332,0.006101778,0.011186592,0.05186511,0.189155107,0.834926575,3.240043933,9.431314323,24.26473579,41.57446203,20.39620876,Decessi
Vaccini 8/3/2021,0,151,6450,9906,14564,18770,10140,3382,40466,10829,114658,0,0.131696,5.625425177,8.639606482,12.70212283,16.37042335,8.843691674,2.949641543,35.29278376,9.444609186,Vaccini
Vaccini ultimi 23 giorni,0,2364,155932,227048,336429,410478,216780,67463,907065,222417,2545976,0,0.092852407,6.124645323,8.917915958,13.21414656,16.12261859,8.514612864,2.649789315,35.6273979,8.736021078,Vaccini
Vaccini cumulativi,0,5587,469360,683378,904623,1163423,685186,182815,1103511,352222,5550105,0,0.100664762,8.456776944,12.31288417,16.29920515,20.96217999,12.34546013,3.293901647,19.88270492,6.346222279,Vaccini
