Categoria,0-9 anni,10-19 anni,20-29 anni,30-39 anni,40-49 anni,50-59 anni,60-69 anni,70-79 anni,80-89 anni,oltre 90 anni,Tutte le età,0-9 anni,10-19 anni,20-29 anni,30-39 anni,40-49 anni,50-59 anni,60-69 anni,70-79 anni,80-89 anni,oltre 90 anni,Labels
Casi 5/4/2021,794,1248,1309,1316,1748,1832,1285,907,467,124,11030,7.198549411,11.31459655,11.86763373,11.93109701,15.84768812,16.60924751,11.65004533,8.223028105,4.233907525,1.124206709,Casi
Casi ultimi 23 giorni,29387,48689,54369,57741,75977,81212,51903,37221,21565,5442,463506,6.340155251,10.50450264,11.72994524,12.45744392,16.39180507,17.52124029,11.1979133,8.03031676,4.652582707,1.174094834,Casi
Casi cumulativi,178065,333613,429657,449064,581545,637989,403759,297891,234082,82202,3627867,4.908256008,9.19584428,11.84324012,12.37818255,16.02994266,17.58578801,11.12937712,8.211188558,6.452331356,2.265849327,Casi
Decessi 5/4/2021,0,0,-1,1,2,9,25,64,69,33,202,0,0,-0.495049505,0.495049505,0.99009901,4.455445545,12.37623762,31.68316832,34.15841584,16.33663366,Decessi
Decessi ultimi 23 giorni,0,0,2,18,84,318,975,2258,3307,1421,8383,0,0,0.023857807,0.214720267,1.002027914,3.793391387,11.63068114,26.93546463,39.44888465,16.95097221,Decessi
Decessi cumulativi,6,14,54,207,930,3576,10438,26616,45081,21911,108833,0.005513034,0.012863745,0.049617304,0.190199664,0.854520228,3.285768103,9.590841013,24.45581763,41.42217893,20.13268035,Decessi
Vaccini 5/4/2021,0,164,1530,1865,3017,3768,5169,19642,27627,4637,67419,0,0.243254869,2.269389935,2.766282502,4.474999629,5.588928937,7.666978152,29.13422032,40.97806256,6.877883089,Vaccini
Vaccini ultimi 23 giorni,0,7175,146952,200454,280244,379154,376793,741251,1934736,392051,4458810,0,0.160917375,3.295767256,4.495683826,6.285174744,8.503479628,8.45052828,16.62441324,43.39130844,8.792727207,Vaccini
Vaccini cumulativi,0,13822,678548,975235,1320749,1718457,1168212,963930,3471002,846371,11156326,0,0.123893834,6.082181535,8.741542691,11.83856585,15.4034312,10.47129673,8.640210048,31.11241102,7.586467086,Vaccini
