Categoria,0-9 anni,10-19 anni,20-29 anni,30-39 anni,40-49 anni,50-59 anni,60-69 anni,70-79 anni,80-89 anni,oltre 90 anni,Tutte le età,0-9 anni,10-19 anni,20-29 anni,30-39 anni,40-49 anni,50-59 anni,60-69 anni,70-79 anni,80-89 anni,oltre 90 anni,Labels
Casi 2/12/2021,1481,1701,1094,1448,2067,1743,1161,745,319,87,11846,12.50211042,14.35927739,9.235184873,12.22353537,17.44892791,14.71382745,9.800776633,6.289042715,2.692892115,0.734425122,Casi
Casi ultimi 28 giorni,14408,31061,32203,25331,25392,21842,12319,7660,4822,1353,176391,8.168217199,17.60917507,18.25660039,14.36071001,14.39529228,12.38271794,6.983916413,4.342625191,2.733699565,0.767045938,Casi
Casi cumulativi,315723,538033,616827,637877,806392,844070,535171,385407,280363,95221,5055084,6.245652891,10.64340375,12.20211177,12.61852424,15.95209892,16.69744756,10.58678748,7.624146305,5.546159075,1.883668006,Casi
Decessi 2/12/2021,-1,0,0,1,0,3,6,12,29,13,63,-1.587301587,0,0,1.587301587,0,4.761904762,9.523809524,19.04761905,46.03174603,20.63492063,Decessi
Decessi ultimi 28 giorni,0,0,4,12,37,99,211,352,498,245,1458,0,0,0.274348422,0.823045267,2.537722908,6.790123457,14.47187929,24.14266118,34.1563786,16.80384088,Decessi
Decessi cumulativi,14,20,80,301,1250,4908,13899,33517,53522,25831,133342,0.010499318,0.014999025,0.0599961,0.225735327,0.937439066,3.680760751,10.42357247,25.13611615,40.13889097,19.37199082,Decessi
Vaccini 2/12/2021,0,5472,12478,17297,30884,51486,49011,50179,20232,3940,240979,0,2.270737284,5.17804456,7.177803875,12.81605451,21.36534719,20.33828674,20.82297628,8.395752327,1.63499724,Vaccini
Vaccini ultimi 28 giorni,0,263607,395880,509324,719316,1053460,1202114,1186536,1117715,206079,6654031,0,3.961613644,5.94947634,7.654367706,10.81022917,15.831907,18.0659513,17.83183757,16.79756226,3.097055003,Vaccini
Vaccini cumulativi,0,6604368,10414812,11223491,14640687,17033727,14201161,12136702,8968536,1988306,97211790,0,6.793793222,10.71352765,11.54540103,15.06060839,17.52228511,14.60847599,12.48480457,9.225769837,2.045334213,Vaccini
