Categoria,0-9 anni,10-19 anni,20-29 anni,30-39 anni,40-49 anni,50-59 anni,60-69 anni,70-79 anni,80-89 anni,oltre 90 anni,Tutte le età,0-9 anni,10-19 anni,20-29 anni,30-39 anni,40-49 anni,50-59 anni,60-69 anni,70-79 anni,80-89 anni,oltre 90 anni,Labels
Casi 2/7/2021,44,161,156,124,102,87,43,22,10,-1,748,5.882352941,21.52406417,20.85561497,16.57754011,13.63636364,11.63101604,5.748663102,2.941176471,1.336898396,-0.13368984,Casi
Casi ultimi 27 giorni,2846,4933,5827,5031,5645,4836,2434,1485,777,241,34055,8.357069446,14.48539128,17.11055645,14.77316106,16.57612685,14.20055792,7.147261782,4.360593158,2.281603289,0.707678755,Casi
Casi cumulativi,233374,410070,503717,529869,681416,736056,467371,340013,254116,87744,4243746,5.499245242,9.662925161,11.86963122,12.48587922,16.05694592,17.34448763,11.01317091,8.012095917,5.988011535,2.067607251,Casi
Decessi 2/7/2021,0,0,0,0,0,0,4,8,7,3,22,0,0,0,0,0,0,18.18181818,36.36363636,31.81818182,13.63636364,Decessi
Decessi ultimi 28 giorni,3,-1,3,14,39,174,420,679,715,336,2382,0.125944584,-0.041981528,0.125944584,0.587741394,1.637279597,7.304785894,17.63224181,28.5054576,30.01679261,14.10579345,Decessi
Decessi cumulativi,12,17,68,255,1121,4495,13063,31973,51118,24532,126654,0.009474632,0.013422395,0.053689579,0.201335923,0.885088509,3.549039114,10.31392613,25.24436654,40.36035182,19.36930535,Decessi
Vaccini 2/7/2021,0,29027,78394,56647,81134,128129,61867,83505,5753,1436,525892,0,5.519574361,14.90686301,10.77160329,15.42788253,24.364128,11.76420254,15.87873556,1.093950849,0.273059868,Vaccini
Vaccini ultimi 27 giorni,0,588153,1825066,2163569,3124347,3440221,1816378,1561521,188359,50728,14758342,0,3.985224085,12.36633492,14.65997332,21.17004065,23.31034882,12.30746652,10.58059909,1.276288353,0.343724248,Vaccini
Vaccini cumulativi,0,847018,3463336,4369112,7129348,10512331,9459538,8750809,6634619,1516845,52682956,0,1.607764758,6.573921175,8.29321726,13.53255121,19.95395057,17.95559459,16.6103227,12.5934828,2.879194934,Vaccini
