Categoria,0-9 anni,10-19 anni,20-29 anni,30-39 anni,40-49 anni,50-59 anni,60-69 anni,70-79 anni,80-89 anni,oltre 90 anni,Tutte le età,0-9 anni,10-19 anni,20-29 anni,30-39 anni,40-49 anni,50-59 anni,60-69 anni,70-79 anni,80-89 anni,oltre 90 anni,Labels
Casi 16/2-18/2/2022,14870,15017,8823,13456,15237,11230,6749,4348,2779,913,93422,15.91702169,16.0743722,9.444242256,14.40345957,16.30986277,12.02072317,7.224208431,4.654149986,2.97467406,0.977285864,Casi
Casi ultimi 28 giorni,14408,31061,32203,25331,25392,21842,12319,7660,4822,1353,176391,8.168217199,17.60917507,18.25660039,14.36071001,14.39529228,12.38271794,6.983916413,4.342625191,2.733699565,0.767045938,Casi
Casi cumulativi,1117716,1581092,1563413,1664399,1992019,1837636,1064262,692761,442136,140973,12096407,9.240066079,13.07075729,12.92460646,13.7594494,16.46785694,15.1915854,8.798166265,5.726998108,3.655101883,1.165412176,Casi
Decessi 16/2-18/2/2022,0,1,0,1,3,10,47,81,163,94,400,0,0.25,0,0.25,0.75,2.5,11.75,20.25,40.75,23.5,Decessi
Decessi ultimi 28 giorni,0,0,4,12,37,99,211,352,498,245,1458,0,0,0.274348422,0.823045267,2.537722908,6.790123457,14.47187929,24.14266118,34.1563786,16.80384088,Decessi
Decessi cumulativi,20,27,104,368,1429,5540,15544,37467,59894,29188,149581,0.013370682,0.018050421,0.069527547,0.246020551,0.955335236,3.703678943,10.39169413,25.04796732,40.0411817,19.51317346,Decessi
