Categoria,0-9 anni,10-19 anni,20-29 anni,30-39 anni,40-49 anni,50-59 anni,60-69 anni,70-79 anni,80-89 anni,oltre 90 anni,Tutte le età,0-9 anni,10-19 anni,20-29 anni,30-39 anni,40-49 anni,50-59 anni,60-69 anni,70-79 anni,80-89 anni,oltre 90 anni,Labels
Casi 27/3/2021,1010,1820,2050,2220,2937,3240,2069,1373,833,209,17761,5.686616745,10.24717077,11.5421429,12.49929621,16.53623107,18.24221609,11.64911886,7.730420584,4.690051236,1.176735544,Casi
Casi ultimi 28 giorni,38131,62608,67560,72554,94685,98939,62684,44266,26339,6266,574032,6.642661036,10.90670903,11.76937871,12.63936505,16.49472503,17.2357987,10.91994871,7.711416785,4.588420158,1.091576776,Casi
Casi cumulativi,167326,315544,408924,427675,553357,607438,383864,283658,225878,80032,3453696,4.844838689,9.136415017,11.84018512,12.38311073,16.02216871,17.58805639,11.11458565,8.213172207,6.540181881,2.317285598,Casi
Decessi 27/3/2021,0,0,0,1,1,4,26,59,110,57,258,0,0,0,0.387596899,0.387596899,1.550387597,10.07751938,22.86821705,42.63565891,22.09302326,Decessi
Decessi ultimi 28 giorni,0,3,4,22,94,357,1031,2615,4181,1891,10198,0,0.029417533,0.039223377,0.215728574,0.921749363,3.500686409,10.10982546,25.6422828,40.99823495,18.54285154,Decessi
Decessi cumulativi,6,14,53,203,892,3456,10066,25780,43951,21441,105862,0.005667756,0.013224764,0.050065179,0.191759083,0.842606412,3.264627534,9.508605543,24.35245886,41.51725832,20.25372655,Decessi
Vaccini 27/3/2021,0,291,6338,8663,11614,15607,16832,28725,73615,13555,175240,0,0.166057978,3.616754166,4.943506049,6.62748231,8.906071673,9.605112988,16.39180552,42.00810317,7.73510614,Vaccini
Vaccini ultimi 28 giorni,0,5839,226581,325878,472087,627086,438245,376974,2002828,448882,4924400,0,0.118572821,4.601189993,6.61761839,9.586690764,12.73426204,8.899459833,7.655227033,40.67151328,9.115465844,Vaccini
Vaccini cumulativi,0,10242,623627,902948,1215923,1570703,990636,524536,2676273,696005,9210893,0,0.11119443,6.770537884,9.803045155,13.20092417,17.05266797,10.7550484,5.69473557,29.05552154,7.556324886,Vaccini
