Categoria,0-9 anni,10-19 anni,20-29 anni,30-39 anni,40-49 anni,50-59 anni,60-69 anni,70-79 anni,80-89 anni,oltre 90 anni,Tutte le età,0-9 anni,10-19 anni,20-29 anni,30-39 anni,40-49 anni,50-59 anni,60-69 anni,70-79 anni,80-89 anni,oltre 90 anni,Labels
Casi 4/8/2021,511,1697,1697,1040,944,830,449,274,151,32,7625,6.701639344,22.2557377,22.2557377,13.63934426,12.38032787,10.8852459,5.88852459,3.593442623,1.980327869,0.419672131,Casi
Casi ultimi 25 giorni,6098,24701,26389,15139,13989,12912,6598,3589,1908,447,111770,5.455846828,22.0998479,23.61009215,13.54477946,12.51588083,11.55229489,5.903194059,3.211058424,1.707077033,0.399928424,Casi
Casi cumulativi,239919,436307,532010,546066,696357,749776,474420,343829,256153,88218,4363055,5.498876361,10.00003438,12.19352037,12.51567995,15.96030763,17.18465616,10.87357368,7.880464491,5.870955099,2.02193188,Casi
Decessi 4/8/2021,0,0,0,1,0,2,1,11,13,4,32,0,0,0,3.125,0,6.25,3.125,34.375,40.625,12.5,Decessi
Decessi ultimi 25 giorni,2,0,-2,4,7,29,49,149,187,106,531,0.376647834,0,-0.376647834,0.753295669,1.31826742,5.461393597,9.22787194,28.06026365,35.2165725,19.96233522,Decessi
Decessi cumulativi,14,16,67,262,1129,4544,13137,32147,51364,24663,127343,0.01099393,0.012564491,0.052613807,0.205743543,0.886581909,3.568315494,10.31623254,25.24441862,40.3351578,19.36737787,Decessi
Vaccini 4/8/2021,0,45624,74310,62958,49610,31662,28298,9533,1454,312,303761,0,15.01970299,24.46331162,20.726163,16.33191884,10.42332623,9.315876627,3.138322563,0.478665793,0.10271233,Vaccini
Vaccini ultimi 25 giorni,0,1146185,2127283,2168327,2708249,1904786,1603557,875384,67363,16071,12617205,0,9.084301951,16.86017624,17.18547808,21.4647301,15.09673497,12.70928863,6.938018365,0.533897959,0.127373693,Vaccini
Vaccini cumulativi,0,2507894,6126848,7005301,10674584,13506322,11632712,10249319,6749750,1545548,69998278,0,3.582793851,8.75285532,10.00781905,15.24978086,19.29522038,16.61856882,14.64224448,9.642737211,2.207980031,Vaccini
