Categoria,0-9 anni,10-19 anni,20-29 anni,30-39 anni,40-49 anni,50-59 anni,60-69 anni,70-79 anni,80-89 anni,oltre 90 anni,Tutte le età,0-9 anni,10-19 anni,20-29 anni,30-39 anni,40-49 anni,50-59 anni,60-69 anni,70-79 anni,80-89 anni,oltre 90 anni,Labels
Casi 12/9/2021,382,467,496,583,565,479,298,187,101,46,3604,10.59933407,12.95782464,13.76248613,16.17647059,15.67702553,13.29078801,8.268590455,5.188679245,2.802441731,1.2763596,Casi
Casi ultimi 28 giorni,14408,31061,32203,25331,25392,21842,12319,7660,4822,1353,176391,8.168217199,17.60917507,18.25660039,14.36071001,14.39529228,12.38271794,6.983916413,4.342625191,2.733699565,0.767045938,Casi
Casi cumulativi,259613,477727,574536,580257,730749,779288,491112,354244,262816,90102,4600444,5.643216177,10.38436725,12.48870761,12.61306517,15.88431464,16.93940846,10.67531743,7.700213284,5.712839891,1.958550088,Casi
Decessi 12/9/2021,0,0,0,0,1,1,3,3,14,8,30,0,0,0,0,3.333333333,3.333333333,10,10,46.66666667,26.66666667,Decessi
Decessi ultimi 28 giorni,0,0,4,12,37,99,211,352,498,245,1458,0,0,0.274348422,0.823045267,2.537722908,6.790123457,14.47187929,24.14266118,34.1563786,16.80384088,Decessi
Decessi cumulativi,14,19,73,276,1177,4679,13415,32626,52046,24994,129319,0.010825942,0.01469235,0.056449555,0.213425715,0.910152414,3.61818449,10.37357233,25.22908467,40.24621285,19.32739969,Decessi
Vaccini 12/9/2021,0,20276,16574,16354,16027,10234,3782,1789,558,76,85670,0,23.66756157,19.34632894,19.08952959,18.70783238,11.94583868,4.414614217,2.088245594,0.651336524,0.088712501,Vaccini
Vaccini ultimi 28 giorni,0,1689539,1479392,1277486,1118612,745774,372999,162911,50309,10010,6907032,0,24.46114337,21.41863538,18.49544059,16.19526303,10.79731497,5.40027902,2.358625239,0.728373634,0.144924767,Vaccini
Vaccini cumulativi,0,4903605,8545657,9075111,12387497,14699738,12302543,10528026,6836081,1564970,80843228,0,6.065572988,10.57065287,11.22556734,15.32286291,18.18301714,15.21777804,13.02276797,8.455972342,1.935808402,Vaccini
