Categoria,0-9 anni,10-19 anni,20-29 anni,30-39 anni,40-49 anni,50-59 anni,60-69 anni,70-79 anni,80-89 anni,oltre 90 anni,Tutte le età,0-9 anni,10-19 anni,20-29 anni,30-39 anni,40-49 anni,50-59 anni,60-69 anni,70-79 anni,80-89 anni,oltre 90 anni,Labels
Casi 16/1/2022,16372,22414,20259,20461,23793,22129,10657,5910,3039,777,145811,11.22823381,15.3719541,13.89401348,14.03254898,16.31769894,15.1764956,7.30877643,4.053192146,2.084204895,0.532881607,Casi
Casi ultimi 28 giorni,14408,31061,32203,25331,25392,21842,12319,7660,4822,1353,176391,8.168217199,17.60917507,18.25660039,14.36071001,14.39529228,12.38271794,6.983916413,4.342625191,2.733699565,0.767045938,Casi
Casi cumulativi,560646,985457,1148362,1106971,1332556,1314103,781317,525499,342756,110218,8207885,6.830578157,12.00622328,13.99096113,13.48667775,16.23507152,16.01025112,9.519102668,6.402367967,4.175935701,1.342830705,Casi
Decessi 16/1/2022,0,0,0,1,2,4,20,69,81,39,216,0,0,0,0.462962963,0.925925926,1.851851852,9.259259259,31.94444444,37.5,18.05555556,Decessi
Decessi ultimi 28 giorni,0,0,4,12,37,99,211,352,498,245,1458,0,0,0.274348422,0.823045267,2.537722908,6.790123457,14.47187929,24.14266118,34.1563786,16.80384088,Decessi
Decessi cumulativi,15,23,82,326,1320,5181,14586,35194,55930,27002,139659,0.010740446,0.016468684,0.05871444,0.233425701,0.945159281,3.709750177,10.44401005,25.19995131,40.04754438,19.33423553,Decessi
