Categoria,0-9 anni,10-19 anni,20-29 anni,30-39 anni,40-49 anni,50-59 anni,60-69 anni,70-79 anni,80-89 anni,oltre 90 anni,Tutte le età,0-9 anni,10-19 anni,20-29 anni,30-39 anni,40-49 anni,50-59 anni,60-69 anni,70-79 anni,80-89 anni,oltre 90 anni,Labels
Casi 24 ore,764,1191,1398,1510,1897,2094,1356,988,800,263,12261,6.231139385,9.71372645,11.40200636,12.31547182,15.47182122,17.07854172,11.05945681,8.058070304,6.524753283,2.145012642,Casi
Casi ultimi 25 giorni,18775,34466,46357,48401,60169,66323,44211,33004,25734,8891,386331,4.9,8.921365358,11.99929594,12.52837593,15.57446853,17.16740308,11.44381372,8.542933391,6.661127375,2.3013944,Casi
Casi cumulativi,98445,206419,294610,302686,390442,438988,276132,207110,177244,67490,2459566,4,8.392496888,11.97812947,12.30648009,15.87442663,17.84818948,11.22685872,8.420591275,7.206312008,2.743980036,Casi
Decessi 24 ore,0,0,1,1,3,15,51,107,199,110,487,0,0,0.205338809,0.205338809,0.616016427,3.080082136,10.47227926,21.97125257,40.862423,22.58726899,Decessi
Decessi ultimi 25 giorni,0,0,10,21,93,353,1065,2880,5444,2814,12680,0,0,0.078864353,0.165615142,0.733438486,2.783911672,8.399053628,22.71293375,42.93375394,22.19242902,Decessi
Decessi cumulativi,5,5,45,172,701,2755,7970,20557,35036,17104,84350,0,0.005927682,0.05334914,0.20391227,0.831061055,3.266152934,9.448725548,24.37107291,41.53645525,20.27741553,Decessi
Vaccini 24 ore,0,15,4800,9561,11610,15621,9690,1274,1910,1790,56271,0,0.026656715,8.530148744,16.99099003,20.63229728,27.76030282,17.22023778,2.264043646,3.394288355,3.181034636,Vaccini
Vaccini ultimi 21 giorni,0,1190,133541,206076,256151,347577,218450,48081,68349,53227,1332642,0,0.0892963,10.02077077,15.46371794,19.22129124,26.08179841,16.39224938,3.60794572,5.128834301,3.994095939,Vaccini
Vaccini cumulativi,0,1361,150147,233987,292497,392965,241783,50379,71833,55869,1490821,0,0.091291979,10.07143044,15.69517736,19.61986047,26.35896597,16.21811069,3.379278934,4.818351767,3.7475324,Vaccini
