Categoria,0-9 anni,10-19 anni,20-29 anni,30-39 anni,40-49 anni,50-59 anni,60-69 anni,70-79 anni,80-89 anni,oltre 90 anni,Tutte le età,0-9 anni,10-19 anni,20-29 anni,30-39 anni,40-49 anni,50-59 anni,60-69 anni,70-79 anni,80-89 anni,oltre 90 anni,Labels
Casi 4/5/2021,1303,1525,1292,1623,1975,1764,1167,759,348,112,11868,10.97910347,12.84967981,10.88641726,13.67542973,16.64138861,14.86349848,9.833164813,6.395348837,2.932254803,0.943714189,Casi
Casi ultimi 24 giorni,28970,38135,37124,41562,50671,51332,34542,23577,11175,2967,320055,9.051569262,11.91513959,11.59925638,12.98589305,15.83196638,16.03849338,10.79252004,7.366546375,3.491587383,0.927028167,Casi
Casi cumulativi,212365,380356,476455,500727,645827,704036,448140,328608,249190,86172,4031876,5.267151073,9.433722664,11.8172037,12.41920634,16.01802734,17.46174734,11.11492516,8.150250653,6.180497615,2.13726811,Casi
Decessi 4/5/2021,0,0,0,1,5,19,49,95,102,38,309,0,0,0,0.323624595,1.618122977,6.148867314,15.85760518,30.74433657,33.00970874,12.29773463,Decessi
Decessi ultimi 24 giorni,0,3,6,11,74,384,1118,2494,2833,1222,8145,0,0.036832413,0.073664825,0.135052179,0.908532842,4.714548803,13.7262124,30.62001228,34.78207489,15.00306937,Decessi
Decessi cumulativi,6,15,59,219,1030,4087,11941,29889,49042,23604,119892,0.005004504,0.01251126,0.049210957,0.182664398,0.859106529,3.408901345,9.959797151,24.92993694,40.90514797,19.68771895,Decessi
Vaccini 4/5/2021,0,1007,7444,9761,16342,33016,94897,89771,28576,5004,285818,0,0.352322107,2.604454583,3.415110315,5.717624502,11.55140684,33.20189771,31.40844873,9.997970737,1.750764472,Vaccini
Vaccini ultimi 24 giorni,0,25978,171539,218628,369447,691869,2005467,3127003,1622606,295390,8527927,0,0.304622683,2.01149705,2.563671101,4.332201718,8.11297986,23.51646537,36.66779746,19.02696869,3.463796067,Vaccini
Vaccini cumulativi,0,43763,895079,1253774,1782875,2549309,3359933,4624581,5795962,1266735,21572011,0,0.202869357,4.149260818,5.812040426,8.264760295,11.81766966,15.57542781,21.43787614,26.86797258,5.87212291,Vaccini
