Categoria,0-9 anni,10-19 anni,20-29 anni,30-39 anni,40-49 anni,50-59 anni,60-69 anni,70-79 anni,80-89 anni,oltre 90 anni,Tutte le età,0-9 anni,10-19 anni,20-29 anni,30-39 anni,40-49 anni,50-59 anni,60-69 anni,70-79 anni,80-89 anni,oltre 90 anni,Labels
Casi 4/1/2022,7601,17790,25424,20359,22288,20641,10173,5660,2397,478,132811,5.723170521,13.39497481,19.14299267,15.32930254,16.78174248,15.54163435,7.659757098,4.261695191,1.804820384,0.359909947,Casi
Casi ultimi 28 giorni,14408,31061,32203,25331,25392,21842,12319,7660,4822,1353,176391,8.168217199,17.60917507,18.25660039,14.36071001,14.39529228,12.38271794,6.983916413,4.342625191,2.733699565,0.767045938,Casi
Casi cumulativi,425934,718842,831697,826583,1019054,1024073,634669,445166,305148,101067,6332233,6.726442315,11.35210912,13.13433981,13.05357841,16.09312228,16.17238342,10.02283081,7.03015824,4.818963547,1.596072033,Casi
Decessi 4/1/2022,0,0,1,0,3,5,21,60,65,35,190,0,0,0.526315789,0,1.578947368,2.631578947,11.05263158,31.57894737,34.21052632,18.42105263,Decessi
Decessi ultimi 28 giorni,0,0,4,12,37,99,211,352,498,245,1458,0,0,0.274348422,0.823045267,2.537722908,6.790123457,14.47187929,24.14266118,34.1563786,16.80384088,Decessi
Decessi cumulativi,14,21,81,313,1288,5057,14267,34485,54945,26537,137008,0.010218381,0.015327572,0.059120635,0.228453813,0.94009109,3.691025342,10.41326054,25.17006306,40.10349761,19.36894196,Decessi
