Categoria,0-9 anni,10-19 anni,20-29 anni,30-39 anni,40-49 anni,50-59 anni,60-69 anni,70-79 anni,80-89 anni,oltre 90 anni,Tutte le età,0-9 anni,10-19 anni,20-29 anni,30-39 anni,40-49 anni,50-59 anni,60-69 anni,70-79 anni,80-89 anni,oltre 90 anni,Labels
Casi 9/4/2022,7859,9909,7983,11114,13021,11938,8713,6472,3746,921,81676,9.62216563,12.13208286,9.773985014,13.60742446,15.94225966,14.61628875,10.66776042,7.92399236,4.586414614,1.12762623,Casi
Casi ultimi 42 giorni,272020,352982,268167,347696,417980,365549,238115,163740,95529,25183,2546961,10.68017924,13.85894798,10.52890091,13.65140652,16.41093052,14.35235954,9.348984928,6.428838133,3.750705252,0.988746981,Casi
Casi cumulativi,1453981,2003884,1877938,2076290,2484549,2260817,1336285,878085,551055,170470,15093354,9.633253152,13.27659843,12.44215169,13.7563195,16.461212,14.97889071,8.853466234,5.817693006,3.650977775,1.129437499,Casi
Decessi 9/4/2022,0,0,1,0,0,4,13,32,65,37,152,0,0,0.657894737,0,0,2.631578947,8.552631579,21.05263158,42.76315789,24.34210526,Decessi
Decessi ultimi 42 giorni,3,2,13,26,61,216,579,1447,2858,1629,6834,0.043898156,0.029265438,0.190225344,0.380450688,0.892595844,3.160667252,8.472344162,21.17354404,41.82031021,23.83669886,Decessi
Decessi cumulativi,24,29,119,401,1511,5826,16277,39296,63428,31240,158151,0.01517537,0.018336906,0.075244545,0.253555147,0.955416026,3.683821158,10.29206265,24.84713976,40.10597467,19.75327377,Decessi
