Categoria,0-9 anni,10-19 anni,20-29 anni,30-39 anni,40-49 anni,50-59 anni,60-69 anni,70-79 anni,80-89 anni,oltre 90 anni,Tutte le età,0-9 anni,10-19 anni,20-29 anni,30-39 anni,40-49 anni,50-59 anni,60-69 anni,70-79 anni,80-89 anni,oltre 90 anni,Labels
Casi 20/4/2021,1065,1462,1510,1588,1983,2125,1378,1065,463,118,12757,8.348357764,11.4603747,11.83663871,12.44806773,15.54440699,16.65752136,10.80191268,8.348357764,3.629379948,0.924982363,Casi
Casi ultimi 24 giorni,27205,43028,47557,49725,63987,68940,45785,32903,17812,4617,401559,6.774845041,10.71523736,11.84309155,12.38298731,15.93464472,17.16808738,11.40181144,8.193814608,4.435711813,1.149768776,Casi
Casi cumulativi,194531,358572,456481,477400,617344,676378,429649,316561,243690,84649,3855255,5.045865967,9.300863367,11.84048785,12.38309788,16.01305231,17.54431289,11.14450276,8.211155942,6.320982659,2.195678366,Casi
Decessi 20/4/2021,0,0,1,0,4,20,48,111,129,43,356,0,0,0.280898876,0,1.123595506,5.617977528,13.48314607,31.17977528,36.23595506,12.07865169,Decessi
Decessi ultimi 24 giorni,0,-2,3,8,96,414,1199,2661,3505,1457,9341,0,-0.021410984,0.032116476,0.085643935,1.027727224,4.432073654,12.83588481,28.48731399,37.52274917,15.59790172,Decessi
Decessi cumulativi,6,12,56,211,988,3870,11265,28441,47456,22898,115203,0.005208198,0.010416395,0.048609845,0.183154953,0.857616555,3.359287519,9.778391188,24.68772515,41.1933717,19.8762185,Decessi
Vaccini 20/4/2021,0,448,3228,4401,7595,13017,43875,92553,45771,8453,219341,0,0.20424818,1.471681081,2.00646482,3.462644923,5.934594991,20.0031002,42.19594148,20.86750767,3.85381666,Vaccini
Vaccini ultimi 24 giorni,0,14118,139293,182573,284851,442536,817762,2119602,2072417,372851,6446003,0,0.219019445,2.160920496,2.832344323,4.419033004,6.865277599,12.68634222,32.88242342,32.15041941,5.784220082,Vaccini
Vaccini cumulativi,0,24742,770401,1095482,1514368,2031309,1823267,2666770,4799431,1084061,15809831,0,0.156497562,4.872923689,6.929118977,9.578647615,12.84839161,11.53248887,16.86779574,30.35725682,6.856879115,Vaccini
