Categoria,0-9 anni,10-19 anni,20-29 anni,30-39 anni,40-49 anni,50-59 anni,60-69 anni,70-79 anni,80-89 anni,oltre 90 anni,Tutte le età,0-9 anni,10-19 anni,20-29 anni,30-39 anni,40-49 anni,50-59 anni,60-69 anni,70-79 anni,80-89 anni,oltre 90 anni,Labels
Casi 12/3/2021,2341,3671,4182,4442,5770,5745,3729,2565,1542,302,34289,6.827262387,10.70605734,12.19633118,12.95459185,16.82755403,16.75464435,10.87520779,7.480533116,4.497069031,0.880748928,Casi
Casi ultimi 27 giorni,31622,51490,52981,57120,73851,74986,47691,33456,20632,4902,448731,7.046983605,11.47458054,11.80685088,12.72922976,16.45774417,16.71067967,10.62797088,7.455691717,4.59785484,1.092413941,Casi
Casi cumulativi,147142,282244,372242,388118,501307,552244,348956,258573,211294,76489,3138609,4.688127766,8.992646105,11.86009471,12.36592389,15.9722667,17.59518309,11.11817369,8.238458502,6.732090553,2.437035005,Casi
Decessi 12/3/2021,0,0,0,1,7,18,51,135,197,67,476,0,0,0,0.210084034,1.470588235,3.781512605,10.71428571,28.36134454,41.38655462,14.07563025,Decessi
Decessi ultimi 27 giorni,0,4,5,12,93,290,821,2092,3560,1688,8565,0,0.046701693,0.058377116,0.140105079,1.085814361,3.385872738,9.585522475,24.42498541,41.56450671,19.70811442,Decessi
Decessi cumulativi,6,14,52,189,844,3249,9442,24297,41686,20455,100234,0.005985993,0.013967316,0.051878604,0.188558772,0.842029651,3.241415089,9.4199573,24.24027775,41.58868248,20.40724704,Decessi
Vaccini 12/3/2021,0,170,10918,14534,21739,28671,17982,6910,73005,16355,190284,0,0.089340144,5.737739379,7.638056799,11.42450232,15.06747809,9.450085136,3.631414097,38.36633663,8.595047403,Vaccini
Vaccini ultimi 27 giorni,0,3203,202880,296463,440129,544223,295900,94792,1245539,300161,3423290,0,0.093564962,5.926462555,8.660177782,12.85690082,15.89765985,8.643731615,2.76903213,36.38426777,8.768202519,Vaccini
Vaccini cumulativi,0,6427,516863,753363,1008776,1297627,764633,210263,1442177,430137,6430266,0,0.099949209,8.037972302,11.71589169,15.68793577,20.17998944,11.8911566,3.269895833,22.42795244,6.689256712,Vaccini
