Categoria,0-9 anni,10-19 anni,20-29 anni,30-39 anni,40-49 anni,50-59 anni,60-69 anni,70-79 anni,80-89 anni,oltre 90 anni,Tutte le età,0-9 anni,10-19 anni,20-29 anni,30-39 anni,40-49 anni,50-59 anni,60-69 anni,70-79 anni,80-89 anni,oltre 90 anni,Labels
Casi 17/4/2021,694,995,1073,1132,1344,1396,918,696,313,89,8650,8.023121387,11.50289017,12.40462428,13.0867052,15.53757225,16.13872832,10.61271676,8.046242775,3.61849711,1.028901734,Casi
Casi ultimi 28 giorni,32307,52629,58717,61865,80392,86252,56496,40621,22706,5886,497871,6.489030291,10.57081051,11.79361722,12.42590952,16.14715458,17.3241663,11.34751773,8.15894077,4.560619116,1.182233952,Casi
Casi cumulativi,190963,353680,451570,472154,610899,669730,425091,313339,242140,84268,3813834,5.007113577,9.273607609,11.84031607,12.38003542,16.01797561,17.56054406,11.14602786,8.215853128,6.348991592,2.209535077,Casi
Decessi 17/4/2021,0,0,1,0,4,7,17,56,76,28,189,0,0,0.529100529,0,2.116402116,3.703703704,8.994708995,29.62962963,40.21164021,14.81481481,Decessi
Decessi ultimi 28 giorni,0,-2,5,16,108,447,1411,3142,4451,1841,11419,0,-0.017514669,0.043786671,0.140117348,0.945792101,3.914528418,12.35659865,27.51554427,38.97889482,16.12225239,Decessi
Decessi cumulativi,6,12,56,210,973,3813,11134,28163,47146,22774,114287,0.005249941,0.010499882,0.048999449,0.183747933,0.851365422,3.336337466,9.742140401,24.64234777,41.25228591,19.92702582,Decessi
Vaccini 17/4/2021,0,931,5850,7912,13574,23665,65500,137190,64903,12863,332388,0,0.280094348,1.759991335,2.380350675,4.083781605,7.119691445,19.70588589,41.27405321,19.52627652,3.869874965,Vaccini
Vaccini ultimi 28 giorni,0,14488,184801,248008,368728,542254,796510,2026588,2538679,474776,7194832,0,0.201366759,2.568524185,3.447029757,5.124900762,7.536715242,11.07058511,28.1672734,35.28475717,6.598847617,Vaccini
Vaccini cumulativi,0,22654,756934,1077615,1483823,1978260,1662923,2328300,4636749,1051120,14998378,0,0.151042999,5.046772391,7.184876925,9.893223121,13.18982626,11.08735225,15.52367863,30.91500294,7.008224489,Vaccini
