Categoria,0-9 anni,10-19 anni,20-29 anni,30-39 anni,40-49 anni,50-59 anni,60-69 anni,70-79 anni,80-89 anni,oltre 90 anni,Tutte le età,0-9 anni,10-19 anni,20-29 anni,30-39 anni,40-49 anni,50-59 anni,60-69 anni,70-79 anni,80-89 anni,oltre 90 anni,Labels
Casi 20/6/2021,83,156,167,147,147,112,76,54,19,11,972,8.53909465,16.04938272,17.18106996,15.12345679,15.12345679,11.52263374,7.818930041,5.555555556,1.95473251,1.131687243,Casi
Casi ultimi 22 giorni,3965,6427,6570,6421,7470,6561,3456,1961,986,342,44159,8.978917095,14.55422451,14.8780543,14.54063724,16.91614393,14.85767341,7.826264182,4.440770851,2.232840418,0.77447406,Casi
Casi cumulativi,232679,408613,501786,528432,679867,734744,466733,339589,253861,87681,4233985,5.495508369,9.650789977,11.85138823,12.48072442,16.05737857,17.35348614,11.02349205,8.020552742,5.995793561,2.070885938,Casi
Decessi 20/6/2021,0,0,0,0,0,0,4,1,3,1,9,0,0,0,0,0,0,44.44444444,11.11111111,33.33333333,11.11111111,Decessi
Decessi ultimi 22 giorni,2,-3,2,16,37,162,392,614,639,297,2158,0.092678406,-0.139017609,0.092678406,0.741427247,1.71455051,7.50695088,18.16496756,28.45227062,29.6107507,13.76274328,Decessi
Decessi cumulativi,12,15,67,255,1119,4470,13013,31866,50994,24470,126281,0.009502617,0.011878271,0.053056279,0.201930615,0.886119052,3.539724899,10.30479645,25.23419992,40.3813717,19.3774202,Decessi
Vaccini 20/6/2021,0,11266,33882,41144,65476,74430,51851,33182,3703,593,315527,0,3.570534376,10.73822525,13.03977156,20.75131447,23.58910648,16.43314201,10.51637419,1.173592117,0.187939542,Vaccini
Vaccini ultimi 22 giorni,0,412993,1110996,1454469,2748370,3195487,1536943,960284,165160,47012,11631714,0,3.550577327,9.551438421,12.50433943,23.62824602,27.47219369,13.21338369,8.255739438,1.419911115,0.404170873,Vaccini
Vaccini cumulativi,0,538177,2503809,3368104,5970475,9000967,8633124,7854905,6547815,1492541,45909917,0,1.172245639,5.453743251,7.336332148,13.00476104,19.60571395,18.80448619,17.10938619,14.26231069,3.251020907,Vaccini
