Categoria,0-9 anni,10-19 anni,20-29 anni,30-39 anni,40-49 anni,50-59 anni,60-69 anni,70-79 anni,80-89 anni,oltre 90 anni,Tutte le età,0-9 anni,10-19 anni,20-29 anni,30-39 anni,40-49 anni,50-59 anni,60-69 anni,70-79 anni,80-89 anni,oltre 90 anni,Labels
Casi in aggiornamento,0,0,0,0,0,0,0,0,0,0,0,#DIV/0!,#DIV/0!,#DIV/0!,#DIV/0!,#DIV/0!,#DIV/0!,#DIV/0!,#DIV/0!,#DIV/0!,#DIV/0!,Casi
Casi ultimi 25 giorni,12753,28677,29664,22635,22670,19690,11097,6834,4318,1200,159538,7.993706828,17.97502789,18.59368928,14.18784239,14.20978074,12.3418872,6.955709612,4.28361895,2.706565207,0.752171896,Casi
Casi cumulativi,253961,469478,566248,571295,721542,771651,486652,351313,260886,89504,4542530,5.590739082,10.33516565,12.46547629,12.57658177,15.88414386,16.9872516,10.7132369,7.733861967,5.743187167,1.970355727,Casi
Decessi in aggiornamento,0,0,0,0,0,0,0,0,0,0,0,#DIV/0!,#DIV/0!,#DIV/0!,#DIV/0!,#DIV/0!,#DIV/0!,#DIV/0!,#DIV/0!,#DIV/0!,#DIV/0!,Decessi
Decessi ultimi 25 giorni,1,0,4,8,31,90,192,313,451,226,1316,0.075987842,0,0.303951368,0.607902736,2.3556231,6.838905775,14.58966565,23.78419453,34.27051672,17.17325228,Decessi
Decessi cumulativi,15,17,73,269,1162,4636,13333,32469,51837,24893,128704,0.011654649,0.013208603,0.056719294,0.209006713,0.902846842,3.60206365,10.35942939,25.22765415,40.27613749,19.34127921,Decessi
Vaccini 2/9/2021,0,53919,47306,39514,32357,23064,11808,5622,1778,374,215742,0,24.99235198,21.92711665,18.31539524,14.99800688,10.69054704,5.473204105,2.605890369,0.824132529,0.173355211,Vaccini
Vaccini ultimi 25 giorni,0,1448518,1451660,1209816,1023115,720839,396416,159583,44090,9111,6463148,0,22.41195776,22.46057185,18.71868012,15.82997945,11.15306349,6.133481703,2.469121858,0.682175311,0.140968457,Vaccini
Vaccini cumulativi,0,4262820,8046823,8630630,11998163,14439934,12190119,10472962,6816039,1560789,78418279,0,5.436003001,10.26141239,11.0058906,15.30021208,18.41398993,15.54499685,13.35525611,8.691900775,1.990338248,Vaccini
