Categoria,0-9 anni,10-19 anni,20-29 anni,30-39 anni,40-49 anni,50-59 anni,60-69 anni,70-79 anni,80-89 anni,oltre 90 anni,Tutte le età,0-9 anni,10-19 anni,20-29 anni,30-39 anni,40-49 anni,50-59 anni,60-69 anni,70-79 anni,80-89 anni,oltre 90 anni,Labels
Casi 18/6/2021,128,183,222,184,183,132,71,52,10,11,1176,10.88435374,15.56122449,18.87755102,15.6462585,15.56122449,11.2244898,6.037414966,4.421768707,0.850340136,0.93537415,Casi
Casi ultimi 27 giorni,6343,10175,9762,9726,11929,10638,5675,3184,1541,508,69481,9.129114434,14.64429125,14.04988414,13.99807142,17.16872238,15.31066047,8.167700522,4.582547747,2.217872512,0.73113513,Casi
Casi cumulativi,232511,408326,501435,528092,679535,734463,466573,339488,253811,87660,4231894,5.494253873,9.648776647,11.8489499,12.47885698,16.05746741,17.35542053,11.025158,8.022129099,5.997574608,2.071412942,Casi
Decessi 18/6/2021,0,0,0,0,0,9,5,6,14,12,46,0,0,0,0,0,19.56521739,10.86956522,13.04347826,30.43478261,26.08695652,Decessi
Decessi ultimi 27 giorni,2,-2,2,21,46,205,536,884,834,377,2905,0.068846816,-0.068846816,0.068846816,0.722891566,1.583476764,7.056798623,18.45094664,30.4302926,28.7091222,12.97762478,Decessi
Decessi cumulativi,12,15,67,255,1119,4467,13004,31861,50984,24464,126248,0.009505101,0.011881376,0.053070148,0.201983398,0.886350675,3.538273874,10.30036119,25.23683544,40.38400608,19.37773272,Decessi
Vaccini 18/6/2021,0,11146,49710,58155,80704,86386,70195,42055,5566,1314,405231,0,2.750529945,12.2670773,14.35107383,19.91555434,21.31771755,17.32221869,10.3780313,1.373537563,0.324259496,Vaccini
Vaccini ultimi 27 giorni,0,407571,1152913,1526915,3093487,4110178,2241235,1308006,235462,71831,14147598,0,2.880849456,8.149178398,10.79275083,21.86581072,29.05212602,15.8418058,9.245428093,1.664324926,0.507725764,Vaccini
Vaccini cumulativi,0,500663,2379099,3216594,5746529,8766887,8470623,7752035,6533449,1489249,44855128,0,1.116177843,5.303962124,7.17107306,12.81130889,19.54489351,18.88440269,17.28238296,14.56566794,3.320130978,Vaccini
