Categoria,0-9 anni,10-19 anni,20-29 anni,30-39 anni,40-49 anni,50-59 anni,60-69 anni,70-79 anni,80-89 anni,oltre 90 anni,Tutte le età,0-9 anni,10-19 anni,20-29 anni,30-39 anni,40-49 anni,50-59 anni,60-69 anni,70-79 anni,80-89 anni,oltre 90 anni,Labels
Casi 19/4/2021,1556,2087,2029,2187,2650,2673,1900,1278,660,163,17183,9.055461794,12.14572543,11.80818251,12.72769598,15.42221964,15.55607286,11.05744049,7.437583658,3.841005645,0.948612,Casi
Casi ultimi 23 giorni,26140,41566,46047,48137,62004,66815,44407,31838,17349,4499,388802,6.723216444,10.69078863,11.84330328,12.38085195,15.94744883,17.18483958,11.42149475,8.188743885,4.462168404,1.157144253,Casi
Casi cumulativi,193466,357110,454971,475812,615361,674253,428271,315496,243227,84531,3842498,5.034901775,9.293693842,11.84050063,12.38288218,16.01460821,17.54725702,11.14564015,8.210700435,6.329918714,2.199897046,Casi
Decessi 19/4/2021,0,0,0,1,6,28,62,120,115,55,387,0,0,0,0.258397933,1.550387597,7.235142119,16.02067183,31.00775194,29.71576227,14.2118863,Decessi
Decessi ultimi 23 giorni,0,-2,2,8,92,394,1151,2550,3376,1414,8985,0,-0.022259321,0.022259321,0.089037284,1.02392877,4.385086255,12.81023929,28.38063439,37.573734,15.73734001,Decessi
Decessi cumulativi,6,12,55,211,984,3850,11217,28330,47327,22855,114847,0.005224342,0.010448684,0.047889801,0.183722692,0.85679208,3.352286085,9.766907277,24.66760124,41.20873858,19.90038921,Decessi
Vaccini 19/4/2021,0,454,3131,4335,7290,12582,36740,86687,42750,7706,201675,0,0.225114665,1.552497831,2.149497955,3.614726664,6.238750465,18.21742903,42.98351308,21.19747118,3.820999132,Vaccini
Vaccini ultimi 23 giorni,0,13304,133515,175161,272301,421029,749715,1976793,2006032,358658,6106508,0,0.217865923,2.186437814,2.868431516,4.459193372,6.894758838,12.27731135,32.37190551,32.85072254,5.873373129,Vaccini
Vaccini cumulativi,0,23902,764568,1087972,1501711,2009581,1753995,2523512,4732740,1069675,15467656,0,0.154528909,4.943011404,7.0338518,9.708717339,12.99214955,11.33975956,16.31476676,30.59765487,6.915559798,Vaccini
