Categoria,0-9 anni,10-19 anni,20-29 anni,30-39 anni,40-49 anni,50-59 anni,60-69 anni,70-79 anni,80-89 anni,oltre 90 anni,Tutte le età,0-9 anni,10-19 anni,20-29 anni,30-39 anni,40-49 anni,50-59 anni,60-69 anni,70-79 anni,80-89 anni,oltre 90 anni,Labels
Casi 16/6/2021,172,232,274,226,285,247,135,74,37,16,1698,10.12956419,13.6631331,16.13663133,13.30977621,16.7844523,14.54652532,7.950530035,4.358068316,2.179034158,0.942285041,Casi
Casi ultimi 25 giorni,6145,9864,9373,9415,11608,10384,5530,3074,1513,487,67393,9.118157672,14.63653495,13.90797264,13.97029365,17.22434081,15.40812844,8.205599988,4.561304587,2.245040286,0.722626979,Casi
Casi cumulativi,232313,408015,501046,527781,679214,734209,466428,339378,253783,87639,4229806,5.492284989,9.646187083,11.84560238,12.47766446,16.05780502,17.35798285,11.0271724,8.023488548,5.99987328,2.071938997,Casi
Decessi 16/6/2021,0,0,0,2,1,5,11,10,14,9,52,0,0,0,3.846153846,1.923076923,9.615384615,21.15384615,19.23076923,26.92307692,17.30769231,Decessi
Decessi ultimi 25 giorni,2,-2,2,19,44,191,524,862,801,359,2802,0.071377587,-0.071377587,0.071377587,0.678087081,1.570306924,6.8165596,18.70092791,30.76374019,28.58672377,12.81227695,Decessi
Decessi cumulativi,12,15,67,253,1117,4453,12992,31839,50951,24446,126145,0.009512862,0.011891078,0.053113481,0.200562844,0.885488921,3.530064608,10.29925879,25.24000159,40.39082009,19.37928574,Decessi
Vaccini 16/6/2021,0,6844,29885,45500,76662,63983,52074,38715,4103,888,318654,0,2.147784117,9.378510861,14.27881025,24.05806925,20.07914541,16.34186296,12.14954151,1.287603482,0.278672165,Vaccini
Vaccini ultimi 25 giorni,0,369901,1006365,1339031,2829840,3845726,2043790,1179810,215919,66121,12896503,0,2.868227147,7.803394455,10.38289992,21.94269253,29.8199132,15.84762939,9.148293921,1.674244561,0.512704878,Vaccini
Vaccini cumulativi,0,462953,2231888,3027746,5481637,8501148,8272166,7622942,6513282,1483109,43596871,0,1.061895015,5.119376572,6.944869966,12.57346427,19.49944527,18.9742195,17.48506676,14.93979235,3.401870286,Vaccini
