Categoria,0-9 anni,10-19 anni,20-29 anni,30-39 anni,40-49 anni,50-59 anni,60-69 anni,70-79 anni,80-89 anni,oltre 90 anni,Tutte le età,0-9 anni,10-19 anni,20-29 anni,30-39 anni,40-49 anni,50-59 anni,60-69 anni,70-79 anni,80-89 anni,oltre 90 anni,Labels
Casi 6/2-8/2/2021,2095,3134,2864,3341,4225,4319,2851,2099,1514,458,26900,7.788104089,11.65055762,10.64684015,12.42007435,15.7063197,16.05576208,10.59851301,7.802973978,5.628252788,1.70260223,Casi
Casi ultimi 26 giorni,21075,32352,36625,40006,51371,55145,36710,26973,20889,7079,328225,6.4,9.85665321,11.15850407,12.18859014,15.65115393,16.80097494,11.18440094,8.217838373,6.364231853,2.156752228,Casi
Casi cumulativi,110629,223458,312186,322971,416693,466294,294427,220123,187167,70583,2624531,4.2,8.514206919,11.89492523,12.30585579,15.87685571,17.76675528,11.218271,8.387136597,7.13144558,2.689356689,Casi
Decessi 6/2-8/2/2021,0,0,0,0,2,22,56,169,282,151,682,0,0,0,0,0.293255132,3.225806452,8.211143695,24.78005865,41.34897361,22.14076246,Decessi
Decessi ultimi 26 giorni,0,0,4,18,76,290,958,2504,4788,2579,11217,0,0,0.035660159,0.160470714,0.677543015,2.585361505,8.540608006,22.32325934,42.68520995,22.99188731,Decessi
Decessi cumulativi,5,5,45,175,732,2901,8450,21779,37337,18372,89801,0,0.005567867,0.050110801,0.194875335,0.815135689,3.230476275,9.40969477,24.25251389,41.577488,20.4585695,Decessi
Vaccini 8/2/2021,0,68,4327,4558,5767,7422,4738,1788,4831,2098,35597,0,0.191027334,12.15551872,12.80444981,16.20080344,20.85007164,13.3101104,5.022895188,13.57136837,5.893755092,Vaccini
Vaccini ultimi 26 giorni,0,925,181301,269999,331662,450616,292221,72434,102664,79958,1781780,0,0.051914378,10.17527416,15.15332982,18.61408255,25.2902154,16.4005096,4.065260582,5.761878571,4.487534937,Vaccini
Vaccini cumulativi,0,2617,267997,400946,500485,672433,418453,93019,127716,98844,2582510,0,0.101335522,10.37738479,15.52543843,19.37978943,26.03796307,16.20334481,3.601883439,4.945421315,3.827439197,Vaccini
