Categoria,0-9 anni,10-19 anni,20-29 anni,30-39 anni,40-49 anni,50-59 anni,60-69 anni,70-79 anni,80-89 anni,oltre 90 anni,Tutte le età,0-9 anni,10-19 anni,20-29 anni,30-39 anni,40-49 anni,50-59 anni,60-69 anni,70-79 anni,80-89 anni,oltre 90 anni,Labels
Casi 22/8/2021,584,1212,1239,1056,1006,806,465,262,196,53,6879,8.489606047,17.61883995,18.01133886,15.35106847,14.62421864,11.71681931,6.759703445,3.808693124,2.849251345,0.770460823,Casi
Casi ultimi 22 giorni,9745,27253,28096,18398,17785,15788,8637,5159,3190,841,134892,7.224297957,20.20357026,20.82851466,13.6390594,13.18462177,11.70417816,6.402900098,3.824541114,2.364854847,0.623461732,Casi
Casi cumulativi,248319,458805,555410,561639,711634,763326,481870,348295,258924,88949,4477171,5.546337185,10.24765415,12.40537831,12.54450634,15.89472459,17.04929296,10.76282322,7.779354418,5.783205511,1.986723313,Casi
Decessi 22/8/2021,0,0,0,0,3,1,5,8,14,6,37,0,0,0,0,8.108108108,2.702702703,13.51351351,21.62162162,37.83783784,16.21621622,Decessi
Decessi ultimi 22 giorni,0,1,3,5,18,40,76,153,203,95,594,0,0.168350168,0.505050505,0.841750842,3.03030303,6.734006734,12.79461279,25.75757576,34.17508418,15.99326599,Decessi
Decessi cumulativi,14,17,70,266,1145,4579,13210,32274,51546,24745,127866,0.010948962,0.013295168,0.054744811,0.208030282,0.895468694,3.581092706,10.3311279,25.24048613,40.31251466,19.35229068,Decessi
Vaccini 22/8/2021,0,17730,19732,17137,16834,9791,5026,1566,423,54,88293,0,20.08086711,22.34831753,19.40923969,19.06606413,11.08921432,5.692410497,1.773640039,0.479086677,0.061160001,Vaccini
Vaccini ultimi 22 giorni,0,1221452,1556976,1319947,1043303,723296,507141,171879,35783,7893,6587670,0,18.54148735,23.63469937,20.03662904,15.837208,10.97954208,7.698336438,2.609101549,0.543181428,0.119814745,Vaccini
Vaccini cumulativi,0,3518315,7363330,8047518,11497512,14093081,12022054,10395934,6790470,1555327,75283541,0,4.67341859,9.780796575,10.68961143,15.27227844,18.72000282,15.96903366,13.80903961,9.019859998,2.065958879,Vaccini
