Categoria,0-9 anni,10-19 anni,20-29 anni,30-39 anni,40-49 anni,50-59 anni,60-69 anni,70-79 anni,80-89 anni,oltre 90 anni,Tutte le età,0-9 anni,10-19 anni,20-29 anni,30-39 anni,40-49 anni,50-59 anni,60-69 anni,70-79 anni,80-89 anni,oltre 90 anni,Labels
Casi 24/5/2021,465,653,527,588,807,723,408,220,92,41,4524,10.27851459,14.43412909,11.6489832,12.99734748,17.83819629,15.98143236,9.018567639,4.862953139,2.033598585,0.90627763,Casi
Casi ultimi 23 giorni,18247,23303,19966,23124,28646,26030,16782,10168,4196,1298,171760,10.62354448,13.56718677,11.62435957,13.46297159,16.67792268,15.15486726,9.770610154,5.919888216,2.442943642,0.755705636,Casi
Casi cumulativi,227182,399659,492973,519659,669333,725362,461788,336808,252472,87220,4172456,5.444802773,9.578507239,11.81493586,12.4545112,16.04170302,17.38453323,11.06753433,8.072176196,6.050920609,2.090375549,Casi
Decessi 24/5/2021,1,0,0,1,3,6,19,40,43,7,120,0.833333333,0,0,0.833333333,2.5,5,15.83333333,33.33333333,35.83333333,5.833333333,Decessi
Decessi ultimi 23 giorni,1,3,7,18,55,218,656,1366,1368,573,4265,0.023446659,0.070339977,0.164126612,0.422039859,1.289566237,5.11137163,15.38100821,32.02813599,32.07502931,13.43493552,Decessi
Decessi cumulativi,11,17,66,235,1076,4274,12503,31043,50211,24104,123540,0.008903999,0.013760725,0.053423992,0.190221791,0.870972964,3.459608224,10.12060871,25.1278938,40.64351627,19.51108953,Decessi
Vaccini 24/5/2021,0,1904,12597,17764,43162,93007,86134,47165,7522,2001,311256,0,0.611715116,4.047150898,5.707199219,13.86704192,29.88119105,27.67304084,15.15312155,2.416660241,0.642879173,Vaccini
Vaccini ultimi 23 giorni,0,57655,376546,496518,993402,2416704,3375593,2225695,634630,164711,10741454,0,0.536752287,3.505540311,4.622446831,9.248301021,22.49885351,31.42584793,20.72061194,5.908231791,1.533414378,Vaccini
Vaccini cumulativi,0,97632,1244741,1716098,2719437,4834464,6382311,6521764,6303599,1414056,31234102,0,0.312581421,3.985198614,5.494308753,8.706627775,15.4781591,20.4337906,20.88026734,20.181784,4.527282392,Vaccini
