Categoria,0-9 anni,10-19 anni,20-29 anni,30-39 anni,40-49 anni,50-59 anni,60-69 anni,70-79 anni,80-89 anni,oltre 90 anni,Tutte le età,0-9 anni,10-19 anni,20-29 anni,30-39 anni,40-49 anni,50-59 anni,60-69 anni,70-79 anni,80-89 anni,oltre 90 anni,Labels
Casi 21/2/2022,4857,4863,3092,4566,5163,3549,2389,1519,909,299,31206,15.56431455,15.58354163,9.908350958,14.63180158,16.54489521,11.37281292,7.655579055,4.867653656,2.912901365,0.958149074,Casi
Casi ultimi 28 giorni,14408,31061,32203,25331,25392,21842,12319,7660,4822,1353,176391,8.168217199,17.60917507,18.25660039,14.36071001,14.39529228,12.38271794,6.983916413,4.342625191,2.733699565,0.767045938,Casi
Casi cumulativi,1145479,1612374,1584668,1692605,2023406,1862533,1078233,701182,447285,142629,12290394,9.320116182,13.11897731,12.89354922,13.77177168,16.46331273,15.15437992,8.772973429,5.705122228,3.639305624,1.160491682,Casi
Decessi 21/2/2022,0,0,0,1,0,4,6,25,41,22,99,0,0,0,1.01010101,0,4.04040404,6.060606061,25.25252525,41.41414141,22.22222222,Decessi
Decessi ultimi 28 giorni,0,0,4,12,37,99,211,352,498,245,1458,0,0,0.274348422,0.823045267,2.537722908,6.790123457,14.47187929,24.14266118,34.1563786,16.80384088,Decessi
Decessi cumulativi,20,27,104,371,1433,5561,15592,37588,60123,29320,150139,0.013320989,0.017983335,0.069269144,0.24710435,0.954448877,3.703901052,10.38504319,25.03546713,40.04489173,19.52857019,Decessi
