Categoria,0-9 anni,10-19 anni,20-29 anni,30-39 anni,40-49 anni,50-59 anni,60-69 anni,70-79 anni,80-89 anni,oltre 90 anni,Tutte le età,0-9 anni,10-19 anni,20-29 anni,30-39 anni,40-49 anni,50-59 anni,60-69 anni,70-79 anni,80-89 anni,oltre 90 anni,Labels
Casi 27/9/2021,352,332,268,372,411,322,244,163,82,27,2573,13.68052857,12.90322581,10.41585698,14.45783133,15.97357171,12.51457443,9.483093665,6.335017489,3.186941314,1.049358725,Casi
Casi ultimi 28 giorni,14408,31061,32203,25331,25392,21842,12319,7660,4822,1353,176391,8.168217199,17.60917507,18.25660039,14.36071001,14.39529228,12.38271794,6.983916413,4.342625191,2.733699565,0.767045938,Casi
Casi cumulativi,267057,485755,581416,589243,740337,787244,496503,357908,265331,90847,4661641,5.728819529,10.42025759,12.47234611,12.64024836,15.88146749,16.88770113,10.65082017,7.677725505,5.691793941,1.948820169,Casi
Decessi 27/9/2021,1,0,0,0,2,7,5,13,20,5,53,1.886792453,0,0,0,3.773584906,13.20754717,9.433962264,24.52830189,37.73584906,9.433962264,Decessi
Decessi ultimi 28 giorni,0,0,4,12,37,99,211,352,498,245,1458,0,0,0.274348422,0.823045267,2.537722908,6.790123457,14.47187929,24.14266118,34.1563786,16.80384088,Decessi
Decessi cumulativi,16,19,76,287,1198,4739,13541,32821,52311,25154,130162,0.012292374,0.014597194,0.058388777,0.220494461,0.920391512,3.640847559,10.40318987,25.21550068,40.18914891,19.32514866,Decessi
Vaccini 27/9/2021,0,45463,37263,39310,35348,26778,11434,5212,1818,356,202982,0,22.39755249,18.35778542,19.36624922,17.41435201,13.19230277,5.633011794,2.567715364,0.895645919,0.17538501,Vaccini
Vaccini ultimi 28 giorni,0,1615579,1294590,1218208,1070386,762160,327123,152546,52888,10686,6504166,0,24.83914156,19.90401229,18.72965727,16.4569293,11.71802811,5.029438056,2.345358344,0.813140378,0.1642947,Vaccini
Vaccini cumulativi,0,5667874,9167516,9708650,12951115,15126523,12482424,10611324,6867826,1571740,84154992,0,6.735041933,10.89360926,11.53662994,15.38959804,17.97459977,14.83266019,12.60926268,8.16092526,1.867672924,Vaccini
