Categoria,0-9 anni,10-19 anni,20-29 anni,30-39 anni,40-49 anni,50-59 anni,60-69 anni,70-79 anni,80-89 anni,oltre 90 anni,Tutte le età,0-9 anni,10-19 anni,20-29 anni,30-39 anni,40-49 anni,50-59 anni,60-69 anni,70-79 anni,80-89 anni,oltre 90 anni,Labels
Casi 8/4/2021,569,891,978,989,1309,1424,979,647,382,102,8270,6.880290206,10.7738815,11.82587666,11.95888755,15.82829504,17.21886336,11.83796856,7.823458283,4.6191052,1.23337364,Casi
Casi ultimi 26 giorni,32311,53604,59831,63320,83648,89589,57663,41371,23984,6042,511363,6.318603419,10.48257304,11.700299,12.38259319,16.35785147,17.51964847,11.27633403,8.090338957,4.690210281,1.181548137,Casi
Casi cumulativi,180989,338528,435119,454643,589216,646366,409519,302041,236501,82802,3675724,4.923900706,9.209831859,11.83764069,12.36880136,16.02993043,17.58472617,11.14117926,8.21718388,6.434133792,2.252671855,Casi
Decessi 8/4/2021,0,0,0,1,4,22,47,107,168,63,412,0,0,0,0.242718447,0.970873786,5.339805825,11.40776699,25.97087379,40.77669903,15.29126214,Decessi
Decessi ultimi 26 giorni,0,-2,1,19,102,408,1263,2813,4157,1754,10515,0,-0.019020447,0.009510223,0.180694246,0.970042796,3.880171184,12.01141227,26.75225868,39.53399905,16.680932,Decessi
Decessi cumulativi,6,12,53,208,948,3666,10726,27171,45931,22244,110965,0.00540711,0.010814221,0.047762808,0.187446492,0.854323435,3.303744424,9.666110936,24.48609922,41.39233092,20.04596044,Decessi
Vaccini 8/4/2021,0,320,3670,4494,6927,10892,17181,48500,69711,11140,172835,0,0.185147684,2.123412503,2.60016779,4.007868777,6.301964301,9.940694882,28.06144589,40.33384442,6.445453756,Vaccini
Vaccini ultimi 26 giorni,0,8771,167284,226286,318553,436041,451278,1000752,2256016,446958,5311939,0,0.165118613,3.14920785,4.259951027,5.99692504,8.208697427,8.495541835,18.83967418,42.47066843,8.4142156,Vaccini
Vaccini cumulativi,0,15420,699074,1001314,1359434,1775837,1242927,1223616,3793217,901631,12012470,0,0.128366606,5.819569164,8.335621234,11.31685657,14.78327938,10.34697277,10.18621483,31.57732756,7.505791898,Vaccini
