Categoria,0-9 anni,10-19 anni,20-29 anni,30-39 anni,40-49 anni,50-59 anni,60-69 anni,70-79 anni,80-89 anni,oltre 90 anni,Tutte le età,0-9 anni,10-19 anni,20-29 anni,30-39 anni,40-49 anni,50-59 anni,60-69 anni,70-79 anni,80-89 anni,oltre 90 anni,Labels
Casi 28/5/2021,336,561,552,569,690,701,342,201,104,33,4089,8.217168012,13.71973588,13.49963316,13.91538273,16.87454145,17.14355588,8.363903155,4.915627293,2.543409146,0.807043287,Casi
Casi ultimi 27 giorni,19583,25461,21838,25134,31297,28450,18076,10873,4552,1404,186668,10.49081792,13.639724,11.69884501,13.46454668,16.76613024,15.24096256,9.683502261,5.824779823,2.43855401,0.752137485,Casi
Casi cumulativi,228518,401817,494845,521669,671984,727782,463082,337513,252828,87326,4187364,5.457323509,9.595941504,11.81757784,12.45817178,16.0479003,17.38043313,11.0590338,8.060273719,6.037879678,2.085464746,Casi
Decessi 28/5/2021,0,0,0,1,2,10,27,33,46,27,146,0,0,0,0.684931507,1.369863014,6.849315068,18.49315068,22.60273973,31.50684932,18.49315068,Decessi
Decessi ultimi 27 giorni,0,3,6,21,60,248,764,1546,1476,629,4753,0,0.063118031,0.126236061,0.441826215,1.262360614,5.217757206,16.07405849,32.52682516,31.05407111,13.23374711,Decessi
Decessi cumulativi,6,17,65,238,1081,4304,12611,31223,50319,24160,124024,0.004837773,0.013707024,0.052409211,0.191898342,0.871605496,3.470296072,10.16819325,25.17496614,40.57198607,19.48010063,Decessi
Vaccini 28/5/2021,0,5270,26498,34460,92087,197298,129394,62592,11769,3804,563172,0,0.935770955,4.705134488,6.118912162,16.35148764,35.03334683,22.9759292,11.11418892,2.089770088,0.675459717,Vaccini
Vaccini ultimi 27 giorni,0,79392,482007,632894,1350316,3166158,3936407,2517889,690986,185186,13041235,0,0.608776699,3.696022654,4.853021972,10.35420342,24.27805342,30.18431153,19.30713617,5.298470582,1.42000355,Vaccini
Vaccini cumulativi,0,119426,1351647,1854081,3078619,5587046,6946753,6817890,6364284,1436049,33555795,0,0.355902758,4.028058343,5.525367526,9.174626916,16.65001828,20.70209631,20.31807025,18.96627393,4.279585687,Vaccini
