Categoria,0-9 anni,10-19 anni,20-29 anni,30-39 anni,40-49 anni,50-59 anni,60-69 anni,70-79 anni,80-89 anni,oltre 90 anni,Tutte le età,0-9 anni,10-19 anni,20-29 anni,30-39 anni,40-49 anni,50-59 anni,60-69 anni,70-79 anni,80-89 anni,oltre 90 anni,Labels
Casi 1/10/2021,526,552,345,525,671,528,330,200,143,51,3871,13.5882201,14.25988117,8.91242573,13.56238698,17.33402222,13.63988633,8.524928959,5.166623611,3.694135882,1.317489021,Casi
Casi ultimi 28 giorni,14408,31061,32203,25331,25392,21842,12319,7660,4822,1353,176391,8.168217199,17.60917507,18.25660039,14.36071001,14.39529228,12.38271794,6.983916413,4.342625191,2.733699565,0.767045938,Casi
Casi cumulativi,269097,487694,582798,591308,742706,789106,497778,358718,265890,91017,4676112,5.754716739,10.42947645,12.46330285,12.64529164,15.88298142,16.87525876,10.64512569,7.6712876,5.686134122,1.946424722,Casi
Decessi 1/10/2021,-1,0,0,0,1,4,1,4,16,6,31,-3.225806452,0,0,0,3.225806452,12.90322581,3.225806452,12.90322581,51.61290323,19.35483871,Decessi
Decessi ultimi 28 giorni,0,0,4,12,37,99,211,352,498,245,1458,0,0,0.274348422,0.823045267,2.537722908,6.790123457,14.47187929,24.14266118,34.1563786,16.80384088,Decessi
Decessi cumulativi,15,19,76,286,1201,4753,13561,32851,52387,25180,130329,0.011509334,0.01457849,0.058313959,0.219444636,0.921514015,3.646924322,10.40520529,25.2062089,40.19596559,19.32033546,Decessi
Vaccini 1/10/2021,0,23700,19628,22084,20737,16301,7482,3489,1402,272,115095,0,20.59168513,17.05373822,19.18762761,18.01729006,14.16308267,6.500716799,3.031408836,1.218124158,0.236326513,Vaccini
Vaccini ultimi 28 giorni,0,1446538,1146591,1124881,1004448,728649,307025,142412,50928,10412,5961884,0,24.26310207,19.23202464,18.86787801,16.84782864,12.22179096,5.149798285,2.388707999,0.854226617,0.174642781,Vaccini
Vaccini cumulativi,0,5810301,9292071,9842255,13075373,15223678,12525267,10632316,6876241,1573730,84851232,0,6.847633043,10.95101483,11.59942498,15.40976211,17.94161103,14.76144389,12.53053815,8.103878798,1.854693165,Vaccini
