Categoria,0-9 anni,10-19 anni,20-29 anni,30-39 anni,40-49 anni,50-59 anni,60-69 anni,70-79 anni,80-89 anni,oltre 90 anni,Tutte le età,0-9 anni,10-19 anni,20-29 anni,30-39 anni,40-49 anni,50-59 anni,60-69 anni,70-79 anni,80-89 anni,oltre 90 anni,Labels
Casi 24/6/2021,54,117,174,124,166,165,48,42,26,0,916,5.895196507,12.77292576,18.99563319,13.5371179,18.12227074,18.01310044,5.240174672,4.585152838,2.838427948,0,Casi
Casi ultimi 26 giorni,4231,6951,7278,6963,8093,7113,3705,2158,1099,371,47962,8.821567074,14.49272341,15.17451316,14.51774321,16.87377507,14.83049081,7.724865519,4.499395355,2.291397356,0.773529044,Casi
Casi cumulativi,232945,409137,502494,528974,680490,735296,466982,339786,253974,87710,4237788,5.496853547,9.654494279,11.8574596,12.48231389,16.05766971,17.35093874,11.01947525,8.018003732,5.993079408,2.06971184,Casi
Decessi 24/6/2021,0,0,-1,-1,1,2,1,17,16,6,41,0,0,-2.43902439,-2.43902439,2.43902439,4.87804878,2.43902439,41.46341463,39.02439024,14.63414634,Decessi
Decessi ultimi 26 giorni,3,-2,4,15,39,169,409,660,700,321,2318,0.129421915,-0.086281277,0.172562554,0.647109577,1.682484901,7.290767903,17.64452114,28.4728214,30.19844694,13.84814495,Decessi
Decessi cumulativi,13,16,69,254,1121,4477,13030,31912,51055,24494,126441,0.010281475,0.012654123,0.054570907,0.200884207,0.886579511,3.540781867,10.30520164,25.23864886,40.37851646,19.37188096,Decessi
Vaccini 24/6/2021,0,14895,52169,67525,71632,96537,52389,43414,4945,1137,404643,0,3.681022531,12.89259916,16.68754927,17.70251802,23.85732609,12.94696807,10.72896356,1.222064882,0.280988427,Vaccini
Vaccini ultimi 26 giorni,0,490301,1382069,1805531,3189453,3698357,1828764,1204872,196612,55642,13851601,0,3.539670252,9.977684168,13.03481814,23.02587982,26.69985224,13.20254605,8.698431322,1.419417149,0.401700858,Vaccini
Vaccini cumulativi,0,615661,2776001,3721313,6414862,9507688,8927744,8101180,6580685,1501903,48147037,0,1.278710048,5.765673597,7.729059215,13.3234824,19.74719234,18.54266546,16.825916,13.66789196,3.119408989,Vaccini
