Categoria,0-9 anni,10-19 anni,20-29 anni,30-39 anni,40-49 anni,50-59 anni,60-69 anni,70-79 anni,80-89 anni,oltre 90 anni,Tutte le età,0-9 anni,10-19 anni,20-29 anni,30-39 anni,40-49 anni,50-59 anni,60-69 anni,70-79 anni,80-89 anni,oltre 90 anni,Labels
Casi 22/4/2021,891,1157,1107,1227,1519,1671,994,716,337,82,9701,9.184620142,11.9266055,11.41119472,12.6481806,15.65817957,17.22502835,10.24636635,7.380682404,3.473868673,0.845273683,Casi
Casi ultimi 26 giorni,29577,46201,50559,53101,68127,73348,48590,34871,18753,4840,427967,6.91104688,10.79545853,11.81376134,12.40773237,15.91875074,17.13870462,11.35367914,8.148058145,4.381879911,1.130928319,Casi
Casi cumulativi,196903,361745,459483,480776,621484,680786,432454,318529,244631,84872,3881663,5.07264541,9.3193304,11.83727181,12.38582535,16.01076652,17.53851378,11.14094655,8.205993153,6.302221496,2.186485535,Casi
Decessi 22/4/2021,0,0,-1,1,6,18,31,76,54,43,228,0,0,-0.438596491,0.438596491,2.631578947,7.894736842,13.59649123,33.33333333,23.68421053,18.85964912,Decessi
Decessi ultimi 26 giorni,0,-2,3,9,109,476,1391,3145,4048,1679,10858,0,-0.018419598,0.027629398,0.082888193,1.003868116,4.383864432,12.81083072,28.96481857,37.28126727,15.4632529,Decessi
Decessi cumulativi,6,12,56,212,1001,3932,11457,28925,47999,23120,116720,0.005140507,0.010281014,0.047978067,0.181631254,0.857607951,3.368745716,9.815798492,24.78152844,41.12320082,19.80808773,Decessi
Vaccini 22/4/2021,0,642,4263,6000,10083,16898,50930,100422,56615,8832,254685,0,0.252076094,1.673832381,2.355851346,3.959008187,6.634862673,19.99725151,39.42988397,22.22942066,3.467813181,Vaccini
Vaccini ultimi 26 giorni,0,15948,151428,198603,311847,488750,966119,2414931,2235039,406327,7188992,0,0.221839167,2.106387098,2.762598706,4.337840409,6.798588731,13.43886598,33.59206687,31.08974109,5.652071946,Vaccini
Vaccini cumulativi,0,26590,782782,1111787,1541732,2079307,1973374,2962342,4963156,1117987,16559057,0,0.160576777,4.727213633,6.714071943,9.310506027,12.55691674,11.91718828,17.88955736,29.97245556,6.751513688,Vaccini
