Categoria,0-9 anni,10-19 anni,20-29 anni,30-39 anni,40-49 anni,50-59 anni,60-69 anni,70-79 anni,80-89 anni,oltre 90 anni,Tutte le età,0-9 anni,10-19 anni,20-29 anni,30-39 anni,40-49 anni,50-59 anni,60-69 anni,70-79 anni,80-89 anni,oltre 90 anni,Labels
Casi 13/2/2021,975,1591,1430,1615,2064,2200,1339,969,660,159,13002,7.498846331,12.23657899,10.99830795,12.42116597,15.87448085,16.92047377,10.29841563,7.452699585,5.076142132,1.222888786,Casi
Casi ultimi 15 giorni,13624,19848,19705,22644,29471,30226,19874,14167,10269,3012,182840,7.5,10.85539269,10.77718224,12.38459856,16.11846423,16.53139357,10.86961278,7.748304529,5.616385911,1.647341938,Casi
Casi cumulativi,115520,230754,319261,330998,427456,477258,301265,225117,190662,71587,2689878,4.3,8.57860468,11.86897696,12.30531645,15.89127834,17.74273777,11.19995033,8.369041273,7.08812816,2.661347466,Casi
Decessi 13/2/2021,1,0,-1,0,3,13,24,72,168,67,347,0.3,0,-0.288184438,0,0.864553314,3.746397695,6.916426513,20.74927954,48.41498559,19.30835735,Decessi
Decessi ultimi 15 giorni,1,0,2,6,38,160,492,1254,2329,1265,5547,0,0,0.036055526,0.108166577,0.685054985,2.884442041,8.869659275,22.60681449,41.98665946,22.80511988,Decessi
Decessi cumulativi,6,10,47,177,751,2959,8621,22205,38126,18767,91669,0,0.010908813,0.051271422,0.193085994,0.819251874,3.227917835,9.404487886,24.22301978,41.59094132,20.47256979,Decessi
Vaccini 13/2/2021,0,112,7193,8909,10290,10787,7052,3085,12820,3548,63796,0,0.175559596,11.27500157,13.96482538,16.1295379,16.90858361,11.05398458,4.835726378,20.09530378,5.561477209,Vaccini
Vaccini ultimi 15 giorni,0,1653,131404,166029,206560,266675,170004,54056,107018,59485,1162884,0,0.142146594,11.2998373,14.27734839,17.76273472,22.93220992,14.61917096,4.648443009,9.202809567,5.115299548,Vaccini
Vaccini cumulativi,0,3146,309386,450052,560336,743971,463213,112785,189638,124987,2957514,0,0.106373123,10.46101557,15.21723988,18.9461825,25.15528244,15.662242,3.813506884,6.412074465,4.226083123,Vaccini
