Categoria,0-9 anni,10-19 anni,20-29 anni,30-39 anni,40-49 anni,50-59 anni,60-69 anni,70-79 anni,80-89 anni,oltre 90 anni,Tutte le età,0-9 anni,10-19 anni,20-29 anni,30-39 anni,40-49 anni,50-59 anni,60-69 anni,70-79 anni,80-89 anni,oltre 90 anni,Labels
Casi 14/1/2022,12129,21457,22673,21373,24669,22496,11536,6348,3065,761,146507,8.278785314,14.64571659,15.47571106,14.58838144,16.8381033,15.35489772,7.874026497,4.332898769,2.092050209,0.519429106,Casi
Casi ultimi 28 giorni,14408,31061,32203,25331,25392,21842,12319,7660,4822,1353,176391,8.168217199,17.60917507,18.25660039,14.36071001,14.39529228,12.38271794,6.983916413,4.342625191,2.733699565,0.767045938,Casi
Casi cumulativi,529151,938859,1103501,1062654,1282152,1267745,756609,511324,335120,108115,7895230,6.702160672,11.89147118,13.97680625,13.45944323,16.23957757,16.0571003,9.583115375,6.47636611,4.244588188,1.369371127,Casi
Decessi 14/1/2022,0,0,0,1,2,18,37,75,133,72,338,0,0,0,0.295857988,0.591715976,5.325443787,10.94674556,22.18934911,39.34911243,21.30177515,Decessi
Decessi ultimi 28 giorni,0,0,4,12,37,99,211,352,498,245,1458,0,0,0.274348422,0.823045267,2.537722908,6.790123457,14.47187929,24.14266118,34.1563786,16.80384088,Decessi
Decessi cumulativi,15,23,82,324,1315,5171,14538,35069,55768,26935,139240,0.010772766,0.016518242,0.058891123,0.232691755,0.944412525,3.713731686,10.44096524,25.18600977,40.05170928,19.34429762,Decessi
