Categoria,0-9 anni,10-19 anni,20-29 anni,30-39 anni,40-49 anni,50-59 anni,60-69 anni,70-79 anni,80-89 anni,oltre 90 anni,Tutte le età,0-9 anni,10-19 anni,20-29 anni,30-39 anni,40-49 anni,50-59 anni,60-69 anni,70-79 anni,80-89 anni,oltre 90 anni,Labels
Casi in aggiornamento,0,0,0,0,0,0,0,0,0,0,0,#DIV/0!,#DIV/0!,#DIV/0!,#DIV/0!,#DIV/0!,#DIV/0!,#DIV/0!,#DIV/0!,#DIV/0!,#DIV/0!,Casi
Casi ultimi 28 giorni,30406,48947,48958,53601,69459,70286,44753,31784,20256,5196,423646,7.177218716,11.55375006,11.55634657,12.65230877,16.39552834,16.59073849,10.56377258,7.502490287,4.781350467,1.226495706,Casi
Casi cumulativi,138940,269271,358280,373231,481927,532261,336329,249808,205909,75321,3021277,4.598717695,8.912489653,11.85856179,12.35341877,15.9511028,17.61708708,11.13201471,8.268291851,6.815296975,2.493018681,Casi
Decessi in aggiornamento,0,0,0,0,0,0,0,0,0,0,0,#DIV/0!,#DIV/0!,#DIV/0!,#DIV/0!,#DIV/0!,#DIV/0!,#DIV/0!,#DIV/0!,#DIV/0!,#DIV/0!,Decessi
Decessi ultimi 28 giorni,1,2,6,9,87,291,852,2142,3661,1772,8823,0.011334013,0.022668027,0.06800408,0.10200612,0.986059164,3.298197892,9.656579395,24.27745665,41.49382296,20.0838717,Decessi
Decessi cumulativi,6,11,51,184,817,3170,9246,23752,40716,19993,97946,0.006125824,0.011230678,0.052069508,0.187858616,0.834133094,3.236477243,9.439895453,24.25009699,41.56984461,20.41226798,Decessi
Vaccini 7/3/2021,0,47,2002,2916,4443,5926,3578,1123,14442,2210,36687,0,0.128110775,5.45697386,7.948319568,12.11055687,16.15286069,9.752773462,3.061029793,39.3654428,6.023932183,Vaccini
Vaccini ultimi 28 giorni,0,2714,190556,263777,376489,455011,246676,83343,905139,233770,2757475,0,0.098423376,6.910525027,9.565889083,13.65339668,16.50100182,8.945720269,3.022439007,32.82492135,8.477683388,Vaccini
Vaccini cumulativi,0,5358,458665,666552,879657,1130964,666867,177504,1037703,336320,5359590,0,0.099970334,8.557837447,12.43662295,16.41276665,21.10168875,12.44250027,3.311895126,19.36161162,6.275106865,Vaccini
