Categoria,0-9 anni,10-19 anni,20-29 anni,30-39 anni,40-49 anni,50-59 anni,60-69 anni,70-79 anni,80-89 anni,oltre 90 anni,Tutte le età,0-9 anni,10-19 anni,20-29 anni,30-39 anni,40-49 anni,50-59 anni,60-69 anni,70-79 anni,80-89 anni,oltre 90 anni,Labels
Casi 3/5/2021,1400,1588,1386,1638,2008,1853,1291,785,357,91,12397,11.29305477,12.8095507,11.18012422,13.21287408,16.19746713,14.94716464,10.41380979,6.33217714,2.879728967,0.73404856,Casi
Casi ultimi 23 giorni,27667,36610,35832,39939,48696,49568,33375,22818,10827,2855,308187,8.977341679,11.87915129,11.62670716,12.95933962,15.80079627,16.08374136,10.82946393,7.403946305,3.51312677,0.926385604,Casi
Casi cumulativi,211062,378831,475163,499104,643852,702272,446973,327849,248842,86060,4020008,5.250288059,9.423637963,11.8199516,12.41549768,16.01618703,17.46941797,11.11870922,8.155431531,6.190087184,2.14079176,Casi
Decessi 3/5/2021,0,1,0,1,3,8,29,82,61,25,210,0,0.476190476,0,0.476190476,1.428571429,3.80952381,13.80952381,39.04761905,29.04761905,11.9047619,Decessi
Decessi ultimi 23 giorni,0,3,6,10,69,365,1069,2399,2731,1184,7836,0,0.038284839,0.076569678,0.127616131,0.880551302,4.65798877,13.64216437,30.61510975,34.85196529,15.10974987,Decessi
Decessi cumulativi,6,15,59,218,1025,4068,11892,29794,48940,23566,119583,0.005017436,0.012543589,0.049338117,0.18230016,0.857145246,3.401821329,9.944557337,24.91491265,40.92554962,19.70681451,Decessi
Vaccini 3/5/2021,0,1324,7739,9759,16333,33577,113412,101723,30865,5705,320437,0,0.413185743,2.415139325,3.04552845,5.09710177,10.47850279,35.39291655,31.74508562,9.632158583,1.780381167,Vaccini
Vaccini ultimi 23 giorni,0,24428,160413,204398,345618,638743,1871474,2995592,1575932,285638,8102236,0,0.301497019,1.979860868,2.522735699,4.265711342,7.883539803,23.09824103,36.97241107,19.4505813,3.525421871,Vaccini
Vaccini cumulativi,0,42148,882934,1237806,1756033,2491490,3221669,4487014,5727313,1252570,21098977,0,0.19976324,4.184724217,5.866663583,8.322834799,11.808582,15.26931377,21.26650027,27.14497959,5.936638539,Vaccini
