Categoria,0-9 anni,10-19 anni,20-29 anni,30-39 anni,40-49 anni,50-59 anni,60-69 anni,70-79 anni,80-89 anni,oltre 90 anni,Tutte le età,0-9 anni,10-19 anni,20-29 anni,30-39 anni,40-49 anni,50-59 anni,60-69 anni,70-79 anni,80-89 anni,oltre 90 anni,Labels
Casi 3/10/2021,312,273,209,308,349,267,169,134,85,14,2120,14.71698113,12.87735849,9.858490566,14.52830189,16.46226415,12.59433962,7.971698113,6.320754717,4.009433962,0.660377358,Casi
Casi ultimi 28 giorni,14408,31061,32203,25331,25392,21842,12319,7660,4822,1353,176391,8.168217199,17.60917507,18.25660039,14.36071001,14.39529228,12.38271794,6.983916413,4.342625191,2.733699565,0.767045938,Casi
Casi cumulativi,269783,488357,583266,592054,743528,789759,498208,359024,266150,91072,4681201,5.763115064,10.43230145,12.45975125,12.64748085,15.8832744,16.87086284,10.6427389,7.669484818,5.685506775,1.945483648,Casi
Decessi 3/10/2021,0,0,0,1,0,0,4,4,4,1,14,0,0,0,7.142857143,0,0,28.57142857,28.57142857,28.57142857,7.142857143,Decessi
Decessi ultimi 28 giorni,0,0,4,12,37,99,211,352,498,245,1458,0,0,0.274348422,0.823045267,2.537722908,6.790123457,14.47187929,24.14266118,34.1563786,16.80384088,Decessi
Decessi cumulativi,15,19,76,287,1202,4753,13571,32862,52402,25190,130377,0.011505097,0.014573123,0.05829249,0.220130851,0.921941754,3.645581659,10.40904454,25.20536598,40.19267202,19.32089249,Decessi
Vaccini 3/10/2021,0,10244,7673,9873,8787,6473,2445,946,387,45,46873,0,21.85479914,16.36976511,21.0632987,18.74639985,13.80965588,5.216222559,2.018219444,0.825635227,0.096004096,Vaccini
Vaccini ultimi 28 giorni,0,1403768,1107874,1098352,984441,720591,302984,140144,50728,10441,5819323,0,24.12253109,19.03785028,18.874223,16.91676162,12.38272906,5.206516291,2.408252644,0.871716521,0.179419496,Vaccini
Vaccini cumulativi,0,5859775,9328124,9886205,13116981,15254786,12536383,10636478,6878279,1574096,85071107,0,6.888090689,10.96509065,11.62110774,15.41884367,17.93180615,14.73635814,12.50304407,8.085329135,1.850329748,Vaccini
