Categoria,0-9 anni,10-19 anni,20-29 anni,30-39 anni,40-49 anni,50-59 anni,60-69 anni,70-79 anni,80-89 anni,oltre 90 anni,Tutte le età,0-9 anni,10-19 anni,20-29 anni,30-39 anni,40-49 anni,50-59 anni,60-69 anni,70-79 anni,80-89 anni,oltre 90 anni,Labels
Casi 22/3/2021,1098,1619,1712,1882,2401,2433,1544,1086,699,182,14656,7.491812227,11.04667031,11.68122271,12.84115721,16.382369,16.60070961,10.5349345,7.409934498,4.769377729,1.241812227,Casi
Casi ultimi 23 giorni,31837,51861,55456,59602,77508,80856,51132,35968,21526,5029,470775,6.762678562,11.01609049,11.77972492,12.6604004,16.46391588,17.17508364,10.86123945,7.640167808,4.572460305,1.068238543,Casi
Casi cumulativi,161032,304797,396820,414723,536180,589355,372312,275360,221065,78795,3350439,4.806295533,9.097225767,11.84382106,12.37816895,16.00327599,17.59038144,11.11233483,8.218624485,6.598090579,2.351781364,Casi
Decessi 22/3/2021,0,0,0,2,3,13,36,92,118,45,309,0,0,0,0.647249191,0.970873786,4.207119741,11.65048544,29.77346278,38.18770227,14.5631068,Decessi
Decessi ultimi 23 giorni,0,3,2,15,72,288,761,2001,3140,1467,7749,0,0.038714673,0.025809782,0.193573364,0.929152149,3.716608595,9.820622016,25.8226868,40.52135759,18.93147503,Decessi
Decessi cumulativi,6,14,51,196,870,3387,9796,25166,42910,21017,103413,0.005801978,0.01353795,0.049316817,0.189531297,0.841286879,3.275216849,9.472696856,24.33543172,41.49381606,20.3233636,Decessi
Vaccini 22/3/2021,0,55,1684,2307,2980,4340,3674,8203,22404,3978,49625,0,0.110831234,3.393450882,4.648866499,6.005037783,8.74559194,7.403526448,16.52997481,45.1465995,8.016120907,Vaccini
Vaccini ultimi 23 giorni,0,3827,177764,255895,374834,497657,320625,174494,1474412,334207,3613715,0,0.105902098,4.9191483,7.081216975,10.37253906,13.77134057,8.872448436,4.828659703,40.80045051,9.248294345,Vaccini
Vaccini cumulativi,0,8227,574427,832388,1117825,1440221,872500,321808,2146618,580645,7894659,0,0.104209694,7.276147076,10.54368529,14.15925628,18.24297921,11.05177564,4.076274859,27.19076277,7.354909186,Vaccini
