Categoria,0-9 anni,10-19 anni,20-29 anni,30-39 anni,40-49 anni,50-59 anni,60-69 anni,70-79 anni,80-89 anni,oltre 90 anni,Tutte le età,0-9 anni,10-19 anni,20-29 anni,30-39 anni,40-49 anni,50-59 anni,60-69 anni,70-79 anni,80-89 anni,oltre 90 anni,Labels
Casi 26/2/2022,5954,6777,4782,6418,7485,5613,3569,2448,1496,460,45002,13.23052309,15.0593307,10.62619439,14.26158837,16.63259411,12.47277899,7.930758633,5.439758233,3.324296698,1.022176792,Casi
Casi ultimi 28 giorni,14408,31061,32203,25331,25392,21842,12319,7660,4822,1353,176391,8.168217199,17.60917507,18.25660039,14.36071001,14.39529228,12.38271794,6.983916413,4.342625191,2.733699565,0.767045938,Casi
Casi cumulativi,1181961,1650902,1609771,1728594,2066569,1895268,1098170,714345,455526,145287,12546393,9.42072355,13.15837946,12.83054819,13.7776172,16.47141932,15.1060787,8.752874232,5.69362844,3.630732753,1.157998159,Casi
Decessi 26/2/2022,0,0,0,2,1,12,13,43,59,45,175,0,0,0,1.142857143,0.571428571,6.857142857,7.428571429,24.57142857,33.71428571,25.71428571,Decessi
Decessi ultimi 28 giorni,0,0,4,12,37,99,211,352,498,245,1458,0,0,0.274348422,0.823045267,2.537722908,6.790123457,14.47187929,24.14266118,34.1563786,16.80384088,Decessi
Decessi cumulativi,21,27,106,375,1450,5610,15698,37849,60570,29611,151317,0.01387815,0.017843336,0.070051614,0.247824104,0.958253204,3.707448601,10.37424744,25.01305207,40.02854934,19.56885214,Decessi
