Categoria,0-9 anni,10-19 anni,20-29 anni,30-39 anni,40-49 anni,50-59 anni,60-69 anni,70-79 anni,80-89 anni,oltre 90 anni,Tutte le età,0-9 anni,10-19 anni,20-29 anni,30-39 anni,40-49 anni,50-59 anni,60-69 anni,70-79 anni,80-89 anni,oltre 90 anni,Labels
Casi 6/12/2021,1495,1635,1097,1448,1982,1623,976,660,315,86,11317,13.21021472,14.44729169,9.693381638,12.79491031,17.5134753,14.34125652,8.624193691,5.831934258,2.783423169,0.759918706,Casi
Casi ultimi 28 giorni,14408,31061,32203,25331,25392,21842,12319,7660,4822,1353,176391,8.168217199,17.60917507,18.25660039,14.36071001,14.39529228,12.38271794,6.983916413,4.342625191,2.733699565,0.767045938,Casi
Casi cumulativi,322211,545384,621429,644170,815504,851701,540030,388859,281813,95615,5106716,6.309553929,10.67974017,12.16885764,12.61417318,15.96924521,16.6780569,10.57489784,7.614658814,5.51847802,1.872338309,Casi
Decessi 6/12/2021,0,0,0,1,1,3,5,24,20,17,71,0,0,0,1.408450704,1.408450704,4.225352113,7.042253521,33.8028169,28.16901408,23.94366197,Decessi
Decessi ultimi 28 giorni,0,0,4,12,37,99,211,352,498,245,1458,0,0,0.274348422,0.823045267,2.537722908,6.790123457,14.47187929,24.14266118,34.1563786,16.80384088,Decessi
Decessi cumulativi,14,20,80,302,1252,4913,13918,33591,53604,25889,133583,0.010480375,0.014971965,0.05988786,0.226076671,0.937245009,3.677863201,10.41899044,25.14616381,40.12786058,19.38046009,Decessi
Vaccini 6/12/2021,0,20216,32387,40510,62740,106081,97334,97228,33488,6133,496117,0,4.074845248,6.528097203,8.165412594,12.64621047,21.38225459,19.61916242,19.59779649,6.75002066,1.236200332,Vaccini
Vaccini ultimi 28 giorni,0,305412,461847,601838,910829,1440491,1513565,1484071,1123943,213176,8055172,0,3.791501907,5.733546099,7.471448158,11.30738115,17.88280871,18.78997742,18.42382757,13.95306022,2.646448766,Vaccini
Vaccini cumulativi,0,6682818,10536451,11386017,14905623,17499843,14588524,12508866,9126083,2021394,99255619,0,6.732936702,10.61547055,11.47140798,15.01740974,17.63108545,14.69793262,12.60267794,9.194525299,2.036553719,Vaccini
