Categoria,0-9 anni,10-19 anni,20-29 anni,30-39 anni,40-49 anni,50-59 anni,60-69 anni,70-79 anni,80-89 anni,oltre 90 anni,Tutte le età,0-9 anni,10-19 anni,20-29 anni,30-39 anni,40-49 anni,50-59 anni,60-69 anni,70-79 anni,80-89 anni,oltre 90 anni,Labels
Casi 12/5/2021,883,1099,851,1025,1326,1172,811,468,200,87,7922,11.14617521,13.8727594,10.74223681,12.93865186,16.73819742,14.79424388,10.23731381,5.907599091,2.524614996,1.098207523,Casi
Casi ultimi 25 giorni,29285,36340,33158,38528,47029,45200,30376,19823,8879,2481,291099,10.06015136,12.48372547,11.39062656,13.23535979,16.15567213,15.52736354,10.43493794,6.809710786,3.050165064,0.852287366,Casi
Casi cumulativi,220248,390020,484728,510682,657928,714930,455467,333162,251019,86749,4104933,5.36544689,9.501251299,11.80842659,12.44069026,16.02774028,17.41636222,11.09560132,8.11613734,6.115057176,2.113286624,Casi
Decessi 12/5/2021,0,0,1,0,4,16,43,90,96,34,284,0,0,0.352112676,0,1.408450704,5.633802817,15.14084507,31.69014085,33.8028169,11.97183099,Decessi
Decessi ultimi 25 giorni,1,4,7,19,80,374,1099,2308,2505,1080,7477,0.013374348,0.053497392,0.093620436,0.254112612,1.06994784,5.002006152,14.69840845,30.86799519,33.50274174,14.44429584,Decessi
Decessi cumulativi,11,16,63,229,1053,4187,12233,30471,49651,23854,121768,0.009033572,0.013139741,0.051737731,0.188062545,0.864759214,3.438506011,10.04615334,25.02381578,40.77508048,19.58971158,Decessi
Vaccini 13/5/2021,0,696,4731,6330,12028,34791,53045,41548,9549,1916,164634,0,0.422755931,2.873646999,3.844892307,7.30590279,21.1323299,32.21995457,25.2365854,5.800138489,1.163793627,Vaccini
Vaccini ultimi 25 giorni,0,38775,255571,326578,561062,1263895,3009980,3109422,1364986,267809,10198078,0,0.380218704,2.506070261,3.202348521,5.501644526,12.39346277,29.51516943,30.49027474,13.38473779,2.626073266,Vaccini
Vaccini cumulativi,0,63195,1021539,1416779,2066601,3276291,4746633,5580666,6091192,1343834,25606730,0,0.24679059,3.989337959,5.532838437,8.070538487,12.79464813,18.53666204,21.79374719,23.78746525,5.24797192,Vaccini
