Categoria,0-9 anni,10-19 anni,20-29 anni,30-39 anni,40-49 anni,50-59 anni,60-69 anni,70-79 anni,80-89 anni,oltre 90 anni,Tutte le età,0-9 anni,10-19 anni,20-29 anni,30-39 anni,40-49 anni,50-59 anni,60-69 anni,70-79 anni,80-89 anni,oltre 90 anni,Labels
Casi 9/2/2021,878,1336,1357,1525,1977,2023,1297,930,672,186,12181,7.207946802,10.96790083,11.14030047,12.51949758,16.23019457,16.60783187,10.64773007,7.634841146,5.516788441,1.526968229,Casi
Casi ultimi 27 giorni,21953,33688,37982,41531,53348,57168,38007,27903,21561,7265,340406,6.4,9.896417807,11.15785268,12.20043125,15.67187417,16.79406356,11.16519685,8.196976552,6.333907158,2.134216201,Casi
Casi cumulativi,111507,224794,313543,324496,418670,468317,295724,221053,187839,70769,2636712,4.2,8.525542418,11.89143903,12.30684276,15.87848806,17.76140132,11.21563523,8.383661166,7.123986237,2.683986723,Casi
Decessi 9/2/2021,0,0,1,1,2,14,39,88,163,92,400,0,0,0.25,0.25,0.5,3.5,9.75,22,40.75,23,Decessi
Decessi ultimi 27 giorni,0,0,5,19,78,304,997,2592,4951,2671,11617,0,0,0.043040372,0.163553413,0.671429801,2.61685461,8.582250151,22.31212878,42.61857622,22.99216665,Decessi
Decessi cumulativi,5,5,46,176,734,2915,8489,21867,37500,18464,90201,0,0.005543176,0.050997217,0.195119788,0.813738207,3.231671489,9.411203867,24.24252503,41.57381847,20.46983958,Decessi
Vaccini 9/2/2021,0,76,7208,8777,10901,13791,8899,3575,10160,5217,68604,0,0.110780712,10.506676,12.79371465,15.88974404,20.10232639,12.97154685,5.21106641,14.80963209,7.604512856,Vaccini
Vaccini ultimi 27 giorni,0,1039,191559,282910,347957,471567,305301,77726,120780,88040,1886879,0,0.055064474,10.15216132,14.99354225,18.44087512,24.99190462,16.18021081,4.119289048,6.401046384,4.665905975,Vaccini
Vaccini cumulativi,0,2731,278255,413857,516780,693384,431533,98311,145832,106926,2687609,0,0.101614483,10.35325451,15.39870569,19.22824339,25.79928851,16.05639064,3.657935362,5.426086905,3.978480501,Vaccini
