Categoria,0-9 anni,10-19 anni,20-29 anni,30-39 anni,40-49 anni,50-59 anni,60-69 anni,70-79 anni,80-89 anni,oltre 90 anni,Tutte le età,0-9 anni,10-19 anni,20-29 anni,30-39 anni,40-49 anni,50-59 anni,60-69 anni,70-79 anni,80-89 anni,oltre 90 anni,Labels
Casi 17/5/2021,832,1113,885,1081,1263,1246,771,420,160,56,7827,10.62987096,14.22000767,11.30701418,13.81116648,16.13645075,15.91925386,9.85051744,5.366040629,2.044205954,0.715472084,Casi
Casi ultimi 23 giorni,24083,29535,25801,30615,37364,34514,22937,14385,6078,1852,227164,10.6015918,13.00161997,11.35787361,13.47704742,16.44802874,15.19342854,10.09711046,6.332429434,2.675600007,0.815270025,Casi
Casi cumulativi,223702,394643,488758,515157,663514,720016,458634,334971,251760,86984,4138139,5.405859977,9.536726533,11.81105806,12.44900183,16.03411582,17.3995122,11.08309798,8.094725673,6.083894234,2.10200769,Casi
Decessi 17/5/2021,0,0,0,0,3,11,49,80,85,33,261,0,0,0,0,1.149425287,4.214559387,18.77394636,30.651341,32.56704981,12.64367816,Decessi
Decessi ultimi 23 giorni,1,3,7,17,58,261,821,1646,1681,746,5241,0.019080328,0.057240985,0.133562297,0.324365579,1.106659035,4.979965655,15.66494944,31.40622019,32.07403167,14.23392482,Decessi
Decessi cumulativi,11,16,65,230,1065,4223,12355,30737,49893,23970,122565,0.00897483,0.013054298,0.053033084,0.18765553,0.868926692,3.445518704,10.08036552,25.07812181,40.70737976,19.55696977,Decessi
Vaccini 17/5/2021,0,1432,10135,13425,25337,83312,95127,69181,10404,2802,311155,0,0.46022079,3.257219071,4.314569909,8.142886986,26.77507994,30.57222285,22.23361347,3.343671161,0.90051582,Vaccini
Vaccini ultimi 23 giorni,0,45431,294932,373423,670814,1684625,3215373,2660659,1003726,205805,10154788,0,0.447385017,2.904363932,3.677309659,6.605888769,16.58946499,31.66361523,26.2010295,9.884263463,2.026679434,Vaccini
Vaccini cumulativi,0,75500,1097673,1513374,2261714,3843302,5414823,5994207,6190002,1374452,27765047,0,0.271924625,3.953434691,5.450644474,8.145903733,13.84223121,19.50230086,21.58903963,22.29422482,4.95029596,Vaccini
