Categoria,0-9 anni,10-19 anni,20-29 anni,30-39 anni,40-49 anni,50-59 anni,60-69 anni,70-79 anni,80-89 anni,oltre 90 anni,Tutte le età,0-9 anni,10-19 anni,20-29 anni,30-39 anni,40-49 anni,50-59 anni,60-69 anni,70-79 anni,80-89 anni,oltre 90 anni,Labels
Casi 9/12/2021,1640,1793,1057,1375,2061,1671,1039,699,330,90,11755,13.95151,15.25308379,8.991918333,11.69715015,17.5329647,14.21522756,8.838792003,5.946405785,2.807316036,0.765631646,Casi
Casi ultimi 28 giorni,14408,31061,32203,25331,25392,21842,12319,7660,4822,1353,176391,8.168217199,17.60917507,18.25660039,14.36071001,14.39529228,12.38271794,6.983916413,4.342625191,2.733699565,0.767045938,Casi
Casi cumulativi,328889,552691,626016,650374,824446,859041,544702,392070,283145,95979,5157353,6.377089177,10.71656332,12.13831979,12.61061634,15.98583615,16.65662599,10.56165828,7.602155602,5.490122549,1.86101281,Casi
Decessi 9/12/2021,0,0,0,1,2,1,7,22,32,20,85,0,0,0,1.176470588,2.352941176,1.176470588,8.235294118,25.88235294,37.64705882,23.52941176,Decessi
Decessi ultimi 28 giorni,0,0,4,12,37,99,211,352,498,245,1458,0,0,0.274348422,0.823045267,2.537722908,6.790123457,14.47187929,24.14266118,34.1563786,16.80384088,Decessi
Decessi cumulativi,14,20,80,304,1256,4921,13943,33657,53702,25951,133848,0.010459626,0.014942323,0.059769291,0.227123304,0.938377861,3.676558484,10.41704022,25.14568765,40.12163051,19.38841073,Decessi
Vaccini 9/12/2021,0,17584,31861,43856,69669,107279,103441,104498,34523,6611,519322,0,3.385953224,6.13511463,8.444856948,13.4153762,20.65751114,19.91847062,20.12200523,6.647706048,1.273005958,Vaccini
Vaccini ultimi 28 giorni,0,329098,499584,658299,1026451,1660923,1696104,1655029,1055049,203725,8784262,0,3.746450186,5.68726206,7.494072923,11.68511367,18.90794013,19.30844048,18.84084286,12.01067318,2.319204505,Vaccini
Vaccini cumulativi,0,6733236,10622907,11501659,15084603,17793099,14857073,12774551,9220289,2041477,100628894,0,6.691155723,10.55651769,11.42977781,14.99032972,17.6818986,14.7642217,12.6947147,9.162665546,2.028718511,Vaccini
