Categoria,0-9 anni,10-19 anni,20-29 anni,30-39 anni,40-49 anni,50-59 anni,60-69 anni,70-79 anni,80-89 anni,oltre 90 anni,Tutte le età,0-9 anni,10-19 anni,20-29 anni,30-39 anni,40-49 anni,50-59 anni,60-69 anni,70-79 anni,80-89 anni,oltre 90 anni,Labels
Casi 16/5/2021,425,653,540,536,735,610,383,252,110,35,4279,9.932227156,15.2605749,12.61977097,12.52629119,17.17691049,14.25566721,8.950689413,5.889226455,2.570694087,0.817948119,Casi
Casi ultimi 22 giorni,23251,28422,24916,29534,36101,33268,22166,13965,5918,1796,219337,10.60058267,12.95814204,11.35968852,13.46512444,16.45914734,15.16752759,10.10591008,6.366914839,2.698131186,0.818831296,Casi
Casi cumulativi,222870,393530,487873,514076,662251,718770,457863,334551,251600,86928,4130312,5.395960402,9.527851649,11.81201323,12.44642051,16.03392189,17.40231731,11.08543374,8.09989657,6.0915495,2.104635195,Casi
Decessi 16/5/2021,0,0,0,0,2,0,11,31,19,18,81,0,0,0,0,2.469135802,0,13.58024691,38.27160494,23.45679012,22.22222222,Decessi
Decessi ultimi 22 giorni,1,3,7,17,55,250,772,1566,1596,713,4980,0.020080321,0.060240964,0.140562249,0.341365462,1.104417671,5.020080321,15.50200803,31.44578313,32.04819277,14.31726908,Decessi
Decessi cumulativi,11,16,65,230,1062,4212,12306,30657,49808,23937,122304,0.008993982,0.013082156,0.053146259,0.188055992,0.8683281,3.443877551,10.06181319,25.06622841,40.72475144,19.57172292,Decessi
Vaccini 16/5/2021,0,1604,9174,11810,26504,77389,86278,55193,9529,1996,279477,0,0.573929161,3.282559924,4.225750241,9.483427974,27.69065075,30.87123448,19.74867341,3.409582899,0.71419115,Vaccini
Vaccini ultimi 22 giorni,0,43200,279944,354191,628988,1563129,3070873,2569944,988176,200643,9699088,0,0.445402702,2.88629199,3.651796952,6.485022097,16.11624722,31.66146137,26.49675928,10.18833936,2.068679035,Vaccini
Vaccini cumulativi,0,73267,1082605,1493973,2219597,3721506,5270135,5903338,6173967,1368931,27307319,0,0.268305358,3.964523211,5.470961833,8.128212806,13.62823644,19.29934975,21.61815299,22.60920232,5.013055291,Vaccini
