Categoria,0-9 anni,10-19 anni,20-29 anni,30-39 anni,40-49 anni,50-59 anni,60-69 anni,70-79 anni,80-89 anni,oltre 90 anni,Tutte le età,0-9 anni,10-19 anni,20-29 anni,30-39 anni,40-49 anni,50-59 anni,60-69 anni,70-79 anni,80-89 anni,oltre 90 anni,Labels
Casi 8/1/2022,6547,16045,19620,16144,18626,17283,8171,4422,1888,465,109211,5.994817372,14.69174351,17.96522328,14.78239371,17.05505856,15.82532895,7.481847067,4.049042679,1.728763586,0.425781286,Casi
Casi ultimi 28 giorni,14408,31061,32203,25331,25392,21842,12319,7660,4822,1353,176391,8.168217199,17.60917507,18.25660039,14.36071001,14.39529228,12.38271794,6.983916413,4.342625191,2.733699565,0.767045938,Casi
Casi cumulativi,457329,794563,936815,911165,1109876,1107487,676366,468117,315091,103415,6880224,6.647007423,11.54850482,13.61605378,13.24324615,16.1313934,16.09667069,9.830581097,6.803804644,4.579661941,1.503076063,Casi
Decessi 8/1/2022,0,0,0,1,0,4,8,25,23,19,80,0,0,0,1.25,0,5,10,31.25,28.75,23.75,Decessi
Decessi ultimi 28 giorni,0,0,4,12,37,99,211,352,498,245,1458,0,0,0.274348422,0.823045267,2.537722908,6.790123457,14.47187929,24.14266118,34.1563786,16.80384088,Decessi
Decessi cumulativi,15,21,81,318,1293,5093,14350,34685,55187,26656,137699,0.010893325,0.015250655,0.058823957,0.230938496,0.939004641,3.698647049,10.4212812,25.18899919,40.07799621,19.35816527,Decessi
