Categoria,0-9 anni,10-19 anni,20-29 anni,30-39 anni,40-49 anni,50-59 anni,60-69 anni,70-79 anni,80-89 anni,oltre 90 anni,Tutte le età,0-9 anni,10-19 anni,20-29 anni,30-39 anni,40-49 anni,50-59 anni,60-69 anni,70-79 anni,80-89 anni,oltre 90 anni,Labels
Casi 6/2/2021,685,985,993,1132,1496,1518,1032,735,426,127,9129,7.503560083,10.78979078,10.8774236,12.40004382,16.38733706,16.62832731,11.30463359,8.051265199,4.666447585,1.391170994,Casi
Casi ultimi 24 giorni,18980,29218,33761,36665,47146,50826,33859,24874,19375,6621,301325,6.3,9.696507094,11.20418153,12.167925,15.64622915,16.86750187,11.23670455,8.254874305,6.429934456,2.197295279,Casi
Casi cumulativi,108534,220324,309322,319630,412468,461975,291576,218024,185653,70125,2597631,4.2,8.481728159,11.90784988,12.30467299,15.87862171,17.78447362,11.22468896,8.393185945,7.147012027,2.699575113,Casi
Decessi 6/2/2021,0,0,0,0,1,2,24,36,94,39,196,0,0,0,0,0.510204082,1.020408163,12.24489796,18.36734694,47.95918367,19.89795918,Decessi
Decessi ultimi 24 giorni,0,0,4,18,74,268,902,2335,4506,2428,10535,0,0,0.037968676,0.170859041,0.702420503,2.543901281,8.561936402,22.16421452,42.77171334,23.04698624,Decessi
Decessi cumulativi,5,5,45,175,730,2879,8394,21610,37055,18221,89119,0,0.005610476,0.050494283,0.196366656,0.819129479,3.230512012,9.418866908,24.24847676,41.57923675,20.4456962,Decessi
Vaccini 7/2/2021,0,111,5775,6960,8308,10200,7867,2587,3710,2463,47981,0,0.231341573,12.03601426,14.50574186,17.31518726,21.25841479,16.39607345,5.391717555,7.73222734,5.133281924,Vaccini
Vaccini ultimi 25 giorni,0,819,175176,263824,323827,440640,285732,69906,97109,77532,1734565,0,0.047216449,10.09913148,15.20980765,18.66906112,25.40348733,16.47283325,4.030174712,5.598464168,4.469823846,Vaccini
Vaccini cumulativi,0,2511,261872,394771,492650,662457,411964,90491,122161,96418,2535295,0,0.099041729,10.32905441,15.5710085,19.43166377,26.12938534,16.24915444,3.569249338,4.818413636,3.803028839,Vaccini
