Categoria,0-9 anni,10-19 anni,20-29 anni,30-39 anni,40-49 anni,50-59 anni,60-69 anni,70-79 anni,80-89 anni,oltre 90 anni,Tutte le età,0-9 anni,10-19 anni,20-29 anni,30-39 anni,40-49 anni,50-59 anni,60-69 anni,70-79 anni,80-89 anni,oltre 90 anni,Labels
Casi 30/7/2021,335,1442,1510,755,779,642,278,161,83,16,6001,5.582402933,24.02932845,25.16247292,12.58123646,12.98116981,10.69821696,4.63256124,2.682886186,1.383102816,0.26662223,Casi
Casi ultimi 27 giorni,4910,20411,22471,12755,11859,10992,5594,2994,1544,341,93871,5.230582395,21.7436695,23.93817047,13.58779602,12.63329463,11.7096867,5.959241938,3.18948344,1.644810431,0.36326448,Casi
Casi cumulativi,238321,430587,526313,542702,693355,747103,472992,343025,255668,88088,4338154,5.493603962,9.92558125,12.13218802,12.50997544,15.98271984,17.22168,10.90307075,7.907165121,5.893474506,2.030541101,Casi
Decessi 30/7/2021,0,0,0,1,1,0,2,4,6,2,16,0,0,0,6.25,6.25,0,12.5,25,37.5,12.5,Decessi
Decessi ultimi 27 giorni,1,-1,-1,5,6,43,70,138,211,111,583,0.171526587,-0.171526587,-0.171526587,0.857632933,1.02915952,7.375643225,12.00686106,23.67066895,36.19210978,19.03945111,Decessi
Decessi cumulativi,14,16,67,261,1127,4539,13134,32116,51339,24647,127260,0.0110011,0.012572686,0.052648122,0.205091938,0.885588559,3.566713814,10.32060349,25.23652365,40.3418199,19.36743674,Decessi
Vaccini 30/7/2021,0,44768,86325,75612,59842,41125,37966,13646,1903,428,361615,0,12.38001742,23.87207389,20.90953085,16.54853919,11.3725924,10.49901138,3.773626647,0.526250294,0.118357922,Vaccini
Vaccini ultimi 27 giorni,0,1109656,2108978,2144703,3084418,2611949,1897482,1341601,88748,21029,14408564,0,7.701364272,14.63697562,14.88491844,21.40683832,18.12775374,13.16912636,9.311136072,0.615939243,0.145947924,Vaccini
Vaccini cumulativi,0,2217517,5658060,6591037,10331618,13278984,11440631,10187129,6739083,1542866,67986925,0,3.261681566,8.322276673,9.694565536,15.19647785,19.53167319,16.82769297,14.98395316,9.912322112,2.269356939,Vaccini
