Categoria,0-9 anni,10-19 anni,20-29 anni,30-39 anni,40-49 anni,50-59 anni,60-69 anni,70-79 anni,80-89 anni,oltre 90 anni,Tutte le età,0-9 anni,10-19 anni,20-29 anni,30-39 anni,40-49 anni,50-59 anni,60-69 anni,70-79 anni,80-89 anni,oltre 90 anni,Labels
Casi in aggiornamento,0,0,0,0,0,0,0,0,0,0,0,#DIV/0!,#DIV/0!,#DIV/0!,#DIV/0!,#DIV/0!,#DIV/0!,#DIV/0!,#DIV/0!,#DIV/0!,#DIV/0!,Casi
Casi ultimi 28 giorni,14408,31061,32203,25331,25392,21842,12319,7660,4822,1353,176391,8.168217199,17.60917507,18.25660039,14.36071001,14.39529228,12.38271794,6.983916413,4.342625191,2.733699565,0.767045938,Casi
Casi cumulativi,264974,483641,579696,586946,737857,785285,495119,356902,264679,90675,4645774,5.703549075,10.41034282,12.47792079,12.6339766,15.8823266,16.90321139,10.65740606,7.682293629,5.697199218,1.951773806,Casi
Decessi in aggiornamento,0,0,0,0,0,0,0,0,0,0,0,#DIV/0!,#DIV/0!,#DIV/0!,#DIV/0!,#DIV/0!,#DIV/0!,#DIV/0!,#DIV/0!,#DIV/0!,#DIV/0!,Decessi
Decessi ultimi 28 giorni,0,0,4,12,37,99,211,352,498,245,1458,0,0,0.274348422,0.823045267,2.537722908,6.790123457,14.47187929,24.14266118,34.1563786,16.80384088,Decessi
Decessi cumulativi,15,19,75,281,1193,4720,13509,32762,52221,25111,129906,0.011546811,0.01462596,0.057734054,0.216310255,0.91835635,3.633396456,10.39905778,25.2197743,40.19906702,19.33013102,Decessi
Vaccini 23/9/2021,0,24865,23697,24374,22562,17762,8045,3721,1313,261,126600,0,19.64060032,18.71800948,19.25276461,17.82148499,14.0300158,6.354660348,2.939178515,1.037124803,0.206161137,Vaccini
Vaccini ultimi 28 giorni,0,1671594,1371029,1253778,1087702,755204,331871,155467,52600,10483,6689728,0,24.98747333,20.49454029,18.74183823,16.25928588,11.28900906,4.96090424,2.323965937,0.7862801,0.156702933,Vaccini
Vaccini cumulativi,0,5477027,9019934,9544955,12798096,15008237,12436278,10591654,6860195,1570101,83306477,0,6.57455122,10.82741021,11.45763852,15.36266622,18.01569042,14.92834465,12.71408224,8.234887907,1.884728603,Vaccini
