Categoria,0-9 anni,10-19 anni,20-29 anni,30-39 anni,40-49 anni,50-59 anni,60-69 anni,70-79 anni,80-89 anni,oltre 90 anni,Tutte le età,0-9 anni,10-19 anni,20-29 anni,30-39 anni,40-49 anni,50-59 anni,60-69 anni,70-79 anni,80-89 anni,oltre 90 anni,Labels
Casi 9/5/2021,615,786,626,757,996,883,532,380,152,54,5781,10.63829787,13.59626362,10.82857637,13.09462031,17.22885314,15.27417402,9.202560111,6.573257222,2.629302889,0.934094447,Casi
Casi ultimi 22 giorni,25972,32329,29805,34512,42173,40862,27373,18054,8135,2231,261446,9.933982543,12.36545979,11.40005967,13.20043145,16.13067326,15.62923128,10.46984846,6.905441277,3.111541198,0.853331089,Casi
Casi cumulativi,216935,386009,481375,506666,653072,710592,452464,331393,250275,86499,4075280,5.323192517,9.471962663,11.81207181,12.4326672,16.02520563,17.43664239,11.10264816,8.13178481,6.141295813,2.122529004,Casi
Decessi 9/5/2021,0,1,2,0,2,5,20,46,39,19,134,0,0.746268657,1.492537313,0,1.492537313,3.731343284,14.92537313,34.32835821,29.10447761,14.17910448,Decessi
Decessi ultimi 22 giorni,1,4,6,17,70,324,987,2055,2256,992,6712,0.014898689,0.059594756,0.089392133,0.253277712,1.042908224,4.827175209,14.70500596,30.61680572,33.61144219,14.7794994,Decessi
Decessi cumulativi,11,16,62,227,1043,4137,12121,30218,49402,23766,121003,0.009090684,0.013222813,0.051238399,0.187598655,0.8619621,3.418923498,10.01710701,24.97293456,40.82708693,19.64083535,Decessi
Vaccini 9/5/2021,0,1385,8405,12670,20821,50460,94765,64095,16406,3324,272331,0,0.508572289,3.086317753,4.652426643,7.645475543,18.52892252,34.79772777,23.53569737,6.024286622,1.220573493,Vaccini
Vaccini ultimi 22 giorni,0,31537,203129,260323,446629,945946,2496172,2844904,1306585,246319,8781544,0,0.35912819,2.313135367,2.964433134,5.085996267,10.77197814,28.42520632,32.39639863,14.87876164,2.804962316,Vaccini
Vaccini cumulativi,0,55240,965306,1345520,1943343,2942271,4182895,5215913,5988625,1314575,23953688,0,0.23061167,4.029884667,5.617172604,8.112917727,12.28316491,17.46242583,21.7749893,25.00084747,5.487985817,Vaccini
