Categoria,0-9 anni,10-19 anni,20-29 anni,30-39 anni,40-49 anni,50-59 anni,60-69 anni,70-79 anni,80-89 anni,oltre 90 anni,Tutte le età,0-9 anni,10-19 anni,20-29 anni,30-39 anni,40-49 anni,50-59 anni,60-69 anni,70-79 anni,80-89 anni,oltre 90 anni,Labels
Casi 6/1/2022,6215,15341,21400,16982,18121,16584,8410,4632,1985,490,110160,5.641793755,13.92610748,19.42628903,15.4157589,16.44970951,15.05446623,7.634350036,4.204793028,1.801924473,0.444807553,Casi
Casi ultimi 28 giorni,14408,31061,32203,25331,25392,21842,12319,7660,4822,1353,176391,8.168217199,17.60917507,18.25660039,14.36071001,14.39529228,12.38271794,6.983916413,4.342625191,2.733699565,0.767045938,Casi
Casi cumulativi,443087,760563,891219,874506,1069872,1071029,658471,458390,310842,102420,6640399,6.672596029,11.4535738,13.42116641,13.16947973,16.11156197,16.12898562,9.916136064,6.903049049,4.681074134,1.542377198,Casi
Decessi 6/1/2022,0,0,0,0,2,4,12,39,39,20,116,0,0,0,0,1.724137931,3.448275862,10.34482759,33.62068966,33.62068966,17.24137931,Decessi
Decessi ultimi 28 giorni,0,0,4,12,37,99,211,352,498,245,1458,0,0,0.274348422,0.823045267,2.537722908,6.790123457,14.47187929,24.14266118,34.1563786,16.80384088,Decessi
Decessi cumulativi,15,21,81,315,1292,5077,14312,34605,55078,26601,137397,0.010917269,0.015284177,0.058953252,0.229262648,0.940340764,3.695131626,10.4165302,25.18613944,40.0867559,19.36068473,Decessi
