Categoria,0-9 anni,10-19 anni,20-29 anni,30-39 anni,40-49 anni,50-59 anni,60-69 anni,70-79 anni,80-89 anni,oltre 90 anni,Tutte le età,0-9 anni,10-19 anni,20-29 anni,30-39 anni,40-49 anni,50-59 anni,60-69 anni,70-79 anni,80-89 anni,oltre 90 anni,Labels
Casi 21/8/2021,407,868,961,723,747,609,361,228,161,55,5120,7.94921875,16.953125,18.76953125,14.12109375,14.58984375,11.89453125,7.05078125,4.453125,3.14453125,1.07421875,Casi
Casi ultimi 28 giorni,11161,34560,35368,21939,21001,18605,9875,5792,3558,897,162756,6.857504485,21.23424021,21.73068888,13.47968738,12.90336455,11.4312222,6.067364644,3.558701369,2.186094522,0.551131756,Casi
Casi cumulativi,247735,457593,554171,560583,710628,762520,481405,348033,258728,88896,4470292,5.541808007,10.23631119,12.39675171,12.54018753,15.89667968,17.0574987,10.76898332,7.785464574,5.787720355,1.988594928,Casi
Decessi 21/8/2021,0,0,0,2,0,3,2,10,9,3,29,0,0,0,6.896551724,0,10.34482759,6.896551724,34.48275862,31.03448276,10.34482759,Decessi
Decessi ultimi 28 giorni,2,1,1,8,16,49,99,191,247,115,729,0.274348422,0.137174211,0.137174211,1.09739369,2.19478738,6.721536351,13.58024691,26.20027435,33.88203018,15.77503429,Decessi
Decessi cumulativi,14,17,70,266,1142,4578,13205,32266,51532,24739,127829,0.010952131,0.013299017,0.054760657,0.208090496,0.893381001,3.581346956,10.33020676,25.24153361,40.31323096,19.35319841,Decessi
Vaccini 21/8/2021,0,29581,31951,28593,27713,17000,10134,3635,1003,210,149820,0,19.7443599,21.32625818,19.08490188,18.49753037,11.34694967,6.76411694,2.426244827,0.669470031,0.140168202,Vaccini
Vaccini ultimi 28 giorni,0,1591297,2287730,2008467,1691384,1119750,923344,332023,52427,11878,10018300,0,15.88390246,22.83551101,20.04798219,16.88294421,11.17704601,9.21657367,3.314165078,0.523312338,0.11856303,Vaccini
Vaccini cumulativi,0,3500538,7343427,8030080,11480573,14083274,12017063,10394376,6790035,1555259,75194625,0,4.655303487,9.765893506,10.67906117,15.2678107,18.72909666,15.98127925,13.82329655,9.029947287,2.068311399,Vaccini
