Categoria,0-9 anni,10-19 anni,20-29 anni,30-39 anni,40-49 anni,50-59 anni,60-69 anni,70-79 anni,80-89 anni,oltre 90 anni,Tutte le età,0-9 anni,10-19 anni,20-29 anni,30-39 anni,40-49 anni,50-59 anni,60-69 anni,70-79 anni,80-89 anni,oltre 90 anni,Labels
Casi 15/7/2021,69,332,368,214,161,172,70,47,25,6,1464,4.713114754,22.67759563,25.13661202,14.61748634,10.99726776,11.74863388,4.781420765,3.210382514,1.707650273,0.409836066,Casi
Casi ultimi 26 giorni,1661,5026,5958,3729,3542,3013,1516,929,504,124,26002,6.387970156,19.32928236,22.91362203,14.34120452,13.62202907,11.58757019,5.830320745,3.572802092,1.938312438,0.476886393,Casi
Casi cumulativi,234257,413483,507577,532014,683262,737645,468173,340464,254346,87794,4259015,5.500262385,9.708418496,11.91770867,12.49147984,16.04272349,17.31961498,10.99251822,7.993961045,5.971944217,2.06136865,Casi
Decessi 15/7/2021,0,0,0,0,3,3,4,12,19,5,46,0,0,0,0,6.52173913,6.52173913,8.695652174,26.08695652,41.30434783,10.86956522,Decessi
Decessi ultimi 26 giorni,0,1,2,4,9,68,107,209,279,122,801,0,0.124843945,0.24968789,0.49937578,1.123595506,8.489388265,13.35830212,26.09238452,34.83146067,15.2309613,Decessi
Decessi cumulativi,12,16,69,259,1128,4538,13116,32074,51270,24591,127073,0.009443391,0.012591188,0.054299497,0.203819852,0.887678736,3.571175623,10.32162615,25.24060973,40.34688722,19.35186861,Decessi
Vaccini 15/7/2021,0,38161,73512,86349,141847,112062,70630,53225,3666,952,580404,0,6.574902999,12.66566047,14.87739575,24.43935603,19.30758575,12.16910979,9.170336524,0.631629003,0.16402368,Vaccini
Vaccini ultimi 26 giorni,0,893258,1798228,1827552,2642064,3222655,1772910,1786983,137962,34142,14115754,0,6.328092711,12.73915655,12.94689607,18.71712981,22.83020092,12.55979666,12.65949378,0.977361889,0.2418716,Vaccini
Vaccini cumulativi,0,1517086,4287077,5175376,8576450,12185346,10378094,9625925,6690794,1530722,59966870,0,2.529873579,7.149075815,8.630392081,14.30198041,20.3201301,17.30637934,16.05207175,11.15748412,2.552612801,Vaccini
