Categoria,0-9 anni,10-19 anni,20-29 anni,30-39 anni,40-49 anni,50-59 anni,60-69 anni,70-79 anni,80-89 anni,oltre 90 anni,Tutte le età,0-9 anni,10-19 anni,20-29 anni,30-39 anni,40-49 anni,50-59 anni,60-69 anni,70-79 anni,80-89 anni,oltre 90 anni,Labels
Casi 16/9/2021,454,517,481,620,612,503,397,261,170,65,4080,11.12745098,12.67156863,11.78921569,15.19607843,15,12.32843137,9.730392157,6.397058824,4.166666667,1.593137255,Casi
Casi ultimi 28 giorni,14408,31061,32203,25331,25392,21842,12319,7660,4822,1353,176391,8.168217199,17.60917507,18.25660039,14.36071001,14.39529228,12.38271794,6.983916413,4.342625191,2.733699565,0.767045938,Casi
Casi cumulativi,261908,480419,576852,583261,733928,782014,492906,355421,263660,90393,4620762,5.668069466,10.39696483,12.48391499,12.62261506,15.88326774,16.92391861,10.66720164,7.691826586,5.70598529,1.95623579,Casi
Decessi 16/9/2021,0,0,0,0,2,5,10,16,17,14,64,0,0,0,0,3.125,7.8125,15.625,25,26.5625,21.875,Decessi
Decessi ultimi 28 giorni,0,0,4,12,37,99,211,352,498,245,1458,0,0,0.274348422,0.823045267,2.537722908,6.790123457,14.47187929,24.14266118,34.1563786,16.80384088,Decessi
Decessi cumulativi,14,19,73,278,1185,4708,13463,32699,52131,25046,129616,0.010801136,0.014658684,0.056320207,0.214479694,0.914238983,3.632267621,10.38683496,25.22759536,40.21957166,19.3232317,Decessi
Vaccini 16/9/2021,0,33995,29646,28286,24154,18496,9084,4730,1520,319,150230,0,22.62863609,19.7337416,18.82846302,16.07801371,12.31178859,6.04672835,3.148505625,1.011781934,0.212341077,Vaccini
Vaccini ultimi 28 giorni,0,1708809,1459119,1275649,1100032,746839,347938,160979,51913,10363,6861641,0,24.90379488,21.26486944,18.59101926,16.03161693,10.88426223,5.070769514,2.346071443,0.75656829,0.151028012,Vaccini
Vaccini cumulativi,0,5141466,8737999,9254008,12534523,14806838,12352605,10553619,6845596,1567110,81793764,0,6.285889961,10.68296478,11.31383072,15.32454601,18.102649,15.10213541,12.90271835,8.369337301,1.915928456,Vaccini
