Categoria,0-9 anni,10-19 anni,20-29 anni,30-39 anni,40-49 anni,50-59 anni,60-69 anni,70-79 anni,80-89 anni,oltre 90 anni,Tutte le età,0-9 anni,10-19 anni,20-29 anni,30-39 anni,40-49 anni,50-59 anni,60-69 anni,70-79 anni,80-89 anni,oltre 90 anni,Labels
Casi 7/6-9/6/2021,456,706,727,683,804,768,378,193,107,30,4852,9.398186315,14.55070074,14.98351195,14.07666941,16.5704864,15.82852432,7.790601814,3.977741138,2.205276175,0.618301731,Casi
Casi ultimi 25 giorni,8893,13583,11964,12617,15824,14497,8116,4614,2055,661,92824,9.580496423,14.63306903,12.88890804,13.5923899,17.04731535,15.61772817,8.743428424,4.970697233,2.213867103,0.712100319,Casi
Casi cumulativi,231338,406460,499297,526157,677340,732657,465596,338913,253545,87554,4218857,5.483428331,9.634363051,11.83488798,12.47155331,16.05505946,17.36624399,11.03606972,8.033289585,6.009803129,2.075301438,Casi
Decessi 7/6-9/6/2021,0,-1,0,1,0,10,38,70,96,43,257,0,-0.389105058,0,0.389105058,0,3.891050584,14.78599222,27.23735409,37.3540856,16.73151751,Decessi
Decessi ultimi 25 giorni,1,-1,2,15,33,153,492,900,849,390,2834,0.035285815,-0.035285815,0.07057163,0.529287227,1.164431898,5.398729711,17.36062103,31.75723359,29.95765702,13.76146789,Decessi
Decessi cumulativi,7,15,67,245,1093,4365,12787,31526,50638,24309,125052,0.005597671,0.01199501,0.053577712,0.195918498,0.874036401,3.490547932,10.22534626,25.21031251,40.49355468,19.43911333,Decessi
Vaccini 9/6/2021,0,12535,32531,53414,91692,106916,41880,32238,4775,1315,377296,0,3.322325177,8.622142827,14.15705441,24.30240448,28.33743268,11.10003817,8.544484967,1.265584581,0.348532717,Vaccini
Vaccini ultimi 25 giorni,0,252655,726651,935703,2226302,3985060,2602966,1444051,277093,90263,12540744,0,2.014673133,5.794321294,7.461303731,17.7525512,31.77690255,20.75607316,11.51487503,2.209541954,0.719757935,Vaccini
Vaccini cumulativi,0,324599,1798542,2423299,4429354,7649654,7835040,7318972,6461811,1467943,39709214,0,0.817440003,4.52928129,6.102611349,11.15447412,19.26417884,19.73103774,18.43141997,16.27282524,3.696731444,Vaccini
