Categoria,0-9 anni,10-19 anni,20-29 anni,30-39 anni,40-49 anni,50-59 anni,60-69 anni,70-79 anni,80-89 anni,oltre 90 anni,Tutte le età,0-9 anni,10-19 anni,20-29 anni,30-39 anni,40-49 anni,50-59 anni,60-69 anni,70-79 anni,80-89 anni,oltre 90 anni,Labels
Casi 7/2/2021,1052,1676,1568,1792,2320,2256,1546,1064,775,213,14262,7.376244566,11.7515075,10.99425046,12.56485766,16.26700323,15.81825831,10.83999439,7.460384238,5.434020474,1.493479175,Casi
Casi ultimi 25 giorni,20032,30894,35329,38457,49466,53082,35405,25938,20150,6834,315587,6.3,9.789376622,11.19469433,12.18586317,15.67428316,16.82008448,11.21877644,8.218969729,6.384927136,2.165488439,Casi
Casi cumulativi,109586,222000,310890,321422,414788,464231,293122,219088,186428,70338,2611893,4.2,8.499582487,11.90286126,12.3060937,15.88074243,17.77373729,11.22258837,8.388092468,7.137658396,2.692989338,Casi
Decessi 7/2/2021,0,0,0,0,2,10,26,101,148,80,367,0,0,0,0,0.544959128,2.72479564,7.084468665,27.52043597,40.32697548,21.79836512,Decessi
Decessi ultimi 25 giorni,0,0,4,18,76,278,928,2436,4654,2508,10902,0,0,0.036690516,0.16510732,0.697119795,2.549990827,8.512199596,22.34452394,42.68941479,23.00495322,Decessi
Decessi cumulativi,5,5,45,175,732,2889,8420,21711,37203,18301,89486,0,0.005587466,0.050287196,0.195561317,0.818005051,3.228437968,9.409293074,24.26189572,41.57410098,20.45124377,Decessi
Vaccini 8/2/2021,0,68,4327,4558,5767,7422,4738,1788,4831,2098,35597,0,0.191027334,12.15551872,12.80444981,16.20080344,20.85007164,13.3101104,5.022895188,13.57136837,5.893755092,Vaccini
Vaccini ultimi 26 giorni,0,925,181301,269999,331662,450616,292221,72434,102664,79958,1781780,0,0.051914378,10.17527416,15.15332982,18.61408255,25.2902154,16.4005096,4.065260582,5.761878571,4.487534937,Vaccini
Vaccini cumulativi,0,2617,267997,400946,500485,672433,418453,93019,127716,98844,2582510,0,0.101335522,10.37738479,15.52543843,19.37978943,26.03796307,16.20334481,3.601883439,4.945421315,3.827439197,Vaccini
