Categoria,0-9 anni,10-19 anni,20-29 anni,30-39 anni,40-49 anni,50-59 anni,60-69 anni,70-79 anni,80-89 anni,oltre 90 anni,Tutte le età,0-9 anni,10-19 anni,20-29 anni,30-39 anni,40-49 anni,50-59 anni,60-69 anni,70-79 anni,80-89 anni,oltre 90 anni,Labels
Casi 24/8/2021,471,1078,1129,935,883,767,434,287,223,72,6279,7.501194458,17.16833891,17.98057015,14.8909062,14.06274885,12.21532091,6.911928651,4.570791527,3.551520943,1.146679408,Casi
Casi ultimi 24 giorni,10566,29049,29896,19850,19212,17071,9357,5604,3528,946,145079,7.282928611,20.02288408,20.60670393,13.68220073,13.24244033,11.76669263,6.449589534,3.862723068,2.431778548,0.652058534,Casi
Casi cumulativi,249140,460601,557210,563091,713061,764609,482590,348740,259262,89054,4487358,5.552041981,10.26441394,12.41732886,12.54838593,15.89044155,17.03917985,10.75443501,7.771610823,5.777609007,1.984553049,Casi
Decessi 24/8/2021,0,0,2,-1,1,2,3,11,13,5,36,0,0,5.555555556,-2.777777778,2.777777778,5.555555556,8.333333333,30.55555556,36.11111111,13.88888889,Decessi
Decessi ultimi 24 giorni,0,1,5,4,19,47,84,172,224,107,663,0,0.150829563,0.754147813,0.60331825,2.865761689,7.088989442,12.66968326,25.94268477,33.78582202,16.1387632,Decessi
Decessi cumulativi,14,17,72,265,1146,4586,13218,32293,51567,24757,127935,0.010943057,0.013287998,0.056278579,0.207136436,0.895767382,3.584632821,10.33180912,25.24172431,40.30718724,19.35123305,Decessi
Vaccini 24/8/2021,0,48593,44887,36255,33039,24221,11924,5692,1637,330,206578,0,23.52283399,21.7288385,17.55027157,15.99347462,11.72486906,5.77215386,2.755375693,0.792436755,0.159745956,Vaccini
Vaccini ultimi 24 giorni,0,1347432,1677768,1418376,1130276,787962,539020,185868,39743,8728,7135173,0,18.88436342,23.51404794,19.87864905,15.84090533,11.04334821,7.55440688,2.604954358,0.557001211,0.122323593,Vaccini
Vaccini cumulativi,0,3644620,7485082,8146840,11585535,14159041,12055023,10410861,6795166,1556432,75838600,0,4.805758545,9.869752342,10.74233965,15.27656761,18.66996622,15.89562967,13.72765452,8.960036182,2.052295269,Vaccini
