Categoria,0-9 anni,10-19 anni,20-29 anni,30-39 anni,40-49 anni,50-59 anni,60-69 anni,70-79 anni,80-89 anni,oltre 90 anni,Tutte le età,0-9 anni,10-19 anni,20-29 anni,30-39 anni,40-49 anni,50-59 anni,60-69 anni,70-79 anni,80-89 anni,oltre 90 anni,Labels
Casi 12/1/2022,17882,38665,46954,43084,48667,45766,23136,12488,5527,1244,283413,6.309520029,13.6426346,16.56734165,15.20184325,17.17175994,16.1481654,8.163351716,4.406290467,1.950157544,0.438935405,Casi
Casi ultimi 28 giorni,14408,31061,32203,25331,25392,21842,12319,7660,4822,1353,176391,8.168217199,17.60917507,18.25660039,14.36071001,14.39529228,12.38271794,6.983916413,4.342625191,2.733699565,0.767045938,Casi
Casi cumulativi,505705,897935,1060246,1021053,1234552,1224018,733852,498612,328924,106537,7611434,6.644017409,11.79718566,13.92964847,13.41472579,16.21970315,16.0813061,9.641442073,6.550828661,4.321445867,1.399696825,Casi
Decessi 12/1/2022,0,0,0,0,3,8,33,69,105,65,283,0,0,0,0,1.060070671,2.826855124,11.66077739,24.38162544,37.1024735,22.96819788,Decessi
Decessi ultimi 28 giorni,0,0,4,12,37,99,211,352,498,245,1458,0,0,0.274348422,0.823045267,2.537722908,6.790123457,14.47187929,24.14266118,34.1563786,16.80384088,Decessi
Decessi cumulativi,15,22,82,323,1312,5133,14467,34921,55545,26825,138645,0.010818998,0.015867864,0.059143857,0.232969094,0.946301706,3.702261171,10.43456309,25.18734898,40.06275019,19.34797504,Decessi
