Categoria,0-9 anni,10-19 anni,20-29 anni,30-39 anni,40-49 anni,50-59 anni,60-69 anni,70-79 anni,80-89 anni,oltre 90 anni,Tutte le età,0-9 anni,10-19 anni,20-29 anni,30-39 anni,40-49 anni,50-59 anni,60-69 anni,70-79 anni,80-89 anni,oltre 90 anni,Labels
Casi 10/9/2021,410,562,597,679,698,590,375,234,145,53,4343,9.440478932,12.9403638,13.74625835,15.63435413,16.07183974,13.58507944,8.634584389,5.387980659,3.338705964,1.220354594,Casi
Casi ultimi 28 giorni,14408,31061,32203,25331,25392,21842,12319,7660,4822,1353,176391,8.168217199,17.60917507,18.25660039,14.36071001,14.39529228,12.38271794,6.983916413,4.342625191,2.733699565,0.767045938,Casi
Casi cumulativi,258771,476679,573481,579045,729551,778259,490460,353842,262565,90010,4592663,5.634443459,10.37914169,12.48689486,12.60804461,15.88514115,16.94570231,10.67920725,7.704506078,5.717053483,1.959865115,Casi
Decessi 10/9/2021,0,0,0,0,2,4,7,17,22,7,59,0,0,0,0,3.389830508,6.779661017,11.86440678,28.81355932,37.28813559,11.86440678,Decessi
Decessi ultimi 28 giorni,0,0,4,12,37,99,211,352,498,245,1458,0,0,0.274348422,0.823045267,2.537722908,6.790123457,14.47187929,24.14266118,34.1563786,16.80384088,Decessi
Decessi cumulativi,14,19,74,276,1177,4676,13405,32604,52020,24978,129243,0.010832308,0.01470099,0.057256486,0.213551217,0.910687619,3.617990916,10.37193504,25.22689817,40.24976208,19.32638518,Decessi
Vaccini 10/9/2021,0,72778,52290,47530,42840,29715,12591,6237,2133,374,266488,0,27.31004773,19.62189667,17.83569992,16.07577077,11.1505959,4.72479061,2.340443097,0.800411276,0.140344031,Vaccini
Vaccini ultimi 28 giorni,0,1653461,1464402,1264398,1100226,740573,371263,160827,49194,9848,6814192,0,24.26496054,21.49047165,18.5553621,16.14609626,10.86809705,5.448378913,2.360177113,0.721934457,0.144521904,Vaccini
Vaccini cumulativi,0,4834018,8493698,9024342,12337524,14667638,12290341,10522456,6834115,1564667,80568799,0,5.999863545,10.54216782,11.20079002,15.31302955,18.2051094,15.25446718,13.06021206,8.482334458,1.94202597,Vaccini
