Categoria,0-9 anni,10-19 anni,20-29 anni,30-39 anni,40-49 anni,50-59 anni,60-69 anni,70-79 anni,80-89 anni,oltre 90 anni,Tutte le età,0-9 anni,10-19 anni,20-29 anni,30-39 anni,40-49 anni,50-59 anni,60-69 anni,70-79 anni,80-89 anni,oltre 90 anni,Labels
Casi 24 ore,1059,1426,1566,1741,2275,2334,1623,1065,886,275,14250,7.431578947,10.00701754,10.98947368,12.21754386,15.96491228,16.37894737,11.38947368,7.473684211,6.21754386,1.929824561,Casi
Casi ultimi 28 giorni,22041,37590,47745,50301,63515,69363,46190,34231,26916,9310,407202,5.4,9.231290613,11.72513887,12.35283717,15.59790964,17.0340519,11.34326452,8.406392896,6.609987181,2.286334546,Casi
Casi cumulativi,104626,214850,303799,313144,404154,453364,285780,213908,182702,69308,2545635,4.1,8.439937383,11.93411467,12.30121365,15.87635305,17.80946601,11.22627557,8.402932864,7.177069768,2.722621271,Casi
Decessi 24 ore,0,0,0,0,1,7,29,93,162,82,374,0,0,0,0,0.267379679,1.871657754,7.754010695,24.86631016,43.31550802,21.92513369,Decessi
Decessi ultimi 28 giorni,0,-2,8,19,102,345,1095,2869,5467,2858,12761,0,-0.015672753,0.062691012,0.148891153,0.799310399,2.703549879,8.580832223,22.48256406,42.8414701,22.39636392,Decessi
Decessi cumulativi,5,5,45,172,720,2819,8206,21172,36231,17752,87127,0,0.005738749,0.051648743,0.197412972,0.826379882,3.235506789,9.418435158,24.30015954,41.58412432,20.3748551,Decessi
Vaccini 24 ore,0,60,3694,5148,6225,8758,5731,1255,1214,925,33010,0,0.181763102,11.19054832,15.59527416,18.85792184,26.53135414,17.36140563,3.801878219,3.677673432,2.802181157,Vaccini
Vaccini ultimi 27 giorni,0,1554,182439,287466,355463,483637,306688,63260,85396,67619,1833522,0,0.084754914,9.950194216,15.67835019,19.38689582,26.37748552,16.72671503,3.450190399,4.657484339,3.687929569,Vaccini
Vaccini cumulativi,0,1725,199045,315377,391809,529025,330021,65558,88880,70261,1991701,0,0.086609386,9.993718937,15.83455549,19.67207929,26.56146681,16.56980641,3.291558321,4.462517215,3.527688142,Vaccini
