Categoria,0-9 anni,10-19 anni,20-29 anni,30-39 anni,40-49 anni,50-59 anni,60-69 anni,70-79 anni,80-89 anni,oltre 90 anni,Tutte le età,0-9 anni,10-19 anni,20-29 anni,30-39 anni,40-49 anni,50-59 anni,60-69 anni,70-79 anni,80-89 anni,oltre 90 anni,Labels
Casi 5/6/2021,254,349,349,343,429,374,222,94,48,16,2478,10.25020178,14.08393866,14.08393866,13.84180791,17.31234867,15.09281679,8.958837772,3.793381759,1.937046005,0.645682002,Casi
Casi ultimi 28 giorni,14208,19914,17141,18929,23695,21511,13005,7515,3216,1058,140192,10.13467245,14.20480484,12.22680324,13.50219699,16.90182036,15.34395686,9.27656357,5.360505592,2.293996804,0.754679297,Casi
Casi cumulativi,230528,405137,497890,524838,675771,731220,464937,338528,253339,87503,4209691,5.476126395,9.623913014,11.82723388,12.46737587,16.05274591,17.36992098,11.04444483,8.04163536,6.017995145,2.07860862,Casi
Decessi 5/6/2021,0,0,0,0,0,6,11,15,15,5,52,0,0,0,0,0,11.53846154,21.15384615,28.84615385,28.84615385,9.615384615,Decessi
Decessi ultimi 28 giorni,1,2,7,15,48,214,616,1228,1129,497,3757,0.026616982,0.053233963,0.186318871,0.399254725,1.277615118,5.69603407,16.39606069,32.68565345,30.05057227,13.22863987,Decessi
Decessi cumulativi,7,17,67,242,1089,4346,12717,31400,50492,24244,124621,0.005617031,0.013641361,0.053763009,0.19418878,0.873849512,3.487373717,10.20454017,25.19639547,40.51644586,19.45418509,Decessi
Vaccini 5/6/2021,0,21524,56060,69783,136745,195959,67304,35270,6266,1750,590661,0,3.644053019,9.491061709,11.814391,23.15118147,33.17622122,11.39469171,5.971276248,1.060845392,0.296278237,Vaccini
Vaccini ultimi 28 giorni,0,201641,650271,825168,2010409,4112949,3492227,1995470,440856,136616,13865607,0,1.454252958,4.689812714,5.951185549,14.49924983,29.6629567,25.18625402,14.39150843,3.179492971,0.985286832,Vaccini
Vaccini cumulativi,0,255836,1611141,2163459,3941222,7018860,7613237,7171124,6437712,1459391,37671982,0,0.679114786,4.276761971,5.742886053,10.4619449,18.63151241,20.20928179,19.03569608,17.0888593,3.873942709,Vaccini
