Categoria,0-9 anni,10-19 anni,20-29 anni,30-39 anni,40-49 anni,50-59 anni,60-69 anni,70-79 anni,80-89 anni,oltre 90 anni,Tutte le età,0-9 anni,10-19 anni,20-29 anni,30-39 anni,40-49 anni,50-59 anni,60-69 anni,70-79 anni,80-89 anni,oltre 90 anni,Labels
Casi 23/6/2021,105,146,193,163,169,149,80,48,31,9,1093,9.606587374,13.35773102,17.65782251,14.91308326,15.46203111,13.63220494,7.319304666,4.3915828,2.836230558,0.823421775,Casi
Casi ultimi 25 giorni,4177,6834,7104,6839,7927,6948,3657,2116,1073,371,47046,8.878544403,14.52620839,15.10011478,14.53683629,16.84946648,14.76852442,7.773243209,4.49772563,2.280746503,0.788589891,Casi
Casi cumulativi,232891,409020,502320,528850,680324,735131,466934,339744,253948,87710,4236872,5.496767427,9.653820082,11.85591635,12.48208584,16.05722335,17.35079559,11.02072472,8.018745905,5.993761435,2.070159306,Casi
Decessi 23/6/2021,0,0,1,0,0,2,6,9,18,6,42,0,0,2.380952381,0,0,4.761904762,14.28571429,21.42857143,42.85714286,14.28571429,Decessi
Decessi ultimi 25 giorni,3,-2,5,16,38,167,408,643,684,315,2277,0.131752306,-0.08783487,0.219587176,0.702678964,1.668862538,7.334211682,17.91831357,28.23891085,30.03952569,13.83399209,Decessi
Decessi cumulativi,13,16,70,255,1120,4475,13029,31895,51039,24488,126400,0.01028481,0.012658228,0.055379747,0.201740506,0.886075949,3.540348101,10.30775316,25.23338608,40.3789557,19.37341772,Decessi
Vaccini 23/6/2021,0,13223,47262,63305,67258,88223,53859,44796,5061,1201,384188,0,3.441804533,12.30178975,16.47760992,17.50653326,22.96349704,14.01891782,11.6599165,1.31732381,0.312607369,Vaccini
Vaccini ultimi 25 giorni,0,468623,1306200,1706655,3083454,3563404,1756163,1143058,189101,53641,13270299,0,3.531367304,9.84303368,12.86071248,23.23575377,26.8524771,13.23378622,8.613656708,1.424994267,0.404218473,Vaccini
Vaccini cumulativi,0,593969,2699962,3622251,6308606,9372399,8854829,8039088,6572831,1499725,47563660,0,1.248787415,5.676522791,7.615585092,13.26349991,19.70495752,18.61679484,16.90174389,13.81901855,3.153089985,Vaccini
