Categoria,0-9 anni,10-19 anni,20-29 anni,30-39 anni,40-49 anni,50-59 anni,60-69 anni,70-79 anni,80-89 anni,oltre 90 anni,Tutte le età,0-9 anni,10-19 anni,20-29 anni,30-39 anni,40-49 anni,50-59 anni,60-69 anni,70-79 anni,80-89 anni,oltre 90 anni,Labels
Casi 25/8/2021,772,1385,1382,1184,1276,1049,679,371,275,79,8452,9.133932797,16.38665405,16.35115949,14.00851869,15.09701846,12.41126361,8.033601514,4.389493611,3.253667771,0.934690014,Casi
Casi ultimi 25 giorni,11338,30434,31278,21034,20488,18120,10036,5975,3803,1025,153531,7.38482782,19.82270681,20.37243293,13.70016479,13.34453628,11.80217676,6.536790616,3.891722193,2.477024184,0.667617615,Casi
Casi cumulativi,249912,461986,558592,564275,714337,765658,483269,349111,259537,89133,4495810,5.558775838,10.27592358,12.42472435,12.55113094,15.88894993,17.03047949,10.74931992,7.765252535,5.772864067,1.982579335,Casi
Decessi 25/8/2021,0,0,0,0,2,2,7,14,26,14,65,0,0,0,0,3.076923077,3.076923077,10.76923077,21.53846154,40,21.53846154,Decessi
Decessi ultimi 25 giorni,0,1,5,4,21,49,91,186,250,121,728,0,0.137362637,0.686813187,0.549450549,2.884615385,6.730769231,12.5,25.54945055,34.34065934,16.62087912,Decessi
Decessi cumulativi,14,17,72,265,1148,4588,13225,32307,51593,24771,128000,0.0109375,0.01328125,0.05625,0.20703125,0.896875,3.584375,10.33203125,25.23984375,40.30703125,19.35234375,Decessi
Vaccini 25/8/2021,0,65203,63304,52909,45969,32426,15411,7050,2239,412,284923,0,22.88442842,22.21793256,18.56957845,16.13383265,11.38061862,5.408829754,2.47435272,0.785826346,0.144600471,Vaccini
Vaccini ultimi 25 giorni,0,1431685,1758550,1485869,1188485,828634,557940,194461,42513,9270,7497407,0,19.09573537,23.45544266,19.81843856,15.85194721,11.05227447,7.441772869,2.593710065,0.567036043,0.123642747,Vaccini
Vaccini cumulativi,0,3729093,7566460,8215044,11644465,14200418,12074453,10419856,6798377,1557127,76205293,0,4.893482924,9.929047842,10.78014883,15.28038873,18.63442478,15.84463825,13.67340192,8.921134914,2.043331819,Vaccini
