Categoria,0-9 anni,10-19 anni,20-29 anni,30-39 anni,40-49 anni,50-59 anni,60-69 anni,70-79 anni,80-89 anni,oltre 90 anni,Tutte le età,0-9 anni,10-19 anni,20-29 anni,30-39 anni,40-49 anni,50-59 anni,60-69 anni,70-79 anni,80-89 anni,oltre 90 anni,Labels
Casi 6/4/2021,726,1206,1205,1165,1650,1732,1232,866,517,138,10437,6.956021845,11.55504455,11.54546326,11.16221136,15.80914056,16.59480694,11.80415828,8.297403468,4.953530708,1.322219028,Casi
Casi ultimi 24 giorni,30113,49895,55574,58906,77627,82944,53135,38087,22082,5580,473943,6.353717641,10.52763729,11.72588265,12.42892078,16.37897384,17.50083871,11.2112638,8.036198446,4.659210074,1.177356771,Casi
Casi cumulativi,178791,334819,430862,450229,583195,639721,404991,298757,234599,82340,3638304,4.91413032,9.202611986,11.8423859,12.37469436,16.02930926,17.58294524,11.13131283,8.211435878,6.44803183,2.263142387,Casi
Decessi 6/4/2021,0,1,0,0,1,11,53,81,121,52,320,0,0.3125,0,0,0.3125,3.4375,16.5625,25.3125,37.8125,16.25,Decessi
Decessi ultimi 24 giorni,0,1,2,18,85,329,1028,2339,3428,1473,8703,0,0.011490291,0.022980581,0.206825233,0.97667471,3.780305642,11.81201884,26.87578996,39.38871653,16.92519821,Decessi
Decessi cumulativi,6,15,54,207,931,3587,10491,26697,45202,21963,109153,0.005496871,0.013742178,0.049471842,0.189642062,0.852931207,3.28621293,9.61127958,24.45832913,41.41159657,20.12129763,Decessi
Vaccini 6/4/2021,0,340,4626,6175,8989,13132,16986,56268,66769,12557,185842,0,0.182951109,2.489211265,3.322714994,4.836904467,7.06621754,9.140022169,30.27733236,35.92783117,6.756814929,Vaccini
Vaccini ultimi 24 giorni,0,7754,154344,210153,294615,399865,402898,833509,2038855,410419,4752412,0,0.163159255,3.247698221,4.422028225,6.199273127,8.413938017,8.477758241,17.53865195,42.90147824,8.636014723,Vaccini
Vaccini cumulativi,0,14400,685960,984972,1335204,1739310,1194370,1056226,3575349,864858,11450649,0,0.125757064,5.990577477,8.60188798,11.66050937,15.18961938,10.43058782,9.224158386,31.22398564,7.55291687,Vaccini
