Categoria,0-9 anni,10-19 anni,20-29 anni,30-39 anni,40-49 anni,50-59 anni,60-69 anni,70-79 anni,80-89 anni,oltre 90 anni,Tutte le età,0-9 anni,10-19 anni,20-29 anni,30-39 anni,40-49 anni,50-59 anni,60-69 anni,70-79 anni,80-89 anni,oltre 90 anni,Labels
Casi 2/1/2022,3855,9189,12908,10192,11019,9804,5024,2876,1272,251,66390,5.806597379,13.8409399,19.44268715,15.35170959,16.59737912,14.76728423,7.56740473,4.331977707,1.915951197,0.378068986,Casi
Casi ultimi 28 giorni,14408,31061,32203,25331,25392,21842,12319,7660,4822,1353,176391,8.168217199,17.60917507,18.25660039,14.36071001,14.39529228,12.38271794,6.983916413,4.342625191,2.733699565,0.767045938,Casi
Casi cumulativi,413843,691321,791925,794712,985276,993856,619358,436839,301470,100314,6128914,6.752305547,11.27966553,12.92113089,12.96660387,16.07586597,16.21585814,10.10550972,7.127510681,4.91881596,1.636733686,Casi
Decessi 2/1/2022,0,0,0,1,0,2,12,25,44,15,99,0,0,0,1.01010101,0,2.02020202,12.12121212,25.25252525,44.44444444,15.15151515,Decessi
Decessi ultimi 28 giorni,0,0,4,12,37,99,211,352,498,245,1458,0,0,0.274348422,0.823045267,2.537722908,6.790123457,14.47187929,24.14266118,34.1563786,16.80384088,Decessi
Decessi cumulativi,14,21,80,312,1283,5043,14225,34378,54816,26476,136648,0.010245302,0.015367953,0.058544582,0.228323869,0.938908729,3.690504069,10.40995843,25.15807037,40.11474738,19.37532931,Decessi
