Categoria,0-9 anni,10-19 anni,20-29 anni,30-39 anni,40-49 anni,50-59 anni,60-69 anni,70-79 anni,80-89 anni,oltre 90 anni,Tutte le età,0-9 anni,10-19 anni,20-29 anni,30-39 anni,40-49 anni,50-59 anni,60-69 anni,70-79 anni,80-89 anni,oltre 90 anni,Labels
Casi 3/7/2021,37,106,125,78,80,55,27,18,8,3,537,6.890130354,19.73929236,23.27746741,14.52513966,14.89757914,10.24208566,5.027932961,3.351955307,1.489757914,0.558659218,Casi
Casi ultimi 28 giorni,2883,5039,5952,5109,5725,4891,2461,1503,785,244,34592,8.334296947,14.5669519,17.20629047,14.76931082,16.55006938,14.13910731,7.114361702,4.344935245,2.269310823,0.705365402,Casi
Casi cumulativi,233411,410176,503842,529947,681496,736111,467398,340031,254124,87747,4244283,5.499421221,9.664200055,11.87107457,12.48613723,16.05679923,17.34358901,11.01241364,8.011506302,5.987442402,2.067416334,Casi
Decessi 3/7/2021,1,0,0,1,0,1,1,5,10,4,23,4.347826087,0,0,4.347826087,0,4.347826087,4.347826087,21.73913043,43.47826087,17.39130435,Decessi
Decessi ultimi 28 giorni,3,-1,3,14,39,174,420,679,715,336,2382,0.125944584,-0.041981528,0.125944584,0.587741394,1.637279597,7.304785894,17.63224181,28.5054576,30.01679261,14.10579345,Decessi
Decessi cumulativi,13,17,68,256,1121,4496,13064,31978,51128,24536,126677,0.010262321,0.013419958,0.053679831,0.202088777,0.884927809,3.549184146,10.3128429,25.24373012,40.36091793,19.36894622,Decessi
Vaccini 3/7/2021,0,26072,64375,52800,90096,123606,62499,74849,5817,880,500994,0,5.20405434,12.84945528,10.53904837,17.9834489,24.67215176,12.4749997,14.94009908,1.16109175,0.175650806,Vaccini
Vaccini ultimi 28 giorni,0,614575,1892771,2219863,3218453,3567524,1880310,1638013,194467,51775,15277751,0,4.022679778,12.38906826,14.53003783,21.06627474,23.35110711,12.30750521,10.72155843,1.27287714,0.338891503,Vaccini
Vaccini cumulativi,0,873431,3531095,4425500,7223718,10639949,9523603,8827326,6640734,1517935,53203291,0,1.641686038,6.636986047,8.318094458,13.57757737,19.998667,17.90040206,16.59169167,12.48181057,2.853084784,Vaccini
