Categoria,0-9 anni,10-19 anni,20-29 anni,30-39 anni,40-49 anni,50-59 anni,60-69 anni,70-79 anni,80-89 anni,oltre 90 anni,Tutte le età,0-9 anni,10-19 anni,20-29 anni,30-39 anni,40-49 anni,50-59 anni,60-69 anni,70-79 anni,80-89 anni,oltre 90 anni,Labels
Casi 12/3/2021,2341,3671,4182,4442,5770,5745,3729,2565,1542,302,34289,6.827262387,10.70605734,12.19633118,12.95459185,16.82755403,16.75464435,10.87520779,7.480533116,4.497069031,0.880748928,Casi
Casi ultimi 27 giorni,31622,51490,52981,57120,73851,74986,47691,33456,20632,4902,448731,7.046983605,11.47458054,11.80685088,12.72922976,16.45774417,16.71067967,10.62797088,7.455691717,4.59785484,1.092413941,Casi
Casi cumulativi,147142,282244,372242,388118,501307,552244,348956,258573,211294,76489,3138609,4.688127766,8.992646105,11.86009471,12.36592389,15.9722667,17.59518309,11.11817369,8.238458502,6.732090553,2.437035005,Casi
Decessi 12/3/2021,0,0,0,1,7,18,51,135,197,67,476,0,0,0,0.210084034,1.470588235,3.781512605,10.71428571,28.36134454,41.38655462,14.07563025,Decessi
Decessi ultimi 27 giorni,0,4,5,12,93,290,821,2092,3560,1688,8565,0,0.046701693,0.058377116,0.140105079,1.085814361,3.385872738,9.585522475,24.42498541,41.56450671,19.70811442,Decessi
Decessi cumulativi,6,14,52,189,844,3249,9442,24297,41686,20455,100234,0.005985993,0.013967316,0.051878604,0.188558772,0.842029651,3.241415089,9.4199573,24.24027775,41.58868248,20.40724704,Decessi
Vaccini 12/3/2021,0,131,8368,10779,16187,21301,13131,4840,58028,12725,145490,0,0.090040553,5.751598048,7.408756616,11.12585057,14.64086879,9.025362568,3.32668912,39.88452815,8.746305588,Vaccini
Vaccini ultimi 27 giorni,0,3160,200178,292408,434076,536000,290496,92083,1230005,296315,3374721,0,0.09363737,5.931690353,8.664657019,12.86257442,15.88279446,8.608000484,2.72861075,36.44760559,8.780429553,Vaccini
Vaccini cumulativi,0,6384,514153,749296,1002712,1289393,759211,207554,1426642,426290,6381635,0,0.100037059,8.056759749,11.74144244,15.7124624,20.20474377,11.89681014,3.25236401,22.35543086,6.679949574,Vaccini
