Categoria,0-9 anni,10-19 anni,20-29 anni,30-39 anni,40-49 anni,50-59 anni,60-69 anni,70-79 anni,80-89 anni,oltre 90 anni,Tutte le età,0-9 anni,10-19 anni,20-29 anni,30-39 anni,40-49 anni,50-59 anni,60-69 anni,70-79 anni,80-89 anni,oltre 90 anni,Labels
Casi 25/2/2021,1147,1816,1936,1968,2643,2667,1576,1153,715,169,15790,7.264091197,11.50094997,12.26092464,12.46358455,16.73844205,16.89043699,9.981000633,7.30208993,4.528182394,1.070297657,Casi
Casi ultimi 27 giorni,25042,38131,37729,42295,55014,55636,36125,25804,17638,4880,338294,7.402436934,11.27155669,11.15272514,12.50243871,16.26218615,16.44604989,10.67858135,7.627684795,5.213808108,1.442532235,Casi
Casi cumulativi,126938,249037,337285,350649,452999,502668,317516,236754,198031,73455,2845332,4.461272006,8.752475985,11.85397697,12.32365854,15.92077831,17.6664094,11.15918986,8.320786467,6.959855651,2.581596805,Casi
Decessi 25/2/2021,0,0,0,-2,6,11,32,63,110,40,260,0,0,0,-0.769230769,2.307692308,4.230769231,12.30769231,24.23076923,42.30769231,15.38461538,Decessi
Decessi ultimi 27 giorni,1,2,4,10,79,281,861,2104,3757,1974,9073,0.011021713,0.022043426,0.044086851,0.110217128,0.870715309,3.09710129,9.489694699,23.18968368,41.40857489,21.75686102,Decessi
Decessi cumulativi,6,11,49,181,792,3080,8990,23055,39554,19476,95194,0.006302918,0.01155535,0.051473832,0.190138034,0.831985209,3.235498036,9.443872513,24.21896338,41.55093808,20.45927264,Decessi
Vaccini 25/2/2021,0,23,1461,2497,3954,4902,2158,604,19136,4194,38929,0,0.059081918,3.752986206,6.414241311,10.1569524,12.59215495,5.54342521,1.551542552,49.15615608,10.77345937,Vaccini
Vaccini ultimi 27 giorni,0,2468,191716,248945,324349,383692,218265,78288,435115,139303,2022141,0,0.122048858,9.480842335,12.3109615,16.0398805,18.97454233,10.79375771,3.871540115,21.51754007,6.888886581,Vaccini
Vaccini cumulativi,0,4010,374406,540694,688203,874422,520382,139450,522064,208647,3872278,0,0.103556614,9.668882245,13.96320202,17.77256178,22.58159151,13.43865291,3.601239374,13.48208987,5.388223676,Vaccini
