Categoria,0-9 anni,10-19 anni,20-29 anni,30-39 anni,40-49 anni,50-59 anni,60-69 anni,70-79 anni,80-89 anni,oltre 90 anni,Tutte le età,0-9 anni,10-19 anni,20-29 anni,30-39 anni,40-49 anni,50-59 anni,60-69 anni,70-79 anni,80-89 anni,oltre 90 anni,Labels
Casi 26/7/2021,286,1344,1455,717,635,555,235,106,74,23,5430,5.267034991,24.75138122,26.79558011,13.20441989,11.69429098,10.22099448,4.327808471,1.952117864,1.362799263,0.423572744,Casi
Casi ultimi 23 giorni,3609,14953,17123,9814,9115,8684,4514,2401,1182,295,71690,5.03417492,20.85786023,23.8847817,13.68949644,12.71446506,12.11326545,6.29655461,3.34914214,1.648765518,0.411493932,Casi
Casi cumulativi,237020,425129,520965,539761,690611,744795,471912,342432,255306,88042,4315973,5.491693298,9.850131129,12.07062695,12.5061255,16.00128175,17.25671129,10.93408138,7.934062609,5.915375282,2.039910815,Casi
Decessi 26/7/2021,0,0,0,0,1,1,3,6,9,2,22,0,0,0,0,4.545454545,4.545454545,13.63636364,27.27272727,40.90909091,9.090909091,Decessi
Decessi ultimi 23 giorni,0,-1,1,2,6,35,45,103,167,91,449,0,-0.222717149,0.222717149,0.445434298,1.336302895,7.795100223,10.02227171,22.93986637,37.19376392,20.26726058,Decessi
Decessi cumulativi,13,16,69,258,1127,4531,13109,32081,51295,24627,127126,0.010226075,0.012585938,0.054276859,0.202948256,0.886522033,3.564180419,10.31181662,25.23559303,40.34973176,19.372119,Decessi
Vaccini 26/7/2021,0,53175,102370,104235,117124,60351,76587,28981,2352,522,545697,0,9.744418606,18.75949474,19.10125949,21.46319294,11.05943408,14.03471157,5.310822673,0.431008417,0.09565748,Vaccini
Vaccini ultimi 23 giorni,0,875433,1644087,1723380,2713889,2379674,1654327,1246558,77622,18259,12333229,0,7.098165452,13.3305479,13.97346956,22.00469155,19.29481728,13.41357563,10.10731253,0.629372892,0.148047198,Vaccini
Vaccini cumulativi,0,1982393,5190755,6166343,9957790,13043025,11194221,10089224,6724981,1539183,65887915,0,3.008735365,7.878159447,9.358837656,15.11322676,19.79577742,16.98979396,15.31270795,10.20669875,2.336062691,Vaccini
