Categoria,0-9 anni,10-19 anni,20-29 anni,30-39 anni,40-49 anni,50-59 anni,60-69 anni,70-79 anni,80-89 anni,oltre 90 anni,Tutte le età,0-9 anni,10-19 anni,20-29 anni,30-39 anni,40-49 anni,50-59 anni,60-69 anni,70-79 anni,80-89 anni,oltre 90 anni,Labels
Casi 6/10/2021,542,533,391,638,744,566,384,227,189,63,4277,12.67243395,12.46200608,9.141921908,14.9169979,17.39537059,13.23357494,8.978255787,5.307458499,4.41898527,1.47299509,Casi
Casi ultimi 28 giorni,14408,31061,32203,25331,25392,21842,12319,7660,4822,1353,176391,8.168217199,17.60917507,18.25660039,14.36071001,14.39529228,12.38271794,6.983916413,4.342625191,2.733699565,0.767045938,Casi
Casi cumulativi,271052,489577,584198,593435,745099,791054,499096,359578,266589,91237,4690915,5.778233031,10.43670585,12.45381765,12.65073019,15.8838734,16.86353302,10.63963001,7.665412825,5.683091678,1.944972356,Casi
Decessi 6/10/2021,0,0,0,0,2,3,8,10,11,6,40,0,0,0,0,5,7.5,20,25,27.5,15,Decessi
Decessi ultimi 28 giorni,0,0,4,12,37,99,211,352,498,245,1458,0,0,0.274348422,0.823045267,2.537722908,6.790123457,14.47187929,24.14266118,34.1563786,16.80384088,Decessi
Decessi cumulativi,15,20,76,288,1204,4762,13592,32896,52440,25213,130506,0.011493724,0.015324966,0.05823487,0.220679509,0.922562947,3.648874381,10.41484683,25.20650392,40.18206059,19.31941826,Decessi
Vaccini 7/10/2021,0,5895,9317,11070,9685,7781,4040,2039,875,228,50930,0,11.57471039,18.2937365,21.73571569,19.01629688,15.27783232,7.932456313,4.003534263,1.718044375,0.447673277,Vaccini
Vaccini ultimi 28 giorni,0,1176566,964555,996780,899940,674237,283079,129134,48418,10198,5182907,0,22.70088967,18.61030885,19.23206417,17.36361467,13.00885777,5.461780426,2.491536121,0.934186162,0.196762165,Vaccini
Vaccini cumulativi,0,5944437,9419657,9987007,13206459,15323796,12568241,10652044,6885626,1576020,85563287,0,6.947415426,11.00899385,11.67207029,15.43472611,17.90931197,14.68882443,12.44931602,8.047407061,1.841934848,Vaccini
