Categoria,0-9 anni,10-19 anni,20-29 anni,30-39 anni,40-49 anni,50-59 anni,60-69 anni,70-79 anni,80-89 anni,oltre 90 anni,Tutte le età,0-9 anni,10-19 anni,20-29 anni,30-39 anni,40-49 anni,50-59 anni,60-69 anni,70-79 anni,80-89 anni,oltre 90 anni,Labels
Casi 20/5/2021,471,638,523,621,751,707,441,283,78,32,4545,10.3630363,14.03740374,11.50715072,13.66336634,16.52365237,15.55555556,9.702970297,6.226622662,1.716171617,0.704070407,Casi
Casi ultimi 26 giorni,25782,31896,27818,32808,40187,37123,24534,15339,6440,1979,243906,10.57046567,13.07716907,11.40521348,13.45108361,16.47642944,15.22020778,10.05879314,6.288898182,2.640361451,0.811378154,Casi
Casi cumulativi,225401,397004,490775,517350,666337,722625,460231,335925,252122,87111,4154881,5.42496885,9.555123239,11.81201098,12.45162015,16.03745089,17.39219487,11.07687561,8.085069103,6.068091962,2.096594343,Casi
Decessi 20/5/2021,0,0,-1,0,0,9,27,56,51,15,157,0,0,-0.636942675,0,0,5.732484076,17.19745223,35.66878981,32.48407643,9.554140127,Decessi
Decessi ultimi 26 giorni,0,3,6,20,61,289,903,1833,1877,836,5828,0,0.051475635,0.10295127,0.343170899,1.046671242,4.958819492,15.49416609,31.4516129,32.20658888,14.34454358,Decessi
Decessi cumulativi,6,16,64,233,1068,4251,12437,30924,50089,24060,123148,0.004872186,0.012992497,0.051969987,0.189203235,0.867249164,3.451944002,10.09923019,25.11124825,40.67382337,19.53746711,Decessi
Vaccini 20/5/2021,0,1994,13677,18052,41712,99325,105186,61112,10498,3020,354576,0,0.562361807,3.857283065,5.091151121,11.76390957,28.01233022,29.66529037,17.23523307,2.960719282,0.851721493,Vaccini
Vaccini ultimi 26 giorni,0,53864,353438,447719,839301,2096648,3640341,2913956,1057800,225841,11628908,0,0.463190525,3.039305152,3.850051957,7.217367271,18.02962067,31.30423768,25.05786442,9.096296918,1.942065411,Vaccini
Vaccini cumulativi,0,83946,1156344,1587983,2430629,4255936,5840425,6248191,6245001,1394958,29243413,0,0.287059517,3.954203294,5.430224577,8.311714505,14.55348594,19.97176253,21.36614834,21.3552399,4.770161404,Vaccini
