Categoria,0-9 anni,10-19 anni,20-29 anni,30-39 anni,40-49 anni,50-59 anni,60-69 anni,70-79 anni,80-89 anni,oltre 90 anni,Tutte le età,0-9 anni,10-19 anni,20-29 anni,30-39 anni,40-49 anni,50-59 anni,60-69 anni,70-79 anni,80-89 anni,oltre 90 anni,Labels
Casi 16/4/2021,1596,2491,2748,2877,3377,3618,2499,1822,858,226,22112,7.217800289,11.26537627,12.4276411,13.01103473,15.27225036,16.3621563,11.30155572,8.239869754,3.88024602,1.022069465,Casi
Casi ultimi 27 giorni,31613,51634,57644,60733,79048,84856,55578,39925,22393,5797,489221,6.461905764,10.55433025,11.7828139,12.41422588,16.15793271,17.34512623,11.36050987,8.160933402,4.577276936,1.184945045,Casi
Casi cumulativi,190269,352685,450497,471022,609555,668334,424173,312643,241827,84179,3805184,5.000257543,9.268539971,11.83903328,12.37842901,16.01906767,17.56377615,11.14724019,8.216238689,6.355198592,2.21221891,Casi
Decessi 16/4/2021,0,0,0,0,3,32,66,166,214,82,563,0,0,0,0,0.53285968,5.68383659,11.72291297,29.48490231,38.01065719,14.56483126,Decessi
Decessi ultimi 27 giorni,0,-2,4,16,104,440,1394,3086,4375,1813,11230,0,-0.017809439,0.035618878,0.142475512,0.926090828,3.918076581,12.41317898,27.47996438,38.95814782,16.14425646,Decessi
Decessi cumulativi,6,12,55,210,969,3806,11117,28107,47070,22746,114098,0.005258637,0.010517275,0.048204175,0.184052306,0.849269926,3.335728935,9.743378499,24.63408649,41.25400971,19.93549405,Decessi
Vaccini 16/4/2021,0,209,1830,2210,3683,6488,16384,41443,26984,4355,103586,0,0.201764717,1.766648003,2.133492943,3.555499778,6.263394667,15.81680922,40.00830228,26.0498523,4.204236094,Vaccini
Vaccini ultimi 27 giorni,0,12820,173328,233126,343422,498553,680473,1769461,2414693,449466,6575342,0,0.194970847,2.636030187,3.545458168,5.22287662,7.582160745,10.34886094,26.91055461,36.72345864,6.835629234,Vaccini
Vaccini cumulativi,0,20944,745384,1062642,1458366,1934359,1546693,2070383,4512522,1025709,14377002,0,0.145677103,5.184557949,7.391262796,10.14374207,13.45453663,10.7581052,14.40065877,31.38708613,7.134373355,Vaccini
