Categoria,0-9 anni,10-19 anni,20-29 anni,30-39 anni,40-49 anni,50-59 anni,60-69 anni,70-79 anni,80-89 anni,oltre 90 anni,Tutte le età,0-9 anni,10-19 anni,20-29 anni,30-39 anni,40-49 anni,50-59 anni,60-69 anni,70-79 anni,80-89 anni,oltre 90 anni,Labels
Casi 31/5/2021,494,762,658,691,807,730,408,256,110,37,4953,9.973753281,15.38461538,13.28487785,13.95114072,16.29315566,14.7385423,8.237431859,5.168584696,2.220876237,0.747022007,Casi
Casi ultimi 23 giorni,13028,18016,15405,17066,21491,19530,11908,6947,2920,951,127262,10.23714856,14.15662177,12.10494885,13.41013028,16.88720906,15.34629347,9.357074382,5.458817243,2.294479106,0.747277271,Casi
Casi cumulativi,229348,403239,496154,522975,673567,729239,463840,337960,253043,87396,4196761,5.464881131,9.608338431,11.82230773,12.46139582,16.04968689,17.37623372,11.05233298,8.052876969,6.029483213,2.082463119,Casi
Decessi 31/5/2021,0,0,0,0,2,14,25,37,36,27,141,0,0,0,0,1.418439716,9.929078014,17.73049645,26.24113475,25.53191489,19.14893617,Decessi
Decessi ultimi 23 giorni,0,3,6,12,44,192,548,1123,1037,462,3427,0,0.087540123,0.175080245,0.35016049,1.283921797,5.602567844,15.99066239,32.76918588,30.25970236,13.48117887,Decessi
Decessi cumulativi,6,18,66,239,1085,4324,12649,31295,50400,24209,124291,0.004827381,0.014482143,0.05310119,0.192290673,0.87295138,3.478932505,10.17692351,25.17881423,40.5499996,19.47767739,Decessi
Vaccini 31/5/2021,0,2310,14487,17527,54278,117457,62244,35318,6923,1736,312280,0,0.739720763,4.639105931,5.612591264,17.38119636,37.61271935,19.93211221,11.30972204,2.216920712,0.555911362,Vaccini
Vaccini ultimi 23 giorni,0,78871,447662,588143,1380059,3114812,3103985,1778335,393678,120992,11006537,0,0.716583245,4.067237497,5.343579002,12.5385396,28.29965501,28.2012862,16.15708011,3.576765335,1.099274004,Vaccini
Vaccini cumulativi,0,133060,1408269,1925907,3310246,6019776,7217558,6951007,6389363,1442944,34798130,0,0.382376869,4.046967466,5.534512918,9.512712321,17.29913648,20.74122374,19.97523143,18.36122516,4.146613626,Vaccini
