Categoria,0-9 anni,10-19 anni,20-29 anni,30-39 anni,40-49 anni,50-59 anni,60-69 anni,70-79 anni,80-89 anni,oltre 90 anni,Tutte le età,0-9 anni,10-19 anni,20-29 anni,30-39 anni,40-49 anni,50-59 anni,60-69 anni,70-79 anni,80-89 anni,oltre 90 anni,Labels
Casi 27/1/2022,17602,17952,12272,17803,20513,15279,8303,5040,3073,1048,118885,14.80590487,15.10030702,10.32258065,14.97497582,17.25448963,12.85191572,6.984060226,4.239391008,2.584850906,0.881524162,Casi
Casi ultimi 28 giorni,14408,31061,32203,25331,25392,21842,12319,7660,4822,1353,176391,8.168217199,17.60917507,18.25660039,14.36071001,14.39529228,12.38271794,6.983916413,4.342625191,2.733699565,0.767045938,Casi
Casi cumulativi,797017,1248399,1349907,1360275,1627748,1553803,906879,596704,382743,121968,9945443,8.013891387,12.55247252,13.57312088,13.67736963,16.3667722,15.62326585,9.118538008,5.999772961,3.848425857,1.226370711,Casi
Decessi 27/1/2022,0,0,3,2,6,10,26,82,155,91,375,0,0,0.8,0.533333333,1.6,2.666666667,6.933333333,21.86666667,41.33333333,24.26666667,Decessi
Decessi ultimi 28 giorni,0,0,4,12,37,99,211,352,498,245,1458,0,0,0.274348422,0.823045267,2.537722908,6.790123457,14.47187929,24.14266118,34.1563786,16.80384088,Decessi
Decessi cumulativi,15,24,89,344,1366,5303,14944,36001,57281,27761,143128,0.01048013,0.016768207,0.062182103,0.240344307,0.954390476,3.705075177,10.44100386,25.15300989,40.02082052,19.39592533,Decessi
