Categoria,0-9 anni,10-19 anni,20-29 anni,30-39 anni,40-49 anni,50-59 anni,60-69 anni,70-79 anni,80-89 anni,oltre 90 anni,Tutte le età,0-9 anni,10-19 anni,20-29 anni,30-39 anni,40-49 anni,50-59 anni,60-69 anni,70-79 anni,80-89 anni,oltre 90 anni,Labels
Casi aggiornamento,0,0,0,0,0,0,0,0,0,0,0,#DIV/0!,#DIV/0!,#DIV/0!,#DIV/0!,#DIV/0!,#DIV/0!,#DIV/0!,#DIV/0!,#DIV/0!,#DIV/0!,Casi
Casi ultimi 27 giorni,20982,36164,46179,48560,61240,67029,44567,33166,26030,9035,392952,5.3,9.203159673,11.75181702,12.35774344,15.58460066,17.05780859,11.34158879,8.440216617,6.624218734,2.299263014,Casi
Casi cumulativi,103567,213424,302233,311403,401879,451030,284157,212843,181816,69033,2531385,4.1,8.431115773,11.93943237,12.30168465,15.87585452,17.81751887,11.22535687,8.40816391,7.182471256,2.727084185,Casi
Decessi aggiornamento,0,0,0,0,0,0,0,0,0,0,0,#DIV/0!,#DIV/0!,#DIV/0!,#DIV/0!,#DIV/0!,#DIV/0!,#DIV/0!,#DIV/0!,#DIV/0!,#DIV/0!,Decessi
Decessi ultimi 27 giorni,0,-2,8,19,101,338,1066,2776,5305,2776,12387,0,-0.016145959,0.064583838,0.153386615,0.815370953,2.728667151,8.605796399,22.41059175,42.8271575,22.41059175,Decessi
Decessi cumulativi,5,5,45,172,719,2812,8177,21079,36069,17670,86753,0,0.005763489,0.051871405,0.198264037,0.828789782,3.241386465,9.425610642,24.29771881,41.57666017,20.36817171,Decessi
Vaccini aggiornamento,0,0,0,0,0,0,0,0,0,0,0,#DIV/0!,#DIV/0!,#DIV/0!,#DIV/0!,#DIV/0!,#DIV/0!,#DIV/0!,#DIV/0!,#DIV/0!,#DIV/0!,Vaccini
Vaccini ultimi 26 giorni,0,1494,178745,282318,349238,474879,300957,62005,84182,66694,1800512,0,0.082976398,9.927453969,15.67987328,19.39659386,26.37466454,16.71507882,3.443742669,4.675447873,3.704168592,Vaccini
Vaccini cumulativi,0,1665,195351,310229,385584,520267,324290,64303,87666,69336,1958691,0,0.085005751,9.973548661,15.83858812,19.68580036,26.5619743,16.55646552,3.282957853,4.47574426,3.539915178,Vaccini
