Categoria,0-9 anni,10-19 anni,20-29 anni,30-39 anni,40-49 anni,50-59 anni,60-69 anni,70-79 anni,80-89 anni,oltre 90 anni,Tutte le età,0-9 anni,10-19 anni,20-29 anni,30-39 anni,40-49 anni,50-59 anni,60-69 anni,70-79 anni,80-89 anni,oltre 90 anni,Labels
Casi 15/1/2022,15123,24184,24602,23856,26611,24229,14051,8265,4597,1326,166844,9.064155738,14.49497734,14.74551078,14.29838652,15.94962959,14.52194865,8.421639376,4.953729232,2.755268394,0.794754381,Casi
Casi ultimi 28 giorni,14408,31061,32203,25331,25392,21842,12319,7660,4822,1353,176391,8.168217199,17.60917507,18.25660039,14.36071001,14.39529228,12.38271794,6.983916413,4.342625191,2.733699565,0.767045938,Casi
Casi cumulativi,544274,963043,1128103,1086510,1308763,1291974,770660,519589,339717,109441,8062074,6.751041978,11.94535054,13.99271453,13.4768051,16.23357712,16.02533045,9.559078718,6.444855257,4.21376683,1.357479477,Casi
Decessi 15/1/2022,0,0,0,1,3,6,28,56,81,28,203,0,0,0,0.492610837,1.477832512,2.955665025,13.79310345,27.5862069,39.90147783,13.79310345,Decessi
Decessi ultimi 28 giorni,0,0,4,12,37,99,211,352,498,245,1458,0,0,0.274348422,0.823045267,2.537722908,6.790123457,14.47187929,24.14266118,34.1563786,16.80384088,Decessi
Decessi cumulativi,15,23,82,325,1318,5177,14566,35125,55849,26963,139443,0.010757084,0.016494195,0.05880539,0.233070143,0.945189074,3.712628099,10.44584526,25.18950396,40.05149057,19.33621623,Decessi
