Categoria,0-9 anni,10-19 anni,20-29 anni,30-39 anni,40-49 anni,50-59 anni,60-69 anni,70-79 anni,80-89 anni,oltre 90 anni,Tutte le età,0-9 anni,10-19 anni,20-29 anni,30-39 anni,40-49 anni,50-59 anni,60-69 anni,70-79 anni,80-89 anni,oltre 90 anni,Labels
Casi 28/8/2021,513,948,1006,878,939,803,428,266,168,55,6004,8.544303797,15.78947368,16.75549634,14.62358428,15.63957362,13.37441706,7.128580946,4.430379747,2.798134577,0.916055963,Casi
Casi ultimi 28 giorni,13056,33712,34701,24001,23544,20674,11517,6845,4339,1180,173569,7.522080556,19.4228232,19.99262541,13.8279301,13.56463424,11.91111316,6.635401483,3.943676578,2.499870369,0.679844903,Casi
Casi cumulativi,251630,465264,562015,567242,717393,768212,484750,349981,260073,89288,4515848,5.57215389,10.30291542,12.44539232,12.56114023,15.88611928,17.01146717,10.73441799,7.750061561,5.759117667,1.977214468,Casi
Decessi 28/8/2021,0,0,0,1,0,1,7,13,16,10,48,0,0,0,2.083333333,0,2.083333333,14.58333333,27.08333333,33.33333333,20.83333333,Decessi
Decessi ultimi 28 giorni,0,1,6,5,26,64,133,265,395,194,1089,0,0.091827365,0.550964187,0.459136823,2.387511478,5.876951331,12.21303949,24.33425161,36.271809,17.81450872,Decessi
Decessi cumulativi,14,17,73,266,1153,4603,13267,32386,51738,24844,128361,0.01090674,0.013243898,0.056870856,0.207228052,0.89824791,3.585980165,10.33569386,25.23040487,40.30663519,19.35478845,Decessi
Vaccini 28/8/2021,0,51670,46920,43516,38581,25291,10639,4579,1385,200,222781,0,23.19318075,21.06104201,19.53308406,17.31790413,11.35240438,4.7755419,2.055381743,0.621686769,0.089774263,Vaccini
Vaccini ultimi 28 giorni,0,1617292,1936823,1640680,1319600,917123,599597,213322,48493,10439,8303369,0,19.47753978,23.32574886,19.75920858,15.89234442,11.04519142,7.221129159,2.569101771,0.584015958,0.125720054,Vaccini
Vaccini cumulativi,0,3914927,7745595,8370766,11776594,14290026,12117003,10439420,6804846,1558448,77017625,0,5.083157264,10.0569123,10.86863689,15.29077792,18.55422833,15.73276636,13.55458572,8.83543994,2.023495271,Vaccini
