Categoria,0-9 anni,10-19 anni,20-29 anni,30-39 anni,40-49 anni,50-59 anni,60-69 anni,70-79 anni,80-89 anni,oltre 90 anni,Tutte le età,0-9 anni,10-19 anni,20-29 anni,30-39 anni,40-49 anni,50-59 anni,60-69 anni,70-79 anni,80-89 anni,oltre 90 anni,Labels
Casi 21/2/2021,1078,1608,1585,1689,2172,2055,1405,1014,629,154,13389,8.051385466,12.00985884,11.83807603,12.61483307,16.22227201,15.34842035,10.49368885,7.573381134,4.697886325,1.150197924,Casi
Casi ultimi 23 giorni,20872,31388,30831,34977,45245,46038,29991,21352,14764,4169,279627,7.464229134,11.22495324,11.02575932,12.50844875,16.18048329,16.46407536,10.72535914,7.635886377,5.279890712,1.490914683,Casi
Casi cumulativi,122768,242294,330387,343331,443230,493070,311382,232302,195157,72744,2786665,4.405552874,8.694765966,11.85599991,12.3204978,15.90539229,17.6939101,11.1740019,8.336201158,7.003245815,2.610432183,Casi
Decessi 21/2/2021,0,1,0,1,4,8,16,54,86,37,207,0,0.483091787,0,0.483091787,1.93236715,3.8647343,7.729468599,26.08695652,41.54589372,17.87439614,Decessi
Decessi ultimi 23 giorni,1,2,4,10,64,237,738,1784,3289,1749,7878,0.012693577,0.025387154,0.050774308,0.126935771,0.812388931,3.008377761,9.367859863,22.64534146,41.74917492,22.20106626,Decessi
Decessi cumulativi,6,11,49,181,777,3036,8867,22735,39086,19251,93999,0.006383047,0.011702252,0.052128214,0.19255524,0.826604538,3.229821594,9.433079075,24.18642752,41.58129342,20.48000511,Decessi
Vaccini 20/2/2021,0,47,4351,6162,8518,8832,3669,1678,26208,5530,64995,0,0.072313255,6.694361105,9.480729287,13.10562351,13.5887376,5.645049619,2.581737057,40.32310178,8.508346796,Vaccini
Vaccini ultimi 23 giorni,0,2208,178669,231210,291916,356678,215400,72639,258269,96678,1703667,0,0.129602792,10.48731941,13.57131411,17.13456914,20.93589886,12.64331586,4.263685333,15.15959398,5.674700514,Vaccini
Vaccini cumulativi,0,3704,352032,507373,635829,820032,501136,131064,341881,163241,3456292,0,0.107166871,10.18525055,14.67969141,18.39627555,23.72577317,14.49923791,3.792040719,9.891554302,4.723009514,Vaccini
