Categoria,0-9 anni,10-19 anni,20-29 anni,30-39 anni,40-49 anni,50-59 anni,60-69 anni,70-79 anni,80-89 anni,oltre 90 anni,Tutte le età,0-9 anni,10-19 anni,20-29 anni,30-39 anni,40-49 anni,50-59 anni,60-69 anni,70-79 anni,80-89 anni,oltre 90 anni,Labels
Casi 30/5/2021,140,291,280,273,363,326,155,76,58,20,1982,7.063572149,14.68213925,14.1271443,13.77396569,18.3148335,16.44803229,7.820383451,3.834510595,2.926337033,1.009081736,Casi
Casi ultimi 22 giorni,12534,17254,14747,16375,20684,18800,11500,6691,2810,914,122309,10.24781496,14.1068932,12.05716668,13.38822164,16.91126573,15.37090484,9.402415194,5.47057044,2.297459713,0.747287608,Casi
Casi cumulativi,228854,402477,495496,522284,672760,728509,463432,337704,252933,87359,4191808,5.459553491,9.601513237,11.82057957,12.45963556,16.04939921,17.37935039,11.05565904,8.056285021,6.033983427,2.084041063,Casi
Decessi 30/5/2021,0,0,1,0,1,2,3,6,9,9,31,0,0,3.225806452,0,3.225806452,6.451612903,9.677419355,19.35483871,29.03225806,29.03225806,Decessi
Decessi ultimi 22 giorni,0,3,6,12,42,178,523,1086,1001,435,3286,0,0.091296409,0.182592818,0.365185636,1.278149726,5.416920268,15.9160073,33.04930006,30.46256847,13.23797931,Decessi
Decessi cumulativi,6,18,66,239,1083,4310,12624,31258,50364,24182,124150,0.004832863,0.01449859,0.053161498,0.192509062,0.872331857,3.471606927,10.16834474,25.17760773,40.56705598,19.47805075,Decessi
Vaccini 30/5/2021,0,2383,11353,15087,53613,98374,68533,29511,4607,908,284369,0,0.837995703,3.99234797,5.30543062,18.85332086,34.59378484,24.10002497,10.37771346,1.620078138,0.31930344,Vaccini
Vaccini ultimi 22 giorni,0,72685,427871,564000,1301061,2954992,3016265,1733448,384569,118340,10573231,0,0.687443602,4.046738409,5.33422565,12.30523574,27.94786192,28.52737257,16.39468579,3.637194723,1.119241602,Vaccini
Vaccini cumulativi,0,126864,1388391,1901623,3231006,5859669,7129454,6905869,6380226,1440175,34363277,0,0.369184813,4.040333522,5.533881416,9.402496741,17.05212515,20.74730533,20.09665434,18.56698941,4.191029278,Vaccini
