Categoria,0-9 anni,10-19 anni,20-29 anni,30-39 anni,40-49 anni,50-59 anni,60-69 anni,70-79 anni,80-89 anni,oltre 90 anni,Tutte le età,0-9 anni,10-19 anni,20-29 anni,30-39 anni,40-49 anni,50-59 anni,60-69 anni,70-79 anni,80-89 anni,oltre 90 anni,Labels
Casi 30/9/2021,418,406,286,480,509,389,286,180,101,28,3083,13.55822251,13.16899124,9.27667856,15.56925073,16.50989296,12.61758028,9.27667856,5.838469024,3.276029841,0.908206293,Casi
Casi ultimi 28 giorni,14408,31061,32203,25331,25392,21842,12319,7660,4822,1353,176391,8.168217199,17.60917507,18.25660039,14.36071001,14.39529228,12.38271794,6.983916413,4.342625191,2.733699565,0.767045938,Casi
Casi cumulativi,268571,487142,582453,590783,742035,788578,497448,358518,265747,90966,4672241,5.7482266,10.42630292,12.46624478,12.64453182,15.88177921,16.8779393,10.6468823,7.67336274,5.687784513,1.946945802,Casi
Decessi 30/9/2021,0,0,0,0,1,2,5,7,19,9,43,0,0,0,0,2.325581395,4.651162791,11.62790698,16.27906977,44.18604651,20.93023256,Decessi
Decessi ultimi 28 giorni,0,0,4,12,37,99,211,352,498,245,1458,0,0,0.274348422,0.823045267,2.537722908,6.790123457,14.47187929,24.14266118,34.1563786,16.80384088,Decessi
Decessi cumulativi,16,19,76,286,1200,4749,13560,32847,52371,25174,130298,0.012279544,0.014581958,0.058327833,0.219496846,0.920965786,3.644722099,10.40691338,25.20913598,40.19324932,19.32032725,Decessi
Vaccini 30/9/2021,0,25076,23080,25667,23986,18828,8719,4162,1543,355,131416,0,19.08139039,17.56254946,19.53110732,18.25196323,14.32702258,6.634656358,3.167042065,1.174134048,0.270134535,Vaccini
Vaccini ultimi 28 giorni,0,1484663,1181366,1147206,1019327,736663,311551,144866,51328,10447,6087417,0,24.38904711,19.4066876,18.84553005,16.74481968,12.10140524,5.117950684,2.3797614,0.843181928,0.171616303,Vaccini
Vaccini cumulativi,0,5774919,9261810,9809008,13044403,15199562,12515080,10627372,6874043,1573214,84679411,0,6.81974394,10.93749932,11.5836989,15.40445646,17.94953675,14.77936591,12.55012508,8.117726516,1.857847122,Vaccini
