Categoria,0-9 anni,10-19 anni,20-29 anni,30-39 anni,40-49 anni,50-59 anni,60-69 anni,70-79 anni,80-89 anni,oltre 90 anni,Tutte le età,0-9 anni,10-19 anni,20-29 anni,30-39 anni,40-49 anni,50-59 anni,60-69 anni,70-79 anni,80-89 anni,oltre 90 anni,Labels
Casi 16/8/2021,388,999,1154,771,715,641,360,211,124,39,5402,7.182524991,18.49315068,21.36245835,14.27249167,13.23583858,11.86597556,6.664198445,3.905960755,2.295446131,0.721954832,Casi
Casi ultimi 23 giorni,8511,28573,29130,17396,16313,14377,7485,4300,2604,658,129347,6.579974796,22.0901915,22.5208161,13.4490943,12.61181164,11.11506258,5.786759647,3.324390979,2.013189328,0.508709131,Casi
Casi cumulativi,245085,451606,547933,556040,705940,758292,479015,346541,257774,88657,4436883,5.523810297,10.17845185,12.34950302,12.53222138,15.9107193,17.09064674,10.79620535,7.810460632,5.809799357,1.998182057,Casi
Decessi 16/8/2021,0,0,1,0,0,2,1,3,5,5,17,0,0,5.882352941,0,0,11.76470588,5.882352941,17.64705882,29.41176471,29.41176471,Decessi
Decessi ultimi 23 giorni,2,1,1,4,14,29,60,127,166,77,481,0.415800416,0.207900208,0.207900208,0.831600832,2.910602911,6.029106029,12.47401247,26.4033264,34.51143451,16.00831601,Decessi
Decessi cumulativi,14,17,70,262,1140,4558,13166,32202,51451,24701,127581,0.010973421,0.013324868,0.054867104,0.205359732,0.89354998,3.572632289,10.31971845,25.24043549,40.32810528,19.36103338,Decessi
Vaccini 16/8/2021,0,40568,36430,30840,28505,19605,13767,4606,1151,183,175655,0,23.09527198,20.7395178,17.55714326,16.22783297,11.1610828,7.837522416,2.622185534,0.655261735,0.104181492,Vaccini
Vaccini ultimi 23 giorni,0,1334544,2024057,1777805,1483929,989204,835613,299658,43819,10015,8798644,0,15.16760992,23.00419246,20.20544302,16.86542835,11.24268694,9.497065684,3.405729337,0.498019922,0.113824357,Vaccini
Vaccini cumulativi,0,3243297,7077502,7796591,11269956,13950070,11927194,10360081,6779101,1552644,73956436,0,4.38541549,9.569825674,10.54213997,15.2386413,18.86255038,16.12732393,14.00835622,9.166343549,2.099403492,Vaccini
