Categoria,0-9 anni,10-19 anni,20-29 anni,30-39 anni,40-49 anni,50-59 anni,60-69 anni,70-79 anni,80-89 anni,oltre 90 anni,Tutte le età,0-9 anni,10-19 anni,20-29 anni,30-39 anni,40-49 anni,50-59 anni,60-69 anni,70-79 anni,80-89 anni,oltre 90 anni,Labels
Casi 4/7/2021,66,153,223,147,128,103,74,32,21,4,951,6.940063091,16.08832808,23.44900105,15.45741325,13.4595163,10.83070452,7.78128286,3.364879075,2.208201893,0.420609884,Casi
Casi ultimi 28 giorni,2883,5039,5952,5109,5725,4891,2461,1503,785,244,34592,8.334296947,14.5669519,17.20629047,14.76931082,16.55006938,14.13910731,7.114361702,4.344935245,2.269310823,0.705365402,Casi
Casi cumulativi,233477,410329,504065,530094,681624,736214,467472,340063,254145,87751,4245234,5.499743948,9.665639161,11.87366821,12.48680285,16.0562174,17.34213002,11.01168981,8.010465383,5.986595792,2.067047423,Casi
Decessi 4/7/2021,0,0,1,1,-1,2,0,-1,2,2,6,0,0,16.66666667,16.66666667,-16.66666667,33.33333333,0,-16.66666667,33.33333333,33.33333333,Decessi
Decessi ultimi 28 giorni,3,-1,3,14,39,174,420,679,715,336,2382,0.125944584,-0.041981528,0.125944584,0.587741394,1.637279597,7.304785894,17.63224181,28.5054576,30.01679261,14.10579345,Decessi
Decessi cumulativi,13,17,69,257,1120,4498,13064,31977,51130,24538,126683,0.010261835,0.013419322,0.054466661,0.202868577,0.884096524,3.550594792,10.31235446,25.24174514,40.36058508,19.3696076,Decessi
Vaccini 4/7/2021,0,23421,49054,41199,70141,95521,52205,55484,2757,368,390150,0,6.00307574,12.57311291,10.5597847,17.9779572,24.48314751,13.38075099,14.22119698,0.706651288,0.094322696,Vaccini
Vaccini ultimi 28 giorni,0,617654,1881852,2193641,3170285,3506066,1884856,1667539,193414,51234,15166541,0,4.072477699,12.40791819,14.46368687,20.90315122,23.11711022,12.42772495,10.99485374,1.275267709,0.337809392,Vaccini
Vaccini cumulativi,0,897036,3581080,4467722,7295183,10737818,9576880,8883988,6643744,1518452,53601903,0,1.673515211,6.680882207,8.335006315,13.60993284,20.03253131,17.8666791,16.57401604,12.39460472,2.83283226,Vaccini
