Categoria,0-9 anni,10-19 anni,20-29 anni,30-39 anni,40-49 anni,50-59 anni,60-69 anni,70-79 anni,80-89 anni,oltre 90 anni,Tutte le età,0-9 anni,10-19 anni,20-29 anni,30-39 anni,40-49 anni,50-59 anni,60-69 anni,70-79 anni,80-89 anni,oltre 90 anni,Labels
Casi 11/7/2021,50,215,263,134,122,106,43,19,17,4,973,5.138746146,22.09660843,27.02980473,13.77183967,12.5385406,10.89414183,4.419321686,1.952723535,1.74717369,0.411099692,Casi
Casi ultimi 28 giorni,2883,5039,5952,5109,5725,4891,2461,1503,785,244,34592,8.334296947,14.5669519,17.20629047,14.76931082,16.55006938,14.13910731,7.114361702,4.344935245,2.269310823,0.705365402,Casi
Casi cumulativi,233871,411821,505884,531061,682490,736970,467865,340259,254262,87775,4252258,5.499924981,9.684760426,11.89683222,12.48891765,16.05006093,17.33126259,11.00274254,8.001842786,5.979458443,2.064197422,Casi
Decessi 11/7/2021,0,0,0,0,0,0,0,2,1,1,4,0,0,0,0,0,0,0,50,25,25,Decessi
Decessi ultimi 28 giorni,3,-1,3,14,39,174,420,679,715,336,2382,0.125944584,-0.041981528,0.125944584,0.587741394,1.637279597,7.304785894,17.63224181,28.5054576,30.01679261,14.10579345,Decessi
Decessi cumulativi,12,16,69,258,1122,4515,13088,32000,51178,24558,126816,0.009462528,0.012616705,0.054409538,0.20344436,0.884746404,3.560276306,10.32046429,25.23340903,40.35610648,19.36506435,Decessi
Vaccini 11/7/2021,0,26719,39603,47067,94407,102092,51039,39196,2025,383,402531,0,6.637749639,9.838496911,11.69276404,23.45334893,25.36251866,12.67952034,9.737386686,0.503066845,0.095147951,Vaccini
Vaccini ultimi 28 giorni,0,893269,1905525,2005533,2882731,3415300,1965803,1894862,171862,43418,15178303,0,5.88517043,12.55426908,13.21315696,18.99244599,22.50119793,12.95140175,12.48401748,1.132287318,0.286053059,Vaccini
Vaccini cumulativi,0,1381731,4019399,4860225,8034291,11669709,10058482,9393274,6672906,1525983,57616000,0,2.398172383,6.976185435,8.435547417,13.94454839,20.25428527,17.45779297,16.30323868,11.58168911,2.648540336,Vaccini
