Categoria,0-9 anni,10-19 anni,20-29 anni,30-39 anni,40-49 anni,50-59 anni,60-69 anni,70-79 anni,80-89 anni,oltre 90 anni,Tutte le età,0-9 anni,10-19 anni,20-29 anni,30-39 anni,40-49 anni,50-59 anni,60-69 anni,70-79 anni,80-89 anni,oltre 90 anni,Labels
Casi 8/7/2021,68,245,309,171,153,135,63,28,25,2,1199,5.671392827,20.43369475,25.77147623,14.2618849,12.76063386,11.25938282,5.254378649,2.335279399,2.085070892,0.166805671,Casi
Casi ultimi 28 giorni,2883,5039,5952,5109,5725,4891,2461,1503,785,244,34592,8.334296947,14.5669519,17.20629047,14.76931082,16.55006938,14.13910731,7.114361702,4.344935245,2.269310823,0.705365402,Casi
Casi cumulativi,233736,411172,505108,530646,682129,736659,467702,340177,254215,87763,4249307,5.500567504,9.676213086,11.88683237,12.48782449,16.05271165,17.33597973,11.00654766,8.005470068,5.982504912,2.065348538,Casi
Decessi 8/7/2021,0,0,0,0,1,5,2,4,4,4,20,0,0,0,0,5,25,10,20,20,20,Decessi
Decessi ultimi 28 giorni,3,-1,3,14,39,174,420,679,715,336,2382,0.125944584,-0.041981528,0.125944584,0.587741394,1.637279597,7.304785894,17.63224181,28.5054576,30.01679261,14.10579345,Decessi
Decessi cumulativi,12,16,69,258,1121,4509,13080,31994,51166,24552,126777,0.009465439,0.012620586,0.054426276,0.203506945,0.884229789,3.556638822,10.31732885,25.23643879,40.35905566,19.36628884,Decessi
Vaccini 8/7/2021,0,31420,61230,50744,113685,157202,69696,75044,4270,1069,564360,0,5.567368346,10.84945779,8.991423914,20.14405698,27.8549153,12.34956411,13.29718619,0.756609257,0.189418102,Vaccini
Vaccini ultimi 28 giorni,0,906998,1922693,2092243,2994675,3369452,1917019,1807501,179444,45830,15235855,0,5.953049566,12.61952808,13.73236356,19.65544434,22.11528004,12.58228698,11.86346943,1.177774401,0.300803598,Vaccini
Vaccini cumulativi,0,1291778,3852525,4686322,7699495,11276108,9857486,9199588,6661379,1523238,56047919,0,2.304774241,6.87362719,8.361277428,13.73734322,20.11869165,17.58760392,16.41379049,11.88514956,2.717742295,Vaccini
