Categoria,0-9 anni,10-19 anni,20-29 anni,30-39 anni,40-49 anni,50-59 anni,60-69 anni,70-79 anni,80-89 anni,oltre 90 anni,Tutte le età,0-9 anni,10-19 anni,20-29 anni,30-39 anni,40-49 anni,50-59 anni,60-69 anni,70-79 anni,80-89 anni,oltre 90 anni,Labels
Casi 19/2/2022,17422,20806,14244,18084,19801,16225,8438,4866,2902,916,123704,14.08361896,16.81918127,11.5145832,14.61876738,16.00675807,13.11598655,6.821121387,3.933583393,2.345922525,0.740477268,Casi
Casi ultimi 28 giorni,14408,31061,32203,25331,25392,21842,12319,7660,4822,1353,176391,8.168217199,17.60917507,18.25660039,14.36071001,14.39529228,12.38271794,6.983916413,4.342625191,2.733699565,0.767045938,Casi
Casi cumulativi,1135138,1601898,1577657,1682483,2011820,1853861,1072700,697627,445038,141889,12220111,9.289097292,13.10870253,12.91033281,13.76814826,16.46318925,15.17057415,8.77815267,5.708843398,3.64184908,1.161110566,Casi
Decessi 19/2/2022,0,0,0,1,1,8,20,60,128,50,268,0,0,0,0.373134328,0.373134328,2.985074627,7.462686567,22.3880597,47.76119403,18.65671642,Decessi
Decessi ultimi 28 giorni,0,0,4,12,37,99,211,352,498,245,1458,0,0,0.274348422,0.823045267,2.537722908,6.790123457,14.47187929,24.14266118,34.1563786,16.80384088,Decessi
Decessi cumulativi,20,27,104,369,1430,5548,15564,37527,60022,29238,149849,0.013346769,0.018018138,0.069403199,0.24624789,0.954293989,3.702393743,10.3864557,25.04321016,40.05498869,19.51164172,Decessi
