Categoria,0-9 anni,10-19 anni,20-29 anni,30-39 anni,40-49 anni,50-59 anni,60-69 anni,70-79 anni,80-89 anni,oltre 90 anni,Tutte le età,0-9 anni,10-19 anni,20-29 anni,30-39 anni,40-49 anni,50-59 anni,60-69 anni,70-79 anni,80-89 anni,oltre 90 anni,Labels
Casi 24/1/2022,33281,35512,22968,30812,36663,27674,14752,8417,4666,1329,216074,15.40259356,16.43511019,10.62969168,14.25992947,16.96779807,12.80764923,6.82729065,3.895424716,2.159445375,0.61506706,Casi
Casi ultimi 28 giorni,14408,31061,32203,25331,25392,21842,12319,7660,4822,1353,176391,8.168217199,17.60917507,18.25660039,14.36071001,14.39529228,12.38271794,6.983916413,4.342625191,2.733699565,0.767045938,Casi
Casi cumulativi,724146,1176064,1299957,1289064,1543981,1488660,872838,576997,370894,118246,9460847,7.654134984,12.43085318,13.74038709,13.62524941,16.31969104,15.73495481,9.225791306,6.098787984,3.920304387,1.249845812,Casi
Decessi 24/1/2022,0,0,0,2,6,11,41,112,163,87,422,0,0,0,0.473933649,1.421800948,2.606635071,9.71563981,26.54028436,38.62559242,20.61611374,Decessi
Decessi ultimi 28 giorni,0,0,4,12,37,99,211,352,498,245,1458,0,0,0.274348422,0.823045267,2.537722908,6.790123457,14.47187929,24.14266118,34.1563786,16.80384088,Decessi
Decessi cumulativi,15,24,86,337,1353,5272,14847,35736,56847,27507,142024,0.010561595,0.016898552,0.060553146,0.237283839,0.952655889,3.712048668,10.45386695,25.16194446,40.02633358,19.36785332,Decessi
