Categoria,0-9 anni,10-19 anni,20-29 anni,30-39 anni,40-49 anni,50-59 anni,60-69 anni,70-79 anni,80-89 anni,oltre 90 anni,Tutte le età,0-9 anni,10-19 anni,20-29 anni,30-39 anni,40-49 anni,50-59 anni,60-69 anni,70-79 anni,80-89 anni,oltre 90 anni,Labels
Casi 10/4/2021,1367,2038,2408,2505,3373,3600,2289,1689,836,219,20324,6.726038181,10.02755363,11.84806141,12.32532966,16.59614249,17.71304861,11.26254674,8.310371974,4.113363511,1.077543791,Casi
Casi ultimi 28 giorni,34717,57297,64043,67842,89588,95927,61742,44361,25498,6445,547460,6.34146787,10.46597012,11.69820626,12.39213824,16.36430059,17.5221934,11.27790158,8.103057758,4.657509224,1.177254959,Casi
Casi cumulativi,183395,342221,439331,459165,595156,652704,413598,305031,238015,83205,3711821,4.940836317,9.219760328,11.8359964,12.37034329,16.03407061,17.58446865,11.14272482,8.217826237,6.412351242,2.241622104,Casi
Decessi 10/4/2021,0,0,0,0,2,17,50,102,128,71,370,0,0,0,0,0.540540541,4.594594595,13.51351351,27.56756757,34.59459459,19.18918919,Decessi
Decessi ultimi 28 giorni,0,-2,1,19,110,445,1360,3037,4435,1892,11297,0,-0.017703815,0.008851908,0.168186244,0.973709834,3.939098876,12.03859432,26.88324334,39.25821014,16.74780915,Decessi
Decessi cumulativi,6,12,53,208,956,3703,10823,27395,46209,22382,111747,0.005369272,0.010738543,0.047428566,0.186134751,0.855503951,3.313735492,9.685271193,24.51519951,41.35144568,20.02917304,Decessi
Vaccini 10/4/2021,0,523,4053,5372,9208,14802,24565,62436,84869,13019,218847,0,0.238979744,1.85197878,2.454682952,4.2075057,6.763629385,11.22473692,28.52952062,38.78006096,5.948904943,Vaccini
Vaccini ultimi 28 giorni,0,10392,183834,248563,353660,490511,532833,1204843,2543471,490586,6058693,0,0.171522142,3.034218766,4.102584501,5.837232552,8.095987039,8.794520534,19.88618667,41.98052286,8.09722493,Vaccini
Vaccini cumulativi,0,17044,716017,1024152,1395239,1831230,1324865,1427992,4081154,945499,12763192,0,0.133540262,5.610015112,8.024262269,10.93174027,14.3477431,10.38035783,11.18836103,31.97596651,7.408013607,Vaccini
