Categoria,0-9 anni,10-19 anni,20-29 anni,30-39 anni,40-49 anni,50-59 anni,60-69 anni,70-79 anni,80-89 anni,oltre 90 anni,Tutte le età,0-9 anni,10-19 anni,20-29 anni,30-39 anni,40-49 anni,50-59 anni,60-69 anni,70-79 anni,80-89 anni,oltre 90 anni,Labels
Casi 19/5/2021,764,1072,940,973,1320,1213,716,422,199,71,7690,9.934980494,13.94018205,12.2236671,12.65279584,17.16514954,15.77373212,9.310793238,5.487646294,2.587776333,0.923276983,Casi
Casi ultimi 25 giorni,25311,31258,27295,32187,39436,36416,24093,15056,6362,1947,239361,10.57440435,13.05893608,11.40327789,13.44705278,16.47553277,15.21384018,10.06554953,6.290080673,2.657910019,0.813415719,Casi
Casi cumulativi,224930,396366,490252,516729,665586,721918,459790,335642,252044,87079,4150336,5.419561211,9.55021473,11.81234483,12.45029318,16.03691846,17.39420616,11.07838016,8.087104273,6.072857716,2.098119285,Casi
Decessi 19/5/2021,0,0,0,1,2,8,28,76,75,35,225,0,0,0,0.444444444,0.888888889,3.555555556,12.44444444,33.77777778,33.33333333,15.55555556,Decessi
Decessi ultimi 25 giorni,0,3,7,20,61,280,876,1777,1826,821,5671,0,0.052900723,0.12343502,0.352671487,1.075648034,4.937400811,15.44701111,31.33486158,32.19890672,14.47716452,Decessi
Decessi cumulativi,6,16,65,233,1068,4242,12410,30868,50038,24045,122991,0.004878406,0.013009082,0.052849395,0.189444756,0.868356221,3.449032856,10.0901692,25.09777138,40.68427771,19.55021099,Decessi
Vaccini 19/5/2021,0,733,5924,7579,17536,42620,50301,31638,4999,1225,162555,0,0.450924303,3.644305004,4.662421949,10.78773338,26.21881825,30.94398819,19.462951,3.075266833,0.753591092,Vaccini
Vaccini ultimi 25 giorni,0,49948,327141,412857,754089,1900191,3445330,2805082,1034195,216684,10945517,0,0.456332944,2.98881268,3.771927813,6.889478131,17.36044994,31.47708783,25.62767935,9.448571502,1.9796598,Vaccini
Vaccini cumulativi,0,80029,1130007,1553009,2345279,4059287,5645191,6138989,6220906,1385558,28558255,0,0.280230707,3.956848904,5.438038844,8.212262969,14.21405825,19.7672827,21.49637294,21.7832147,4.851689993,Vaccini
