Categoria,0-9 anni,10-19 anni,20-29 anni,30-39 anni,40-49 anni,50-59 anni,60-69 anni,70-79 anni,80-89 anni,oltre 90 anni,Tutte le età,0-9 anni,10-19 anni,20-29 anni,30-39 anni,40-49 anni,50-59 anni,60-69 anni,70-79 anni,80-89 anni,oltre 90 anni,Labels
Casi 20/8/2021,430,1018,1062,768,813,746,406,254,162,46,5705,7.537248028,17.84399649,18.61524978,13.46187555,14.25065732,13.0762489,7.116564417,4.452234882,2.839614373,0.806310254,Casi
Casi ultimi 27 giorni,10754,33692,34407,21216,20254,17996,9514,5564,3397,842,157636,6.822045726,21.37329037,21.82686696,13.45885458,12.84858789,11.41617397,6.03542338,3.529650587,2.154964602,0.534141947,Casi
Casi cumulativi,247328,456725,553210,559860,709881,761911,481044,347805,258567,88841,4465172,5.539047544,10.22860933,12.38944435,12.53837478,15.89817817,17.06341883,10.77324681,7.789285609,5.790751174,1.9896434,Casi
Decessi 20/8/2021,0,0,0,0,1,2,13,15,15,10,56,0,0,0,0,1.785714286,3.571428571,23.21428571,26.78571429,26.78571429,17.85714286,Decessi
Decessi ultimi 27 giorni,2,1,1,6,16,46,97,181,238,112,700,0.285714286,0.142857143,0.142857143,0.857142857,2.285714286,6.571428571,13.85714286,25.85714286,34,16,Decessi
Decessi cumulativi,14,17,70,264,1142,4575,13203,32256,51523,24736,127800,0.010954617,0.013302034,0.054773083,0.20657277,0.893583725,3.579812207,10.33098592,25.23943662,40.31533646,19.35524257,Decessi
Vaccini 20/8/2021,0,45418,48902,43166,37788,24731,15514,6134,1603,287,223543,0,20.31734387,21.8758807,19.30993142,16.9041303,11.0631959,6.940051802,2.743991089,0.717087988,0.128386932,Vaccini
Vaccini ultimi 27 giorni,0,1560679,2254892,1979004,1662934,1102266,912967,328298,51390,11654,9864084,0,15.82183404,22.85961879,20.06272453,16.85847363,11.17453988,9.2554666,3.328215778,0.520980965,0.11814579,Vaccini
Vaccini cumulativi,0,3469912,7310556,8000546,11452073,14065744,12006625,10390629,6788961,1555026,75040072,0,4.624078719,9.742202806,10.66169819,15.26127667,18.74431037,16.00028449,13.84677376,9.047114187,2.072260805,Vaccini
