Categoria,0-9 anni,10-19 anni,20-29 anni,30-39 anni,40-49 anni,50-59 anni,60-69 anni,70-79 anni,80-89 anni,oltre 90 anni,Tutte le età,0-9 anni,10-19 anni,20-29 anni,30-39 anni,40-49 anni,50-59 anni,60-69 anni,70-79 anni,80-89 anni,oltre 90 anni,Labels
Casi 18/1/2022,22751,28298,23954,26870,31648,27734,14075,7564,3874,1076,187844,12.11164583,15.0646281,12.75207087,14.30442282,16.84802283,14.76437895,7.492919657,4.026745597,2.062349609,0.572815741,Casi
Casi ultimi 28 giorni,14408,31061,32203,25331,25392,21842,12319,7660,4822,1353,176391,8.168217199,17.60917507,18.25660039,14.36071001,14.39529228,12.38271794,6.983916413,4.342625191,2.733699565,0.767045938,Casi
Casi cumulativi,598885,1037727,1195713,1157459,1391253,1366612,808665,540382,350505,112257,8559458,6.996763113,12.12374662,13.96949433,13.52257351,16.25398477,15.9661044,9.44761923,6.313273574,4.094943862,1.311496592,Casi
Decessi 18/1/2022,0,0,1,3,2,17,48,86,129,58,344,0,0,0.290697674,0.872093023,0.581395349,4.941860465,13.95348837,25,37.5,16.86046512,Decessi
Decessi ultimi 28 giorni,0,0,4,12,37,99,211,352,498,245,1458,0,0,0.274348422,0.823045267,2.537722908,6.790123457,14.47187929,24.14266118,34.1563786,16.80384088,Decessi
Decessi cumulativi,15,23,84,329,1328,5215,14676,35349,56155,27114,140288,0.01069229,0.016394845,0.059876825,0.234517564,0.946624088,3.717352874,10.46133668,25.19745096,40.02837021,19.32738367,Decessi
