Categoria,0-9 anni,10-19 anni,20-29 anni,30-39 anni,40-49 anni,50-59 anni,60-69 anni,70-79 anni,80-89 anni,oltre 90 anni,Tutte le età,0-9 anni,10-19 anni,20-29 anni,30-39 anni,40-49 anni,50-59 anni,60-69 anni,70-79 anni,80-89 anni,oltre 90 anni,Labels
Casi 24 ore,2485,4324,8255,7232,7530,7688,4778,3350,2657,1124,49423,5.02802339,8.748963033,16.70274973,14.63286324,15.23582138,15.55551059,9.667563685,6.778220666,5.376039496,2.274244785,Casi
Casi ultimi 23 giorni,18295,28233,32768,35533,45650,49308,32827,24139,18949,6494,292196,6.3,9.662349929,11.21439034,12.16067297,15.62307492,16.87497433,11.23458227,8.261235609,6.485030596,2.222480801,Casi
Casi cumulativi,107849,219339,308329,318498,410972,460457,290544,217289,185227,69998,2588502,4.2,8.473588199,11.91148394,12.30433664,15.8768276,17.78855106,11.22440701,8.394391814,7.155760359,2.704189527,Casi
Decessi 24 ore,0,0,0,1,1,12,28,93,168,96,399,0,0,0,0.250626566,0.250626566,3.007518797,7.01754386,23.30827068,42.10526316,24.06015038,Decessi
Decessi ultimi 23 giorni,0,0,4,18,73,266,878,2299,4412,2389,10339,0,0,0.038688461,0.174098075,0.706064416,2.572782668,8.492117226,22.23619306,42.67337267,23.10668343,Decessi
Decessi cumulativi,5,5,45,175,729,2877,8370,21574,36961,18182,88923,0,0.005622842,0.05060558,0.196799478,0.819810398,3.235383422,9.4126379,24.26143967,41.56517436,20.4469035,Decessi
Vaccini 24 ore,0,90,6751,8811,11029,14242,9042,2760,3569,2745,59039,0,0.152441606,11.43481428,14.92403327,18.68087197,24.12303731,15.31530006,4.674875929,6.045156591,4.649468995,Vaccini
Vaccini ultimi 23 giorni,0,502,155407,241089,295712,404481,261865,61899,86159,69676,1576790,0,0.031836833,9.855909791,15.28986105,18.75405095,25.65217943,16.60747468,3.925633724,5.464202589,4.418850957,Vaccini
Vaccini cumulativi,0,2194,242103,372036,464535,626298,388097,82484,111211,88562,2377520,0,0.092281032,10.18300582,15.64807026,19.5386369,26.34249134,16.32360611,3.469329385,4.677605236,3.724973922,Vaccini
