Categoria,0-9 anni,10-19 anni,20-29 anni,30-39 anni,40-49 anni,50-59 anni,60-69 anni,70-79 anni,80-89 anni,oltre 90 anni,Tutte le età,0-9 anni,10-19 anni,20-29 anni,30-39 anni,40-49 anni,50-59 anni,60-69 anni,70-79 anni,80-89 anni,oltre 90 anni,Labels
Casi 11/2/2022,7691,7754,5103,7250,8527,6671,3697,2514,1720,649,51576,14.91197456,15.0341244,9.894136808,14.0569257,16.53288351,12.93431053,7.168062665,4.874360168,3.334884442,1.258337211,Casi
Casi ultimi 28 giorni,14408,31061,32203,25331,25392,21842,12319,7660,4822,1353,176391,8.168217199,17.60917507,18.25660039,14.36071001,14.39529228,12.38271794,6.983916413,4.342625191,2.733699565,0.767045938,Casi
Casi cumulativi,1044254,1508119,1519391,1597087,1913179,1776566,1028447,669706,427148,136062,11619959,8.986727062,12.97869468,13.07570018,13.74434282,16.46459338,15.28891797,8.850693879,5.763411041,3.675985432,1.170933564,Casi
Decessi 11/2/2022,1,0,1,5,2,13,27,73,120,74,316,0.316455696,0,0.316455696,1.582278481,0.632911392,4.113924051,8.544303797,23.10126582,37.97468354,23.41772152,Decessi
Decessi ultimi 28 giorni,0,0,4,12,37,99,211,352,498,245,1458,0,0,0.274348422,0.823045267,2.537722908,6.790123457,14.47187929,24.14266118,34.1563786,16.80384088,Decessi
Decessi cumulativi,18,27,100,362,1413,5476,15374,37076,59206,28776,147828,0.012176313,0.01826447,0.067646183,0.244879184,0.955840571,3.704305003,10.39992424,25.08049896,40.05059935,19.46586574,Decessi
