Categoria,0-9 anni,10-19 anni,20-29 anni,30-39 anni,40-49 anni,50-59 anni,60-69 anni,70-79 anni,80-89 anni,oltre 90 anni,Tutte le età,0-9 anni,10-19 anni,20-29 anni,30-39 anni,40-49 anni,50-59 anni,60-69 anni,70-79 anni,80-89 anni,oltre 90 anni,Labels
Casi 23/1/2022,12105,11454,8348,11710,13801,10429,5211,2969,1759,523,78309,15.45799333,14.62667126,10.66033278,14.95358133,17.62377249,13.31775403,6.654407539,3.791390517,2.24622968,0.66786704,Casi
Casi ultimi 28 giorni,14408,31061,32203,25331,25392,21842,12319,7660,4822,1353,176391,8.168217199,17.60917507,18.25660039,14.36071001,14.39529228,12.38271794,6.983916413,4.342625191,2.733699565,0.767045938,Casi
Casi cumulativi,690865,1140552,1276989,1258252,1507318,1460986,858086,568580,366228,116917,9244773,7.473033681,12.33726345,13.813092,13.61041531,16.30454312,15.80337343,9.281850403,6.150286221,3.961460168,1.264682216,Casi
Decessi 23/1/2022,0,0,0,0,1,3,11,40,72,45,172,0,0,0,0,0.581395349,1.744186047,6.395348837,23.25581395,41.86046512,26.1627907,Decessi
Decessi ultimi 28 giorni,0,0,4,12,37,99,211,352,498,245,1458,0,0,0.274348422,0.823045267,2.537722908,6.790123457,14.47187929,24.14266118,34.1563786,16.80384088,Decessi
Decessi cumulativi,15,24,86,335,1347,5261,14806,35624,56684,27420,141602,0.010593071,0.016948913,0.060733605,0.236578579,0.951257751,3.715343004,10.456067,25.15783675,40.03050804,19.36413327,Decessi
