Categoria,0-9 anni,10-19 anni,20-29 anni,30-39 anni,40-49 anni,50-59 anni,60-69 anni,70-79 anni,80-89 anni,oltre 90 anni,Tutte le età,0-9 anni,10-19 anni,20-29 anni,30-39 anni,40-49 anni,50-59 anni,60-69 anni,70-79 anni,80-89 anni,oltre 90 anni,Labels
Casi 24 ore,1467,1958,2116,2375,3219,3446,2231,1631,1402,526,20371,7.201413774,9.611702911,10.3873153,11.65873055,15.80187521,16.91620441,10.95184331,8.0064798,6.882332728,2.582102008,Casi
Casi ultimi 27 giorni,20700,37035,49199,51572,64439,70982,47230,35265,27651,9594,413667,5,8.952853382,11.89338284,12.46703266,15.57750558,17.1592126,11.41739612,8.524972986,6.684362059,2.319256794,Casi
Casi cumulativi,100370,208988,297452,305857,394712,443647,279151,209371,179161,68193,2486902,4,8.403547868,11.96074473,12.29871543,15.87163467,17.83934389,11.22484923,8.418948555,7.204184162,2.742086339,Casi
Decessi 24 ore,0,0,0,0,3,16,61,160,308,153,701,0,0,0,0,0.427960057,2.282453638,8.701854494,22.82453638,43.93723252,21.82596291,Decessi
Decessi ultimi 27 giorni,0,0,10,20,99,372,1151,3118,5916,3054,13740,0,0,0.072780204,0.145560408,0.720524017,2.707423581,8.377001456,22.69286754,43.05676856,22.22707424,Decessi
Decessi cumulativi,5,5,45,171,707,2774,8056,20795,35508,17344,85410,0,0.005854115,0.052687039,0.200210748,0.827771924,3.247863248,9.432150802,24.34726613,41.57358623,20.30675565,Decessi
Vaccini 24 ore,0,22,7569,14182,16926,23284,14548,2287,3043,2576,84437,0,0.026054929,8.964079728,16.79595438,20.04571456,27.5755889,17.22941365,2.708528252,3.603870341,3.050795267,Vaccini
Vaccini ultimi 22 giorni,0,1212,141110,220258,273077,370861,232998,50368,71392,55803,1417079,0,0.085528047,9.957807575,15.54309957,19.27041471,26.17080629,16.44213202,3.554353709,5.037968949,3.937889137,Vaccini
Vaccini cumulativi,0,1383,157716,248169,309423,416249,256331,52666,74876,58445,1575258,0,0.087795142,10.01207421,15.75418122,19.6426871,26.4241794,16.27231857,3.343325347,4.753253118,3.710185887,Vaccini
