Categoria,0-9 anni,10-19 anni,20-29 anni,30-39 anni,40-49 anni,50-59 anni,60-69 anni,70-79 anni,80-89 anni,oltre 90 anni,Tutte le età,0-9 anni,10-19 anni,20-29 anni,30-39 anni,40-49 anni,50-59 anni,60-69 anni,70-79 anni,80-89 anni,oltre 90 anni,Labels
Casi 27/5/2021,237,385,338,342,498,496,218,115,45,26,2700,8.777777778,14.25925926,12.51851852,12.66666667,18.44444444,18.37037037,8.074074074,4.259259259,1.666666667,0.962962963,Casi
Casi ultimi 26 giorni,19247,24900,21286,24565,30607,27749,17734,10672,4448,1371,182579,10.5417381,13.63793207,11.65851494,13.45444985,16.76370229,15.19835249,9.713055718,5.845141007,2.436205697,0.750907826,Casi
Casi cumulativi,228182,401256,494293,521100,671294,727081,462740,337312,252724,87293,4183275,5.454625861,9.591910644,11.81593369,12.4567474,16.04709229,17.38066467,11.06166819,8.063347497,6.041295397,2.086714357,Casi
Decessi 27/5/2021,0,0,0,1,0,3,27,49,41,26,147,0,0,0,0.680272109,0,2.040816327,18.36734694,33.33333333,27.89115646,17.68707483,Decessi
Decessi ultimi 26 giorni,0,3,6,20,58,238,737,1513,1430,602,4607,0,0.065118298,0.130236596,0.434121988,1.258953766,5.166051661,15.99739527,32.84132841,31.03972216,13.06707185,Decessi
Decessi cumulativi,6,17,65,237,1079,4294,12584,31190,50273,24133,123878,0.004843475,0.013723179,0.05247098,0.191317264,0.87101826,3.466313631,10.15838163,25.17799771,40.58267005,19.48126382,Decessi
Vaccini 27/5/2021,0,5842,25066,31917,89041,179773,132457,64732,11569,3653,544050,0,1.073798364,4.607297123,5.866556383,16.36632662,33.04347027,24.34647551,11.89817112,2.126458965,0.671445639,Vaccini
Vaccini ultimi 26 giorni,0,73963,454210,596549,1253837,2961528,3799522,2449387,676941,180153,12446090,0,0.594266955,3.649419215,4.793063524,10.07414377,23.79484641,30.52783645,19.67997178,5.438985256,1.447466634,Vaccini
Vaccini cumulativi,0,113993,1323757,1817623,2981964,5382188,6809564,6749131,6349874,1430834,32958928,0,0.345863798,4.016383664,5.514812254,9.047515138,16.329985,20.66075693,20.47739842,19.26602103,4.341263769,Vaccini
