Categoria,0-9 anni,10-19 anni,20-29 anni,30-39 anni,40-49 anni,50-59 anni,60-69 anni,70-79 anni,80-89 anni,oltre 90 anni,Tutte le età,0-9 anni,10-19 anni,20-29 anni,30-39 anni,40-49 anni,50-59 anni,60-69 anni,70-79 anni,80-89 anni,oltre 90 anni,Labels
Casi 22/7/2021,216,1095,1207,662,665,617,314,185,142,60,5163,4.183614178,21.20859965,23.37788108,12.82200271,12.88010846,11.95041642,6.081735425,3.583188069,2.75033895,1.162115049,Casi
Casi ultimi 26 giorni,3144,11733,13889,8401,7983,7603,4092,2231,1081,278,60435,5.202283445,19.41424671,22.98171589,13.90088525,13.20923306,12.58045834,6.770910896,3.691569455,1.788698602,0.459998345,Casi
Casi cumulativi,236194,421074,516680,537602,688716,743093,471169,342061,255084,87993,4299666,5.493310411,9.793179284,12.01674735,12.50334328,16.01789534,17.28257497,10.95826978,7.955524918,5.932646861,2.046507799,Casi
Decessi 22/7/2021,0,0,0,1,0,1,2,8,14,13,39,0,0,0,2.564102564,0,2.564102564,5.128205128,20.51282051,35.8974359,33.33333333,Decessi
Decessi ultimi 26 giorni,-1,-1,1,6,3,44,63,138,211,111,575,-0.173913043,-0.173913043,0.173913043,1.043478261,0.52173913,7.652173913,10.95652174,24,36.69565217,19.30434783,Decessi
Decessi cumulativi,12,16,69,259,1124,4526,13104,32069,51281,24620,127080,0.009442871,0.012590494,0.054296506,0.203808624,0.884482216,3.56153604,10.31161473,25.23528486,40.35332074,19.37362291,Decessi
Vaccini 22/7/2021,0,34468,66524,75572,87561,53304,60899,41920,2829,637,423714,0,8.13473239,15.70021288,17.83561553,20.66511845,12.5801838,14.37266647,9.893465876,0.667667342,0.150337256,Vaccini
Vaccini ultimi 26 giorni,0,968341,1843586,1816610,2823979,2924619,1776722,1664276,107325,26003,13951461,0,6.940785628,13.2142863,13.02093021,20.24145715,20.96281529,12.73502467,11.92904456,0.769274272,0.186381914,Vaccini
Vaccini cumulativi,0,1790963,4818736,5776659,9497661,12769244,10893270,9933414,6712458,1536187,63728592,0,2.810297456,7.561340756,9.064469838,14.90329647,20.0369153,17.09322246,15.5870602,10.53288295,2.410514577,Vaccini
