Categoria,0-9 anni,10-19 anni,20-29 anni,30-39 anni,40-49 anni,50-59 anni,60-69 anni,70-79 anni,80-89 anni,oltre 90 anni,Tutte le età,0-9 anni,10-19 anni,20-29 anni,30-39 anni,40-49 anni,50-59 anni,60-69 anni,70-79 anni,80-89 anni,oltre 90 anni,Labels
Casi 19/3/2021,694,1047,1116,1149,1467,1677,965,646,374,109,9244,7.507572479,11.32626569,12.0726958,12.42968412,15.86975335,18.14149719,10.43920381,6.988316746,4.04586759,1.179143228,Casi
Casi ultimi 27 giorni,35033,57183,60209,64611,83970,86462,54794,38590,23314,5459,509625,6.874270297,11.22060338,11.81437331,12.6781457,16.47682119,16.96580819,10.75182732,7.572234486,4.574736326,1.071179789,Casi
Casi cumulativi,156723,297869,389011,406253,525028,577477,364771,269878,217842,78049,3282901,4.773917946,9.073347018,11.84961106,12.37481727,15.99280636,17.5904482,11.11123972,8.220716982,6.635655477,2.377439953,Casi
Decessi 19/3/2021,0,-1,0,-1,-1,1,9,47,43,32,129,0,-0.775193798,0,-0.775193798,-0.775193798,0.775193798,6.976744186,36.43410853,33.33333333,24.80620155,Decessi
Decessi ultimi 27 giorni,0,3,2,13,91,327,836,2242,3541,1655,8710,0,0.034443169,0.022962113,0.149253731,1.044776119,3.754305396,9.598163031,25.74052813,40.65442021,19.00114811,Decessi
Decessi cumulativi,6,13,51,193,864,3355,9687,24923,42541,20869,102502,0.005853544,0.012682679,0.049755127,0.188289009,0.842910382,3.273106866,9.450547306,24.31464752,41.50260483,20.35960274,Decessi
Vaccini 19/3/2021,0,271,5005,6798,9030,11235,9702,11097,85319,15589,154046,0,0.175921478,3.249029511,4.412967555,5.861885411,7.293276034,6.298118744,7.203692404,55.38540436,10.1197045,Vaccini
Vaccini ultimi 27 giorni,0,4000,203461,298078,445498,573796,340066,135775,1639447,382188,4022309,0,0.099445368,5.058313521,7.410619124,11.07567817,14.26533864,8.454497156,3.375548721,40.75885269,9.501706607,Vaccini
Vaccini cumulativi,0,7751,560755,812556,1090951,1404561,844936,268839,1990463,551223,7532035,0,0.102907116,7.444933541,10.78800085,14.48414671,18.64782891,11.21789795,3.569274439,26.42662972,7.318380756,Vaccini
