Categoria,0-9 anni,10-19 anni,20-29 anni,30-39 anni,40-49 anni,50-59 anni,60-69 anni,70-79 anni,80-89 anni,oltre 90 anni,Tutte le età,0-9 anni,10-19 anni,20-29 anni,30-39 anni,40-49 anni,50-59 anni,60-69 anni,70-79 anni,80-89 anni,oltre 90 anni,Labels
Casi 13/6/2021,103,163,186,169,184,153,76,49,20,8,1111,9.270927093,14.67146715,16.74167417,15.21152115,16.56165617,13.77137714,6.840684068,4.410441044,1.800180018,0.720072007,Casi
Casi ultimi 22 giorni,5709,9167,8603,8682,10752,9673,5137,2861,1391,438,62413,9.147132809,14.6876452,13.78398731,13.9105635,17.22718023,15.49837374,8.230657075,4.583980901,2.228702354,0.701776873,Casi
Casi cumulativi,231877,407318,500276,527048,678358,733498,466035,339165,253661,87590,4224826,5.488439051,9.641059774,11.84133974,12.47502264,16.05647191,17.36161442,11.03086849,8.027904581,6.004057919,2.073221477,Casi
Decessi 13/6/2021,0,0,0,0,0,0,5,5,5,3,18,0,0,0,0,0,0,27.77777778,27.77777778,27.77777778,16.66666667,Decessi
Decessi ultimi 22 giorni,1,-2,2,16,42,176,491,825,761,334,2646,0.037792895,-0.07558579,0.07558579,0.604686319,1.587301587,6.651549509,18.55631141,31.17913832,28.76039305,12.62282691,Decessi
Decessi cumulativi,7,15,67,250,1115,4438,12959,31802,50911,24421,125985,0.005556217,0.011906179,0.053180934,0.198436322,0.885025995,3.522641584,10.28614518,25.24268762,40.41036631,19.38405366,Decessi
Vaccini 13/6/2021,0,14400,35880,49754,84142,62683,27505,19477,2541,417,296799,0,4.851768368,12.08898952,16.76353357,28.34982598,21.11968032,9.267214512,6.562353647,0.85613496,0.140499126,Vaccini
Vaccini ultimi 22 giorni,0,327228,861057,1128852,2447211,3548939,1834613,1035561,194724,60206,11438391,0,2.860786976,7.527780787,9.868975453,21.39471364,31.02655784,16.03908277,9.053379973,1.7023723,0.526350253,Vaccini
Vaccini cumulativi,0,420256,2090594,2822649,5106995,8210216,8063139,7477639,6491038,1476568,42159094,0,0.996833566,4.958820984,6.695231639,12.11362607,19.47436536,19.1255035,17.73671654,15.39653105,3.50237128,Vaccini
