Categoria,0-9 anni,10-19 anni,20-29 anni,30-39 anni,40-49 anni,50-59 anni,60-69 anni,70-79 anni,80-89 anni,oltre 90 anni,Tutte le età,0-9 anni,10-19 anni,20-29 anni,30-39 anni,40-49 anni,50-59 anni,60-69 anni,70-79 anni,80-89 anni,oltre 90 anni,Labels
Casi 23/5/2021,549,855,773,705,920,814,482,284,110,27,5519,9.947454249,15.49193695,14.00616054,12.77405327,16.66968654,14.74904874,8.733466208,5.145859757,1.993114695,0.489219061,Casi
Casi ultimi 22 giorni,17782,22650,19439,22536,27839,25307,16374,9948,4104,1257,167236,10.63287809,13.5437346,11.62369346,13.47556746,16.64653543,15.13250735,9.790954101,5.948479992,2.454017078,0.751632424,Casi
Casi cumulativi,226717,399006,492446,519071,668526,724639,461380,336588,252380,87179,4167932,5.439556116,9.573236799,11.81511599,12.45392199,16.03975305,17.3860562,11.06975834,8.075659584,6.055281132,2.091660804,Casi
Decessi 23/5/2021,0,0,1,0,0,6,16,26,18,10,77,0,0,1.298701299,0,0,7.792207792,20.77922078,33.76623377,23.37662338,12.98701299,Decessi
Decessi ultimi 22 giorni,0,3,7,17,52,212,637,1326,1325,566,4145,0,0.072376357,0.168878166,0.41013269,1.254523522,5.114595899,15.36791315,31.99034982,31.96622437,13.65500603,Decessi
Decessi cumulativi,6,17,66,234,1073,4268,12484,31003,50168,24097,123416,0.004861606,0.013774551,0.053477669,0.189602645,0.869417255,3.458222597,10.11538212,25.12072989,40.6495106,19.52502107,Decessi
Vaccini 23/5/2021,0,1967,11563,20053,38919,83784,73707,39818,7269,1669,278749,0,0.705652756,4.148176316,7.193927153,13.96202318,30.05714819,26.44206795,14.28453555,2.60772236,0.598746543,Vaccini
Vaccini ultimi 22 giorni,0,54565,356294,466674,925605,2278476,3255578,2165826,623242,160991,10287251,0,0.53041381,3.463451995,4.536430578,8.997593235,22.14854095,31.64672467,21.05349622,6.058392082,1.564956469,Vaccini
Vaccini cumulativi,0,94542,1224497,1686302,2651608,4696291,6262204,6462505,6294292,1410633,30782874,0,0.307125319,3.977851451,5.478052504,8.613906551,15.25618108,20.34314275,20.99383248,20.44738253,4.582525335,Vaccini
