Categoria,0-9 anni,10-19 anni,20-29 anni,30-39 anni,40-49 anni,50-59 anni,60-69 anni,70-79 anni,80-89 anni,oltre 90 anni,Tutte le età,0-9 anni,10-19 anni,20-29 anni,30-39 anni,40-49 anni,50-59 anni,60-69 anni,70-79 anni,80-89 anni,oltre 90 anni,Labels
Casi 27/7/2021,371,1470,1402,804,719,578,321,185,106,13,5969,6.215446473,24.62724074,23.48802144,13.4695929,12.04556877,9.683364048,5.377785224,3.099346624,1.77584185,0.217791925,Casi
Casi ultimi 24 giorni,3980,16423,18525,10618,9834,9262,4835,2586,1288,308,77659,5.124969418,21.14758109,23.85428605,13.67259429,12.66305258,11.92649918,6.225936466,3.329942441,1.658532817,0.396605674,Casi
Casi cumulativi,237391,426599,522367,540565,691330,745373,472233,342617,255412,88055,4321942,5.492692868,9.870539679,12.08639542,12.50745614,15.99581855,17.2462518,10.92640762,7.927385421,5.909658205,2.037394301,Casi
Decessi 27/7/2021,1,0,-1,0,0,3,3,6,-2,6,16,6.25,0,-6.25,0,0,18.75,18.75,37.5,-12.5,37.5,Decessi
Decessi ultimi 24 giorni,1,-1,0,2,6,38,48,109,165,97,465,0.215053763,-0.215053763,0,0.430107527,1.290322581,8.172043011,10.32258065,23.44086022,35.48387097,20.86021505,Decessi
Decessi cumulativi,14,16,68,258,1127,4534,13112,32087,51293,24633,127142,0.01101131,0.012584355,0.053483507,0.202922716,0.88641047,3.566091457,10.31287851,25.23713643,40.34308096,19.37440028,Decessi
Vaccini 27/7/2021,0,39969,85821,76269,85809,46442,53252,18627,1881,391,408461,0,9.785267137,21.01081866,18.6722845,21.0078808,11.36999616,13.03722999,4.560288498,0.460509082,0.095725173,Vaccini
Vaccini ultimi 24 giorni,0,917413,1733570,1803089,2802846,2427718,1709230,1266611,79640,18710,12758827,0,7.190418053,13.58722083,14.13209067,21.96789721,19.02775232,13.39645094,9.927331094,0.624195312,0.146643575,Vaccini
Vaccini cumulativi,0,2024823,5280958,6247156,10047699,13091838,11249695,10109714,6727412,1539751,66319046,0,3.053154595,7.962958333,9.419852029,15.15054815,19.74069108,16.9629928,15.24405825,10.14401202,2.321732734,Vaccini
