Categoria,0-9 anni,10-19 anni,20-29 anni,30-39 anni,40-49 anni,50-59 anni,60-69 anni,70-79 anni,80-89 anni,oltre 90 anni,Tutte le età,0-9 anni,10-19 anni,20-29 anni,30-39 anni,40-49 anni,50-59 anni,60-69 anni,70-79 anni,80-89 anni,oltre 90 anni,Labels
Casi 12/8/2021,314,952,894,594,565,486,289,185,99,30,4408,7.123411978,21.59709619,20.28130672,13.47549909,12.81760436,11.02540835,6.556261343,4.196914701,2.245916515,0.680580762,Casi
Casi ultimi 26 giorni,7960,30556,31299,17563,16102,14239,7188,4029,2461,603,132000,6.03030303,23.14848485,23.71136364,13.30530303,12.19848485,10.78712121,5.445454545,3.052272727,1.864393939,0.456818182,Casi
Casi cumulativi,243365,447149,543080,552768,702794,755443,477466,345603,257217,88492,4413377,5.514258129,10.13167468,12.30531631,12.52483076,15.92417779,17.11711916,10.81860897,7.830806206,5.828122093,2.005085901,Casi
Decessi 12/8/2021,0,0,0,0,1,1,1,3,5,3,14,0,0,0,0,7.142857143,7.142857143,7.142857143,21.42857143,35.71428571,21.42857143,Decessi
Decessi ultimi 26 giorni,2,1,0,3,13,28,53,129,170,92,491,0.407331976,0.203665988,0,0.610997963,2.647657841,5.702647658,10.79429735,26.27291242,34.62321792,18.73727088,Decessi
Decessi cumulativi,14,17,69,261,1136,4553,13152,32180,51422,24684,127488,0.010981426,0.013334588,0.054122741,0.204725151,0.891064257,3.571316516,10.31626506,25.24159137,40.33477661,19.36182229,Decessi
Vaccini 12/8/2021,0,68486,75985,59710,47184,39162,23083,8622,2155,487,324874,0,21.08078824,23.38906776,18.37943326,14.52378461,12.0545196,7.105216176,2.653951994,0.663334093,0.149904271,Vaccini
Vaccini ultimi 26 giorni,0,1503818,2477427,2297300,2262285,1434768,1332876,596824,60713,14044,11980055,0,12.55268027,20.67959621,19.17603884,18.88376139,11.97630562,11.12579199,4.981813523,0.506783984,0.117228176,Vaccini
Vaccini cumulativi,0,3104064,6934028,7669668,11161580,13864480,11882599,10343749,6774430,1551535,73286133,0,4.235540713,9.461582589,10.46537412,15.2301391,18.91828567,16.21398007,14.11419675,9.243808784,2.117092193,Vaccini
