Categoria,0-9 anni,10-19 anni,20-29 anni,30-39 anni,40-49 anni,50-59 anni,60-69 anni,70-79 anni,80-89 anni,oltre 90 anni,Tutte le età,0-9 anni,10-19 anni,20-29 anni,30-39 anni,40-49 anni,50-59 anni,60-69 anni,70-79 anni,80-89 anni,oltre 90 anni,Labels
Casi 12/2/2021,932,1398,1370,1613,2161,2188,1393,1021,698,231,13005,7.166474433,10.74971165,10.53440984,12.40292195,16.61668589,16.82429835,10.7112649,7.850826605,5.367166474,1.776239908,Casi
Casi ultimi 30 giorni,24991,38057,42270,46418,60070,63909,42209,30998,23724,7924,380570,6.6,10,11.10702368,12.19696771,15.78421841,16.79296844,11.09099509,8.145150695,6.233807184,2.082139948,Casi
Casi cumulativi,114545,229163,317831,329383,425392,475058,299926,224148,190002,71428,2676876,4.3,8.560837334,11.87320593,12.30475375,15.89135993,17.74673164,11.20432923,8.373492086,7.097900687,2.668334282,Casi
Decessi 12/2/2021,0,0,0,0,5,7,17,68,132,53,282,0,0,0,0,1.773049645,2.482269504,6.028368794,24.11347518,46.80851064,18.79432624,Decessi
Decessi ultimi 30 giorni,0,0,7,20,92,335,1105,2858,5409,2907,12733,0,0,0.054975261,0.157072175,0.722532003,2.630958926,8.67823765,22.44561376,42.48016964,22.83044059,Decessi
Decessi cumulativi,5,5,48,177,748,2946,8597,22133,37958,18700,91317,0,0.005475432,0.052564145,0.193830284,0.819124588,3.22612438,9.41445733,24.23754613,41.56728758,20.4781147,Decessi
Vaccini 12/2/2021,0,87,8141,9753,11940,12972,7689,3614,7895,4249,66340,0,0.131142599,12.27163099,14.70153753,17.99819114,19.55381369,11.59029243,5.447693699,11.90081399,6.404883931,Vaccini
Vaccini ultimi 30 giorni,0,1342,215497,310196,381223,511367,329929,89115,151766,102553,2092988,0,0.064118858,10.29614121,14.8207252,18.21429459,24.43239044,15.76353997,4.257788387,7.251164364,4.899836979,Vaccini
Vaccini cumulativi,0,3034,302193,441143,550046,733184,456161,109700,176818,121439,2893718,0,0.104847812,10.44307013,15.24485109,19.00827931,25.33709228,15.76383739,3.790970647,6.110408824,4.19664252,Vaccini
