Categoria,0-9 anni,10-19 anni,20-29 anni,30-39 anni,40-49 anni,50-59 anni,60-69 anni,70-79 anni,80-89 anni,oltre 90 anni,Tutte le età,0-9 anni,10-19 anni,20-29 anni,30-39 anni,40-49 anni,50-59 anni,60-69 anni,70-79 anni,80-89 anni,oltre 90 anni,Labels
Casi 30/4/2021,1306,1663,1403,1708,2031,1890,1312,819,310,82,12524,10.42797828,13.27850527,11.20249122,13.63781539,16.21686362,15.09102523,10.4758863,6.539444267,2.475247525,0.654742894,Casi
Casi ultimi 27 giorni,31153,43785,44885,48805,61181,63562,42746,29921,14890,3898,384826,8.095346988,11.37786948,11.66371295,12.68235514,15.89835406,16.51707525,11.10787733,7.775202299,3.869281182,1.012925322,Casi
Casi cumulativi,207543,374796,471628,494825,638716,697444,443708,325778,247892,85789,3988119,5.204032277,9.397813857,11.82582566,12.40747831,16.01546995,17.48804386,11.12574625,8.16871312,6.215762368,2.151114347,Casi
Decessi 30/4/2021,0,0,0,1,2,9,36,64,58,30,200,0,0,0,0.5,1,4.5,18,32,29,15,Decessi
Decessi ultimi 27 giorni,0,0,4,10,94,480,1431,3122,3853,1659,10653,0,0,0.037548109,0.093870271,0.88238055,4.505773022,13.43283582,29.3062987,36.16821553,15.57307801,Decessi
Decessi cumulativi,6,14,59,216,1019,4043,11818,29633,48789,23500,119097,0.00503791,0.011755124,0.049539451,0.18136477,0.855605095,3.394711874,9.923003938,24.8813992,40.9657674,19.73181524,Decessi
Vaccini 30/4/2021,0,1729,13069,15635,25558,52603,139862,150608,81262,12334,492660,0,0.350951975,2.652742256,3.173588276,5.187756262,10.6773434,28.38915276,30.57037308,16.49453984,2.503552145,Vaccini
Vaccini ultimi 27 giorni,0,23596,173803,223781,371067,630724,1690709,3210378,2106921,374835,8805814,0,0.267959328,1.973730083,2.541286927,4.213886416,7.162585991,19.19991724,36.45748139,23.9264763,4.256676328,Vaccini
Vaccini cumulativi,0,37403,854316,1203292,1698056,2357522,2858409,4141513,5570549,1228007,19949067,0,0.187492478,4.282485993,6.031820937,8.511956975,11.81770556,14.32853476,20.76043456,27.92385729,6.155711443,Vaccini
