Categoria,0-9 anni,10-19 anni,20-29 anni,30-39 anni,40-49 anni,50-59 anni,60-69 anni,70-79 anni,80-89 anni,oltre 90 anni,Tutte le età,0-9 anni,10-19 anni,20-29 anni,30-39 anni,40-49 anni,50-59 anni,60-69 anni,70-79 anni,80-89 anni,oltre 90 anni,Labels
Casi 5/8/2021,526,1931,1965,1080,1021,829,449,226,129,32,8188,6.424035173,23.58329262,23.99853444,13.1900342,12.46946751,10.12457255,5.483634587,2.760136786,1.575476307,0.390815828,Casi
Casi ultimi 26 giorni,6624,26632,28354,16219,15010,13741,7047,3815,2037,479,119958,5.521932676,22.20110372,23.63660615,13.52056553,12.51271278,11.45484253,5.874556095,3.180279765,1.698094333,0.399306424,Casi
Casi cumulativi,240445,438238,533975,547146,697378,750605,474869,344055,256282,88250,4371243,5.500609323,10.02547788,12.21563294,12.51694312,15.95376876,17.17143156,10.86347751,7.870873342,5.862909017,2.018876553,Casi
Decessi 5/8/2021,0,0,1,0,-1,0,1,-7,-1,2,-5,0,0,-20,0,20,0,-20,140,20,-40,Decessi
Decessi ultimi 26 giorni,2,0,-1,4,6,29,50,142,186,108,526,0.380228137,0,-0.190114068,0.760456274,1.140684411,5.513307985,9.505703422,26.99619772,35.36121673,20.53231939,Decessi
Decessi cumulativi,14,16,68,262,1128,4544,13138,32140,51363,24665,127338,0.010994361,0.012564985,0.053401184,0.205751622,0.885831409,3.568455606,10.31742292,25.23991267,40.33595627,19.36970896,Decessi
Vaccini 5/8/2021,0,72710,106106,90792,68289,43045,34199,12719,2147,551,430558,0,16.88738799,24.64383428,21.08705447,15.86058092,9.997491627,7.942948453,2.954073551,0.498655233,0.127973467,Vaccini
Vaccini ultimi 26 giorni,0,1240515,2269573,2296539,2801040,1962992,1649864,892349,70332,16864,13200068,0,9.397792496,17.19364628,17.3979331,21.21989069,14.87107491,12.49890531,6.760184872,0.532815437,0.127756918,Vaccini
Vaccini cumulativi,0,2602312,6269615,7134091,10768218,13565710,11679751,10266884,6753777,1546787,70587145,0,3.68666561,8.882091775,10.10678502,15.25521113,19.21838601,16.54656949,14.54497699,9.567998536,2.19131543,Vaccini
