Categoria,0-9 anni,10-19 anni,20-29 anni,30-39 anni,40-49 anni,50-59 anni,60-69 anni,70-79 anni,80-89 anni,oltre 90 anni,Tutte le età,0-9 anni,10-19 anni,20-29 anni,30-39 anni,40-49 anni,50-59 anni,60-69 anni,70-79 anni,80-89 anni,oltre 90 anni,Labels
Casi 28/3/2021,1028,1804,2174,2198,3070,3411,2191,1665,1066,274,18881,5.444626874,9.554578677,11.51422065,11.64133256,16.25973201,18.06578041,11.60425825,8.818388857,5.6458874,1.451194322,Casi
Casi ultimi 22 giorni,29414,48077,52818,56642,74500,78588,49726,35515,21035,4985,451300,6.517615777,10.65300244,11.70352316,12.55085309,16.50786616,17.41369377,11.01839131,7.869488145,4.660979393,1.104586749,Casi
Casi cumulativi,168354,317348,411098,429873,556427,610849,386055,285323,226944,80306,3472577,4.848099841,9.138688645,11.8384128,12.37907756,16.02346039,17.59065386,11.11724808,8.216462875,6.535319447,2.31257651,Casi
Decessi 28/3/2021,0,0,0,1,1,7,23,46,74,26,178,0,0,0,0.561797753,0.561797753,3.93258427,12.92134831,25.84269663,41.57303371,14.60674157,Decessi
Decessi ultimi 22 giorni,0,3,2,20,76,293,843,2074,3309,1474,8094,0,0.037064492,0.024709661,0.247096615,0.938967136,3.619965406,10.41512231,25.62391895,40.88213491,18.21102051,Decessi
Decessi cumulativi,6,14,53,204,893,3463,10089,25826,44025,21467,106040,0.005658242,0.013202565,0.049981139,0.192380234,0.842135043,3.265748774,9.514334214,24.35496039,41.51735194,20.24424745,Decessi
Vaccini 28/3/2021,0,100,1918,2327,3236,4730,5024,10162,23517,3159,54173,0,0.184593801,3.54050911,4.295497757,5.973455411,8.731286803,9.273992579,18.75842209,43.41092426,5.831318184,Vaccini
Vaccini ultimi 22 giorni,0,5032,164862,236049,335733,439809,329264,366306,1665449,358948,3901452,0,0.128977622,4.225657524,6.050285894,8.605334629,11.27295684,8.439524567,9.388965954,42.68792747,9.200369503,Vaccini
Vaccini cumulativi,0,10435,627407,907899,1222665,1580085,1000206,545438,2717671,703263,9315069,0,0.112022788,6.73539831,9.746562264,13.12566767,16.96267628,10.737505,5.855437034,29.17499591,7.549734736,Vaccini
