Categoria,0-9 anni,10-19 anni,20-29 anni,30-39 anni,40-49 anni,50-59 anni,60-69 anni,70-79 anni,80-89 anni,oltre 90 anni,Tutte le età,0-9 anni,10-19 anni,20-29 anni,30-39 anni,40-49 anni,50-59 anni,60-69 anni,70-79 anni,80-89 anni,oltre 90 anni,Labels
Casi 16/2/2022,8282,8177,5102,7950,9766,7805,4374,2847,2120,736,57159,14.48940674,14.30570864,8.925978411,13.90857083,17.0856733,13.65489249,7.652338214,4.980842912,3.708952221,1.287636243,Casi
Casi ultimi 28 giorni,14408,31061,32203,25331,25392,21842,12319,7660,4822,1353,176391,8.168217199,17.60917507,18.25660039,14.36071001,14.39529228,12.38271794,6.983916413,4.342625191,2.733699565,0.767045938,Casi
Casi cumulativi,1102846,1566075,1554590,1650943,1976782,1826406,1057513,688413,439357,140060,12002985,9.188097794,13.04737946,12.95169493,13.75443692,16.46908665,15.21626495,8.810416742,5.735348332,3.660397809,1.166876406,Casi
Decessi 16/2/2022,0,0,1,3,0,4,7,28,22,10,75,0,0,1.333333333,4,0,5.333333333,9.333333333,37.33333333,29.33333333,13.33333333,Decessi
Decessi ultimi 28 giorni,0,0,4,12,37,99,211,352,498,245,1458,0,0,0.274348422,0.823045267,2.537722908,6.790123457,14.47187929,24.14266118,34.1563786,16.80384088,Decessi
Decessi cumulativi,20,26,104,367,1426,5530,15497,37386,59731,29094,149181,0.013406533,0.017428493,0.069713972,0.246009881,0.955885803,3.706906375,10.3880521,25.06083214,40.03928114,19.50248356,Decessi
