Categoria,0-9 anni,10-19 anni,20-29 anni,30-39 anni,40-49 anni,50-59 anni,60-69 anni,70-79 anni,80-89 anni,oltre 90 anni,Tutte le età,0-9 anni,10-19 anni,20-29 anni,30-39 anni,40-49 anni,50-59 anni,60-69 anni,70-79 anni,80-89 anni,oltre 90 anni,Labels
Casi 17/8/2021,539,1028,1072,867,865,776,478,306,187,49,6167,8.740068104,16.66936922,17.38284417,14.05869953,14.02626885,12.58310362,7.750932382,4.961893952,3.032268526,0.794551646,Casi
Casi ultimi 24 giorni,9050,29601,30202,18263,17178,15153,7963,4606,2791,707,135514,6.678276783,21.84349956,22.28699618,13.47683634,12.67618106,11.18187051,5.876145638,3.398910814,2.059565801,0.521717313,Casi
Casi cumulativi,245624,452634,549005,556907,706805,759068,479493,346847,257961,88706,4443050,5.528274496,10.18746132,12.35648935,12.53434015,15.90810367,17.08439023,10.79197848,7.806506792,5.805944115,1.996511405,Casi
Decessi 17/8/2021,0,0,0,1,0,7,13,8,18,8,55,0,0,0,1.818181818,0,12.72727273,23.63636364,14.54545455,32.72727273,14.54545455,Decessi
Decessi ultimi 24 giorni,2,1,1,5,14,36,73,135,184,85,536,0.373134328,0.186567164,0.186567164,0.932835821,2.611940299,6.71641791,13.61940299,25.18656716,34.32835821,15.85820896,Decessi
Decessi cumulativi,14,17,70,263,1140,4565,13179,32210,51469,24709,127636,0.010968692,0.013319126,0.054843461,0.206054718,0.893164938,3.576577141,10.32545677,25.23582688,40.32482999,19.35895829,Decessi
Vaccini 17/8/2021,0,40678,42465,34850,30903,19657,14643,4760,1183,215,189354,0,21.48251423,22.42624925,18.40468118,16.32022561,10.38108516,7.733134763,2.513810112,0.624755748,0.113543944,Vaccini
Vaccini ultimi 24 giorni,0,1392574,2083595,1827708,1528114,1016721,854931,305889,45455,10351,9065338,0,15.3615232,22.9841954,20.16149867,16.85666878,11.21547812,9.430768053,3.374270215,0.501415391,0.114182174,Vaccini
Vaccini cumulativi,0,3301440,7137563,7847056,11314732,13978156,11946991,10366705,6781120,1553133,74226896,0,4.447767828,9.615871584,10.57171514,15.24343952,18.83165908,16.09523184,13.96623806,9.135664248,2.092412702,Vaccini
