Categoria,0-9 anni,10-19 anni,20-29 anni,30-39 anni,40-49 anni,50-59 anni,60-69 anni,70-79 anni,80-89 anni,oltre 90 anni,Tutte le età,0-9 anni,10-19 anni,20-29 anni,30-39 anni,40-49 anni,50-59 anni,60-69 anni,70-79 anni,80-89 anni,oltre 90 anni,Labels
Casi 5/4/2021,794,1248,1309,1316,1748,1832,1285,907,467,124,11030,7.198549411,11.31459655,11.86763373,11.93109701,15.84768812,16.60924751,11.65004533,8.223028105,4.233907525,1.124206709,Casi
Casi ultimi 23 giorni,29387,48689,54369,57741,75977,81212,51903,37221,21565,5442,463506,6.340155251,10.50450264,11.72994524,12.45744392,16.39180507,17.52124029,11.1979133,8.03031676,4.652582707,1.174094834,Casi
Casi cumulativi,178065,333613,429657,449064,581545,637989,403759,297891,234082,82202,3627867,4.908256008,9.19584428,11.84324012,12.37818255,16.02994266,17.58578801,11.12937712,8.211188558,6.452331356,2.265849327,Casi
Decessi 5/4/2021,0,0,-1,1,2,9,25,64,69,33,202,0,0,-0.495049505,0.495049505,0.99009901,4.455445545,12.37623762,31.68316832,34.15841584,16.33663366,Decessi
Decessi ultimi 23 giorni,0,0,2,18,84,318,975,2258,3307,1421,8383,0,0,0.023857807,0.214720267,1.002027914,3.793391387,11.63068114,26.93546463,39.44888465,16.95097221,Decessi
Decessi cumulativi,6,14,54,207,930,3576,10438,26616,45081,21911,108833,0.005513034,0.012863745,0.049617304,0.190199664,0.854520228,3.285768103,9.590841013,24.45581763,41.42217893,20.13268035,Decessi
Vaccini 5/4/2021,0,287,2852,3518,5687,7542,10113,38113,49225,7645,124982,0,0.229633067,2.281928598,2.814805332,4.550255237,6.034468964,8.091565185,30.49479125,39.38567154,6.116880831,Vaccini
Vaccini ultimi 23 giorni,0,7300,148304,202153,282988,383014,381837,759780,1956951,395193,4517520,0,0.161593086,3.282863164,4.474866741,6.264233473,8.478412935,8.452358816,16.8185199,43.31914413,8.748007756,Vaccini
Vaccini cumulativi,0,13947,679900,976935,1323495,1722323,1173258,982459,3493231,849514,11215062,0,0.124359544,6.062382892,8.710919298,11.80104934,15.35723119,10.46144908,8.760174487,31.14767444,7.574759729,Vaccini
