Categoria,0-9 anni,10-19 anni,20-29 anni,30-39 anni,40-49 anni,50-59 anni,60-69 anni,70-79 anni,80-89 anni,oltre 90 anni,Tutte le età,0-9 anni,10-19 anni,20-29 anni,30-39 anni,40-49 anni,50-59 anni,60-69 anni,70-79 anni,80-89 anni,oltre 90 anni,Labels
Casi 4/4/2021,881,1354,1605,1728,2262,2275,1512,1127,613,187,13544,6.50472534,9.997046663,11.8502658,12.75841701,16.70112227,16.79710573,11.16361488,8.321027761,4.525989368,1.380685174,Casi
Casi ultimi 22 giorni,28593,47441,53060,56425,74229,79380,50618,36314,21098,5318,452476,6.319230191,10.48475499,11.72658881,12.47027467,16.405069,17.54347192,11.18689168,8.025619038,4.662788745,1.175310956,Casi
Casi cumulativi,177271,332365,428348,447748,579797,636157,402474,296984,233615,82078,3616837,4.90127147,9.189382878,11.84316573,12.379546,16.03049847,17.5887661,11.12778928,8.211152452,6.459096719,2.26933091,Casi
Decessi 4/4/2021,0,0,0,0,3,4,26,41,76,37,187,0,0,0,0,1.604278075,2.139037433,13.90374332,21.92513369,40.64171123,19.78609626,Decessi
Decessi ultimi 22 giorni,0,0,3,17,82,309,950,2194,3238,1388,8181,0,0,0.036670334,0.207798558,1.002322454,3.777044371,11.61227234,26.81823738,39.57951351,16.96614106,Decessi
Decessi cumulativi,6,14,55,206,928,3567,10413,26552,45012,21878,108631,0.005523285,0.012887666,0.050630115,0.189632794,0.854268119,3.283593081,9.585661551,24.44237833,41.43568595,20.13973912,Decessi
Vaccini 4/4/2021,0,183,1479,2104,3782,4469,7161,29312,23070,2777,74337,0,0.246176198,1.989587958,2.83035366,5.087641417,6.011811077,9.633157109,39.43123882,31.0343436,3.735690168,Vaccini
Vaccini ultimi 22 giorni,0,6973,145069,198079,276444,374320,369842,711461,1901193,386414,4369795,0,0.159572703,3.319812485,4.532912871,6.326246426,8.566076898,8.463600695,16.28133585,43.50760162,8.842840454,Vaccini
Vaccini cumulativi,0,13620,676662,972854,1316930,1713611,1161252,934139,3437416,840732,11067216,0,0.12306618,6.114112167,8.790413054,11.89937921,15.48366816,10.49272012,8.440596081,31.05944621,7.596598819,Vaccini
