Categoria,0-9 anni,10-19 anni,20-29 anni,30-39 anni,40-49 anni,50-59 anni,60-69 anni,70-79 anni,80-89 anni,oltre 90 anni,Tutte le età,0-9 anni,10-19 anni,20-29 anni,30-39 anni,40-49 anni,50-59 anni,60-69 anni,70-79 anni,80-89 anni,oltre 90 anni,Labels
Casi 8/4-15/4/2022,40623,48582,39539,57549,70687,67494,48263,35910,21565,5467,435679,9.324066572,11.15087025,9.075259537,13.20903693,16.22455983,15.4916808,11.07765121,8.242306836,4.949745111,1.254822932,Casi
Casi ultimi 48 giorni,304784,391655,299723,394131,475646,421105,277665,193178,113348,29729,2900964,10.50630066,13.50085696,10.33184142,13.5862079,16.39613591,14.51603674,9.571473483,6.659096769,3.907252899,1.024797274,Casi
Casi cumulativi,1486745,2042557,1909494,2122725,2542215,2316373,1375835,907523,568874,175016,15447357,9.624591443,13.22269564,12.36129909,13.74167115,16.45728133,14.99527071,8.906604541,5.874940289,3.682662348,1.132983461,Casi
Decessi 8/4-15/4/2022,0,0,2,5,6,27,65,188,406,220,919,0,0,0.217627856,0.544069641,0.652883569,2.937976061,7.072905332,20.4570185,44.17845484,23.9390642,Decessi
Decessi ultimi 48 giorni,3,2,14,31,67,239,631,1603,3199,1812,7601,0.039468491,0.026312327,0.184186291,0.407841074,0.881462965,3.144323115,8.301539271,21.08933035,42.08656756,23.83896856,Decessi
Decessi cumulativi,24,29,120,406,1517,5849,16329,39452,63769,31423,158918,0.015102128,0.018248405,0.075510641,0.255477668,0.95458035,3.680514479,10.27511043,24.82538164,40.12698373,19.77309052,Decessi
