Categoria,0-9 anni,10-19 anni,20-29 anni,30-39 anni,40-49 anni,50-59 anni,60-69 anni,70-79 anni,80-89 anni,oltre 90 anni,Tutte le età,0-9 anni,10-19 anni,20-29 anni,30-39 anni,40-49 anni,50-59 anni,60-69 anni,70-79 anni,80-89 anni,oltre 90 anni,Labels
Casi 18/8/2021,761,1966,1920,1263,1362,1240,666,412,244,53,9887,7.696975827,19.88469708,19.41943967,12.77435016,13.77566501,12.54172145,6.736118135,4.167088095,2.467887125,0.536057449,Casi
Casi ultimi 25 giorni,9811,31567,32122,19526,18540,16393,8629,5018,3035,760,145401,6.747546441,21.71030461,22.09200762,13.42906858,12.75094394,11.27433787,5.934622183,3.451145453,2.087330899,0.522692416,Casi
Casi cumulativi,246385,454600,550925,558170,708167,760308,480159,347259,258205,88759,4452937,5.533089734,10.2089924,12.37217145,12.53487305,15.90336895,17.07430399,10.78297313,7.798426073,5.798532519,1.993268712,Casi
Decessi 18/8/2021,0,0,0,0,0,4,5,24,23,13,69,0,0,0,0,0,5.797101449,7.246376812,34.7826087,33.33333333,18.84057971,Decessi
Decessi ultimi 25 giorni,2,1,1,5,14,40,78,159,207,98,605,0.330578512,0.165289256,0.165289256,0.826446281,2.314049587,6.611570248,12.89256198,26.28099174,34.21487603,16.19834711,Decessi
Decessi cumulativi,14,17,70,263,1140,4569,13184,32234,51492,24722,127705,0.010962766,0.01331193,0.054813829,0.205943385,0.892682354,3.577776908,10.32379312,25.24098508,40.32105243,19.3586782,Decessi
Vaccini 18/8/2021,0,41818,41291,33606,32229,20765,13985,5615,1416,303,191028,0,21.89103168,21.61515589,17.59218544,16.8713487,10.87013422,7.320916305,2.939359675,0.741252591,0.158615491,Vaccini
Vaccini ultimi 25 giorni,0,1448281,2139484,1875498,1572250,1044089,873743,313035,47339,10776,9324495,0,15.53200468,22.94477074,20.11366835,16.86150296,11.19727127,9.370405582,3.357125507,0.50768433,0.11556658,Vaccini
Vaccini cumulativi,0,3357317,7194505,7896167,11360114,14006167,11966347,10374242,6783366,1553642,74491867,0,4.506957786,9.658108046,10.60003906,15.25013999,18.80227676,16.06396441,13.92667739,9.106183364,2.085653189,Vaccini
