Categoria,0-9 anni,10-19 anni,20-29 anni,30-39 anni,40-49 anni,50-59 anni,60-69 anni,70-79 anni,80-89 anni,oltre 90 anni,Tutte le età,0-9 anni,10-19 anni,20-29 anni,30-39 anni,40-49 anni,50-59 anni,60-69 anni,70-79 anni,80-89 anni,oltre 90 anni,Labels
Casi 18/9/2021,536,534,438,654,649,542,376,251,191,51,4222,12.69540502,12.64803411,10.37423022,15.49028896,15.37186168,12.83751776,8.905731881,5.945049739,4.523922312,1.207958314,Casi
Casi ultimi 28 giorni,14408,31061,32203,25331,25392,21842,12319,7660,4822,1353,176391,8.168217199,17.60917507,18.25660039,14.36071001,14.39529228,12.38271794,6.983916413,4.342625191,2.733699565,0.767045938,Casi
Casi cumulativi,262934,481425,577730,584514,735193,783022,493658,355885,263986,90486,4628833,5.68035183,10.40056965,12.48111565,12.62767527,15.8829018,16.916186,10.66484792,7.688438965,5.70307894,1.954833972,Casi
Decessi 18/9/2021,0,-5,-44,0,2,3,7,10,15,11,-1,0,500,4400,0,-200,-300,-700,-1000,-1500,-1100,Decessi
Decessi ultimi 28 giorni,0,0,4,12,37,99,211,352,498,245,1458,0,0,0.274348422,0.823045267,2.537722908,6.790123457,14.47187929,24.14266118,34.1563786,16.80384088,Decessi
Decessi cumulativi,0,5,29,278,1187,4715,13480,32720,52163,25065,129642,0,0.003856775,0.022369294,0.214436679,0.91559834,3.636938646,10.39786489,25.23873436,40.23618889,19.33401213,Decessi
Vaccini 18/9/2021,0,47392,33662,38218,36901,27879,10061,3964,1479,241,199797,0,23.72007588,16.84810082,19.12841534,18.46924628,13.95366297,5.035611145,1.984013774,0.740251355,0.120622432,Vaccini
Vaccini ultimi 28 giorni,0,1747092,1461743,1293180,1116287,766019,346347,161803,53166,10621,6956258,0,25.11539969,21.01335229,18.5901673,16.04723402,11.01194062,4.978926889,2.32600631,0.764290226,0.152682664,Vaccini
Vaccini cumulativi,0,5257016,8825074,9346968,12619058,14869967,12377784,10564856,6849912,1567995,82278630,0,6.3892848,10.72583975,11.36014054,15.33698118,18.0726964,15.04374101,12.8403402,8.325262586,1.905713549,Vaccini
