Categoria,0-9 anni,10-19 anni,20-29 anni,30-39 anni,40-49 anni,50-59 anni,60-69 anni,70-79 anni,80-89 anni,oltre 90 anni,Tutte le età,0-9 anni,10-19 anni,20-29 anni,30-39 anni,40-49 anni,50-59 anni,60-69 anni,70-79 anni,80-89 anni,oltre 90 anni,Labels
Casi 25/1/2022,20342,18669,12450,18330,21875,17139,8832,4814,3014,965,126430,16.08953571,14.76627383,9.847346358,14.49814126,17.30206438,13.55611801,6.985683778,3.807640592,2.383927865,0.763268212,Casi
Casi ultimi 28 giorni,14408,31061,32203,25331,25392,21842,12319,7660,4822,1353,176391,8.168217199,17.60917507,18.25660039,14.36071001,14.39529228,12.38271794,6.983916413,4.342625191,2.733699565,0.767045938,Casi
Casi cumulativi,744488,1194733,1312407,1307394,1565856,1505799,881670,581811,373908,119211,9587277,7.765374882,12.461651,13.68904852,13.63676047,16.33264586,15.7062219,9.196250406,6.068574007,3.900043777,1.243429182,Casi
Decessi 25/1/2022,1,0,0,2,2,11,32,98,132,84,362,0.276243094,0,0,0.552486188,0.552486188,3.038674033,8.839779006,27.0718232,36.4640884,23.20441989,Decessi
Decessi ultimi 28 giorni,0,0,4,12,37,99,211,352,498,245,1458,0,0,0.274348422,0.823045267,2.537722908,6.790123457,14.47187929,24.14266118,34.1563786,16.80384088,Decessi
Decessi cumulativi,16,24,86,339,1355,5283,14879,35834,56979,27591,142386,0.01123706,0.01685559,0.060399197,0.238085205,0.951638504,3.71033669,10.44976332,25.16680011,40.01727698,19.37760735,Decessi
