Categoria,0-9 anni,10-19 anni,20-29 anni,30-39 anni,40-49 anni,50-59 anni,60-69 anni,70-79 anni,80-89 anni,oltre 90 anni,Tutte le età,0-9 anni,10-19 anni,20-29 anni,30-39 anni,40-49 anni,50-59 anni,60-69 anni,70-79 anni,80-89 anni,oltre 90 anni,Labels
Casi 26/4/2021,1743,2142,2028,2195,2696,2490,1724,1158,506,167,16849,10.34482759,12.71292065,12.03632263,13.02747938,16.00094961,14.77832512,10.23206125,6.872811443,3.003145587,0.991156745,Casi
Casi ultimi 23 giorni,25986,37489,39458,42130,52953,55865,37512,26539,13516,3498,334946,7.758265511,11.19255044,11.78040639,12.57814693,15.80941405,16.67880793,11.19941722,7.923366752,4.035277328,1.044347447,Casi
Casi cumulativi,202376,368500,466201,488150,630488,689747,438474,322396,246518,85389,3938239,5.138743484,9.356974018,11.83780365,12.39513397,16.00938897,17.51409704,11.13375801,8.186298495,6.259599786,2.16820259,Casi
Decessi 26/4/2021,0,0,0,0,1,14,51,109,89,46,310,0,0,0,0,0.322580645,4.516129032,16.4516129,35.16129032,28.70967742,14.83870968,Decessi
Decessi ultimi 23 giorni,0,-1,4,6,85,417,1221,2728,3427,1456,9343,0,-0.0107032,0.042812801,0.064219202,0.909772022,4.463234507,13.06860751,29.1983303,36.67986728,15.58385957,Decessi
Decessi cumulativi,6,13,59,212,1010,3980,11608,29239,48363,23297,117787,0.005093941,0.011036872,0.050090417,0.179985907,0.857480028,3.378980702,9.855077385,24.8236223,41.05970948,19.77892297,Decessi
Vaccini 26/4/2021,0,657,4271,5416,9255,16369,61324,92269,38722,6132,234415,0,0.280272167,1.821982382,2.310432353,3.948126186,6.982914916,26.16044195,39.36138899,16.5185675,2.615873558,Vaccini
Vaccini ultimi 23 giorni,0,16998,128691,169144,279118,459737,1157345,2579293,1772262,317779,6880367,0,0.247050775,1.870408948,2.458357236,4.056731276,6.681867406,16.82097772,37.48772413,25.75824807,4.618634442,Vaccini
Vaccini cumulativi,0,30785,808715,1146584,1602104,2185466,2324245,3508090,5234109,1169949,18010047,0,0.170932369,4.490354745,6.366357622,8.895612543,12.13470459,12.90526893,19.47851663,29.0621618,6.496090765,Vaccini
