Categoria,0-9 anni,10-19 anni,20-29 anni,30-39 anni,40-49 anni,50-59 anni,60-69 anni,70-79 anni,80-89 anni,oltre 90 anni,Tutte le età,0-9 anni,10-19 anni,20-29 anni,30-39 anni,40-49 anni,50-59 anni,60-69 anni,70-79 anni,80-89 anni,oltre 90 anni,Labels
Casi 5/6/2021,254,349,349,343,429,374,222,94,48,16,2478,10.25020178,14.08393866,14.08393866,13.84180791,17.31234867,15.09281679,8.958837772,3.793381759,1.937046005,0.645682002,Casi
Casi ultimi 28 giorni,14208,19914,17141,18929,23695,21511,13005,7515,3216,1058,140192,10.13467245,14.20480484,12.22680324,13.50219699,16.90182036,15.34395686,9.27656357,5.360505592,2.293996804,0.754679297,Casi
Casi cumulativi,230528,405137,497890,524838,675771,731220,464937,338528,253339,87503,4209691,5.476126395,9.623913014,11.82723388,12.46737587,16.05274591,17.36992098,11.04444483,8.04163536,6.017995145,2.07860862,Casi
Decessi 5/6/2021,0,0,0,0,0,6,11,15,15,5,52,0,0,0,0,0,11.53846154,21.15384615,28.84615385,28.84615385,9.615384615,Decessi
Decessi ultimi 28 giorni,1,2,7,15,48,214,616,1228,1129,497,3757,0.026616982,0.053233963,0.186318871,0.399254725,1.277615118,5.69603407,16.39606069,32.68565345,30.05057227,13.22863987,Decessi
Decessi cumulativi,7,17,67,242,1089,4346,12717,31400,50492,24244,124621,0.005617031,0.013641361,0.053763009,0.19418878,0.873849512,3.487373717,10.20454017,25.19639547,40.51644586,19.45418509,Decessi
Vaccini 5/6/2021,0,14396,37091,47837,98899,142612,50239,27384,4816,1314,424588,0,3.390580987,8.735762669,11.26668676,23.29293338,33.58832562,11.83241166,6.449546384,1.134276051,0.309476481,Vaccini
Vaccini ultimi 28 giorni,0,194494,631154,803028,1972244,4059113,3474749,1987289,439203,136061,13697335,0,1.419940448,4.60785985,5.862658685,14.39874253,29.63432668,25.36806612,14.50858141,3.206485057,0.993339215,Vaccini
Vaccini cumulativi,0,248689,1592017,2141307,3903048,6965010,7595702,7162905,6436052,1458831,37503561,0,0.663107698,4.244975564,5.709609815,10.40713974,18.57159644,20.25328208,19.09926633,17.16117571,3.88984662,Vaccini
