Categoria,0-9 anni,10-19 anni,20-29 anni,30-39 anni,40-49 anni,50-59 anni,60-69 anni,70-79 anni,80-89 anni,oltre 90 anni,Tutte le età,0-9 anni,10-19 anni,20-29 anni,30-39 anni,40-49 anni,50-59 anni,60-69 anni,70-79 anni,80-89 anni,oltre 90 anni,Labels
Casi 7/7/2021,63,216,300,181,138,144,81,34,12,3,1172,5.375426621,18.43003413,25.59726962,15.44368601,11.77474403,12.28668942,6.911262799,2.901023891,1.023890785,0.255972696,Casi
Casi ultimi 28 giorni,2883,5039,5952,5109,5725,4891,2461,1503,785,244,34592,8.334296947,14.5669519,17.20629047,14.76931082,16.55006938,14.13910731,7.114361702,4.344935245,2.269310823,0.705365402,Casi
Casi cumulativi,233668,410927,504799,530475,681976,736524,467639,340149,254190,87761,4248108,5.50051929,9.673176859,11.88291352,12.48732377,16.05364082,17.3376948,11.00817117,8.007070442,5.983604937,2.065884389,Casi
Decessi 7/7/2021,0,0,0,0,1,3,7,8,16,3,38,0,0,0,0,2.631578947,7.894736842,18.42105263,21.05263158,42.10526316,7.894736842,Decessi
Decessi ultimi 28 giorni,3,-1,3,14,39,174,420,679,715,336,2382,0.125944584,-0.041981528,0.125944584,0.587741394,1.637279597,7.304785894,17.63224181,28.5054576,30.01679261,14.10579345,Decessi
Decessi cumulativi,12,16,69,258,1120,4504,13078,31990,51162,24548,126757,0.009466933,0.012622577,0.054434864,0.203539055,0.883580394,3.553255442,10.31737892,25.237265,40.36226796,19.36618885,Decessi
Vaccini 7/7/2021,0,34498,59682,50517,90357,119982,70881,81798,3879,945,512539,0,6.730804875,11.64438218,9.856225575,17.6292926,23.40934056,13.82938664,15.9593709,0.756820457,0.184376213,Vaccini
Vaccini ultimi 28 giorni,0,901584,1929958,2133422,3035668,3354994,1905532,1776091,183210,47291,15267750,0,5.905153019,12.64074929,13.97338835,19.88287731,21.97438391,12.48076501,11.63295836,1.199980351,0.309744396,Vaccini
Vaccini cumulativi,0,1254163,3783338,4632456,7581663,11115953,9784566,9124026,6657672,1522403,55456240,0,2.261536303,6.822204318,8.353353924,13.67143355,20.04454864,17.6437602,16.45265889,12.00527118,2.745232998,Vaccini
