Categoria,0-9 anni,10-19 anni,20-29 anni,30-39 anni,40-49 anni,50-59 anni,60-69 anni,70-79 anni,80-89 anni,oltre 90 anni,Tutte le età,0-9 anni,10-19 anni,20-29 anni,30-39 anni,40-49 anni,50-59 anni,60-69 anni,70-79 anni,80-89 anni,oltre 90 anni,Labels
Casi 27/6/2021,57,123,136,116,99,83,62,35,22,6,739,7.713125846,16.64411367,18.40324763,15.69688769,13.39648173,11.23139378,8.389715832,4.736129905,2.97699594,0.811907984,Casi
Casi ultimi 22 giorni,2579,4327,5037,4479,5061,4353,2202,1337,686,218,30279,8.517454341,14.29043231,16.63529179,14.7924304,16.71455464,14.37630041,7.272366987,4.415601572,2.265596618,0.719970937,Casi
Casi cumulativi,233107,409464,502927,529317,680832,735573,467139,339865,254025,87721,4239970,5.497845504,9.657238141,11.86156978,12.48397984,16.0574721,17.34854256,11.0175072,8.015740677,5.991198051,2.068906148,Casi
Decessi 27/6/2021,0,0,0,0,0,1,0,2,1,2,6,0,0,0,0,0,16.66666667,0,33.33333333,16.66666667,33.33333333,Decessi
Decessi ultimi 28 giorni,3,-1,3,14,39,174,420,679,715,336,2382,0.125944584,-0.041981528,0.125944584,0.587741394,1.637279597,7.304785894,17.63224181,28.5054576,30.01679261,14.10579345,Decessi
Decessi cumulativi,13,17,68,253,1121,4483,13041,31933,51071,24511,126511,0.010275786,0.013437567,0.053750267,0.19998261,0.886088957,3.543565382,10.30819454,25.24128337,40.36882168,19.37459984,Decessi
Vaccini 27/6/2021,0,15111,39918,49743,50726,71116,37451,34727,2704,467,301963,0,5.004255488,13.2195004,16.47321029,16.79874687,23.55122979,12.40251289,11.50041561,0.895473949,0.154654709,Vaccini
Vaccini ultimi 22 giorni,0,427591,1363021,1787030,2698887,2821229,1495987,1100845,155338,41437,11891365,0,3.59581091,11.46227536,15.02796357,22.69619173,23.72502232,12.58044808,9.257515853,1.306309242,0.348462939,Vaccini
Vaccini cumulativi,0,686210,2999007,3989573,6697556,9884744,9134713,8286589,6599540,1506456,49784388,0,1.378363836,6.023990894,8.013703011,13.4531251,19.85510799,18.34854935,16.64495504,13.25624411,3.025960669,Vaccini
