Categoria,0-9 anni,10-19 anni,20-29 anni,30-39 anni,40-49 anni,50-59 anni,60-69 anni,70-79 anni,80-89 anni,oltre 90 anni,Tutte le età,0-9 anni,10-19 anni,20-29 anni,30-39 anni,40-49 anni,50-59 anni,60-69 anni,70-79 anni,80-89 anni,oltre 90 anni,Labels
Casi 20/1/2022,19549,22296,17630,21690,24894,20223,10782,6207,3469,980,147720,13.23382074,15.09341998,11.9347414,14.6831844,16.85215272,13.69008936,7.298943948,4.2018684,2.348361766,0.663417276,Casi
Casi ultimi 28 giorni,14408,31061,32203,25331,25392,21842,12319,7660,4822,1353,176391,8.168217199,17.60917507,18.25660039,14.36071001,14.39529228,12.38271794,6.983916413,4.342625191,2.733699565,0.767045938,Casi
Casi cumulativi,646688,1093430,1241066,1211746,1453712,1418908,836312,555994,359079,114727,8931662,7.240399379,12.24217844,13.89512948,13.56685911,16.27594058,15.88627066,9.363453297,6.224978061,4.0202932,1.284497779,Casi
Decessi 20/1/2022,0,0,1,2,2,12,41,71,105,77,311,0,0,0.321543408,0.643086817,0.643086817,3.8585209,13.18327974,22.82958199,33.76205788,24.75884244,Decessi
Decessi ultimi 28 giorni,0,0,4,12,37,99,211,352,498,245,1458,0,0,0.274348422,0.823045267,2.537722908,6.790123457,14.47187929,24.14266118,34.1563786,16.80384088,Decessi
Decessi cumulativi,15,23,86,332,1337,5241,14749,35490,56379,27260,140912,0.010644942,0.016322244,0.061030998,0.235608039,0.948819121,3.719342568,10.46681617,25.18593165,40.01007721,19.34540706,Decessi
