Categoria,0-9 anni,10-19 anni,20-29 anni,30-39 anni,40-49 anni,50-59 anni,60-69 anni,70-79 anni,80-89 anni,oltre 90 anni,Tutte le età,0-9 anni,10-19 anni,20-29 anni,30-39 anni,40-49 anni,50-59 anni,60-69 anni,70-79 anni,80-89 anni,oltre 90 anni,Labels
Casi 25/7/2021,160,752,707,400,349,325,147,85,62,20,3007,5.320917858,25.00831393,23.51180579,13.30229465,11.60625208,10.8081144,4.888593282,2.826737612,2.06185567,0.665114732,Casi
Casi ultimi 22 giorni,3323,13609,15668,9097,8480,8129,4279,2295,1108,272,66260,5.015092062,20.5387866,23.64624208,13.72924842,12.79806822,12.26833685,6.457893148,3.463628132,1.672200423,0.410504075,Casi
Casi cumulativi,236734,423785,519510,539044,689976,744240,471677,342326,255232,88019,4310543,5.491976301,9.831359993,12.05207789,12.50524586,16.00670728,17.2655742,10.94240331,7.941598077,5.921110171,2.041946919,Casi
Decessi 25/7/2021,1,0,0,0,0,1,0,0,1,1,4,25,0,0,0,0,25,0,0,25,25,Decessi
Decessi ultimi 22 giorni,0,-1,1,2,5,34,42,97,158,89,427,0,-0.234192037,0.234192037,0.468384075,1.170960187,7.962529274,9.836065574,22.71662763,37.00234192,20.84309133,Decessi
Decessi cumulativi,13,16,69,258,1126,4530,13106,32075,51286,24625,127104,0.010227845,0.012588117,0.054286254,0.202983384,0.885888721,3.564010574,10.31124119,25.23524043,40.34963494,19.37389854,Decessi
Vaccini 25/7/2021,0,21421,42203,49796,60178,36102,39732,18718,1152,163,269465,0,7.949455402,15.66177426,18.47957991,22.33239938,13.39765832,14.74477205,6.94635667,0.427513777,0.060490231,Vaccini
Vaccini ultimi 22 giorni,0,812636,1521186,1597855,2572060,2304404,1568030,1211852,74629,17475,11680127,0,6.95742435,13.02371113,13.68011666,22.02082221,19.72927178,13.42476841,10.37533239,0.63893997,0.149613099,Vaccini
Vaccini cumulativi,0,1919511,5067401,6040162,9815295,12966990,11107277,10053897,6721502,1538220,65230255,0,2.942669778,7.768482585,9.259755308,15.04715105,19.87879704,17.02779945,15.4129353,10.30427062,2.358138873,Vaccini
