Categoria,0-9 anni,10-19 anni,20-29 anni,30-39 anni,40-49 anni,50-59 anni,60-69 anni,70-79 anni,80-89 anni,oltre 90 anni,Tutte le età,0-9 anni,10-19 anni,20-29 anni,30-39 anni,40-49 anni,50-59 anni,60-69 anni,70-79 anni,80-89 anni,oltre 90 anni,Labels
Casi 14/7/2021,94,556,529,269,225,220,107,61,37,5,2103,4.46980504,26.4384213,25.15454113,12.79125059,10.69900143,10.46124584,5.087969567,2.900618165,1.759391346,0.237755587,Casi
Casi ultimi 25 giorni,1592,4694,5590,3515,3381,2841,1446,882,479,118,24538,6.487896324,19.12951341,22.78099275,14.32472084,13.77862907,11.57796071,5.892900807,3.594424974,1.952074334,0.480886788,Casi
Casi cumulativi,234188,413151,507209,531800,683101,737473,468103,340417,254321,87788,4257551,5.500533053,9.703958919,11.91316322,12.49074879,16.04445842,17.32153062,10.99465397,7.995605925,5.973410536,2.061936545,Casi
Decessi 14/7/2021,0,0,0,-1,2,15,14,37,40,14,121,0,0,0,-0.826446281,1.652892562,12.39669421,11.57024793,30.5785124,33.05785124,11.57024793,Decessi
Decessi ultimi 25 giorni,0,1,2,4,6,65,103,197,260,117,755,0,0.132450331,0.264900662,0.529801325,0.794701987,8.609271523,13.64238411,26.09271523,34.43708609,15.49668874,Decessi
Decessi cumulativi,12,16,69,259,1125,4535,13112,32062,51251,24586,127027,0.009446811,0.012595747,0.05431916,0.20389366,0.885638486,3.570107143,10.32221496,25.24030324,40.3465405,19.35494029,Decessi
Vaccini 14/7/2021,0,33299,62494,75418,125101,116079,79401,55247,3524,828,551391,0,6.039090228,11.33388104,13.67777131,22.6882557,21.05203023,14.40012623,10.01956869,0.639110903,0.150165672,Vaccini
Vaccini ultimi 25 giorni,0,854192,1723143,1739437,2498036,3107404,1700590,1731949,134096,33060,13521907,0,6.317097137,12.74334308,12.86384384,18.47399187,22.98051599,12.57655448,12.80846703,0.991694441,0.244492142,Vaccini
Vaccini cumulativi,0,1477877,4211424,5086442,8431521,12069273,10305203,9570415,6686665,1529540,59368360,0,2.489334386,7.093717933,8.567597286,14.20204466,20.32947011,17.35807255,16.12039645,11.26301114,2.576355486,Vaccini
