Categoria,0-9 anni,10-19 anni,20-29 anni,30-39 anni,40-49 anni,50-59 anni,60-69 anni,70-79 anni,80-89 anni,oltre 90 anni,Tutte le età,0-9 anni,10-19 anni,20-29 anni,30-39 anni,40-49 anni,50-59 anni,60-69 anni,70-79 anni,80-89 anni,oltre 90 anni,Labels
Casi 1/4/2021,677,1004,1149,1306,1703,1918,1156,758,561,120,10352,6.539799073,9.698608964,11.09930448,12.61591963,16.45092736,18.52782071,11.16692427,7.322256569,5.419242658,1.159196291,Casi
Casi ultimi 26 giorni,34539,56673,62669,66878,87847,93265,59200,42111,24986,5998,534166,6.465967508,10.60962323,11.73212073,12.52007803,16.44563675,17.45992819,11.08269714,7.883504379,4.67757214,1.122871916,Casi
Casi cumulativi,173479,325944,420949,440109,569774,625526,395529,291919,230895,81319,3555443,4.879251334,9.167465208,11.83956542,12.37845748,16.02540105,17.59347569,11.12460529,8.210481788,6.494127455,2.287169278,Casi
Decessi 1/4/2021,0,0,0,0,5,7,31,88,102,48,281,0,0,0,0,1.779359431,2.491103203,11.03202847,31.31672598,36.29893238,17.08185053,Decessi
Decessi ultimi 26 giorni,0,3,3,22,98,371,1076,2572,3981,1772,9898,0,0.030309153,0.030309153,0.222267125,0.99009901,3.748231966,10.87088301,25.98504748,40.22024651,17.90260659,Decessi
Decessi cumulativi,6,14,54,206,915,3541,10322,26324,44697,21765,107844,0.005563592,0.012981714,0.050072327,0.191016654,0.848447758,3.28344646,9.571232521,24.409332,41.44597752,20.18192945,Decessi
Vaccini 1/4/2021,0,164,1953,2843,4146,6013,7817,15271,42992,7999,89198,0,0.183860625,2.189510976,3.187291195,4.64808628,6.741182538,8.763649409,17.12033902,48.1983901,8.967689859,Vaccini
Vaccini ultimi 26 giorni,0,6720,194795,276253,392926,520118,419618,573333,2079671,442145,4905579,0,0.136986888,3.970887025,5.63140457,8.009778255,10.60258127,8.553893434,11.68736657,42.39399671,9.013105283,Vaccini
Vaccini cumulativi,0,12127,657663,948529,1280497,1661270,1091022,752755,3133206,787058,10324127,0,0.117462716,6.370156043,9.187498372,12.40295669,16.09114262,10.56769255,7.291221815,30.34838684,7.623482354,Vaccini
