Categoria,0-9 anni,10-19 anni,20-29 anni,30-39 anni,40-49 anni,50-59 anni,60-69 anni,70-79 anni,80-89 anni,oltre 90 anni,Tutte le età,0-9 anni,10-19 anni,20-29 anni,30-39 anni,40-49 anni,50-59 anni,60-69 anni,70-79 anni,80-89 anni,oltre 90 anni,Labels
Casi 22/2/2021,1035,1795,1692,1844,2451,2361,1585,1113,787,221,14884,6.953775867,12.05993013,11.36791185,12.3891427,16.46734749,15.86267132,10.64901908,7.477828541,5.287557108,1.48481591,Casi
Casi ultimi 24 giorni,21907,33183,32523,36821,47696,48399,31576,22465,15551,4390,294511,7.438431841,11.26715131,11.04305102,12.50241926,16.19498083,16.43368159,10.72150106,7.627898449,5.280278156,1.490606463,Casi
Casi cumulativi,123803,244089,332079,345175,445681,495431,312967,233415,195944,72965,2801549,4.41909101,8.712644326,11.85340681,12.32086249,15.90837783,17.68418114,11.17121278,8.331640817,6.994130747,2.604452037,Casi
Decessi 22/2/2021,0,0,0,1,6,11,36,97,122,54,327,0,0,0,0.305810398,1.834862385,3.363914373,11.00917431,29.66360856,37.3088685,16.51376147,Decessi
Decessi ultimi 24 giorni,1,2,4,11,70,248,774,1881,3411,1803,8205,0.01218769,0.024375381,0.048750762,0.134064595,0.85313833,3.022547227,9.433272395,22.9250457,41.57221207,21.97440585,Decessi
Decessi cumulativi,6,11,49,182,783,3047,8903,22832,39208,19305,94326,0.006360919,0.011661684,0.051947501,0.192947862,0.830099866,3.230286453,9.438542926,24.20541526,41.5664822,20.46625533,Decessi
Vaccini 22/2/2021,0,52,4141,5944,9594,9723,3417,1468,31076,5708,71123,0,0.073112776,5.822307833,8.357352755,13.48930726,13.67068318,4.804353022,2.06402992,43.69332002,8.025533231,Vaccini
Vaccini ultimi 24 giorni,0,2249,177143,227241,289612,346281,204907,72594,309476,106128,1735631,0,0.129578234,10.20625928,13.09270231,16.68626569,19.95130301,11.80590805,4.182571065,17.83074859,6.114663774,Vaccini
Vaccini cumulativi,0,3791,359788,518894,653350,836796,506961,133744,396378,175440,3585142,0,0.105741976,10.03552997,14.4734574,18.22382489,23.34066545,14.14061145,3.730507746,11.05613111,4.893530019,Vaccini
