Categoria,0-9 anni,10-19 anni,20-29 anni,30-39 anni,40-49 anni,50-59 anni,60-69 anni,70-79 anni,80-89 anni,oltre 90 anni,Tutte le età,0-9 anni,10-19 anni,20-29 anni,30-39 anni,40-49 anni,50-59 anni,60-69 anni,70-79 anni,80-89 anni,oltre 90 anni,Labels
Casi 6/7/2021,48,151,190,80,80,70,38,14,5,-1,675,7.111111111,22.37037037,28.14814815,11.85185185,11.85185185,10.37037037,5.62962963,2.074074074,0.740740741,-0.148148148,Casi
Casi ultimi 28 giorni,2883,5039,5952,5109,5725,4891,2461,1503,785,244,34592,8.334296947,14.5669519,17.20629047,14.76931082,16.55006938,14.13910731,7.114361702,4.344935245,2.269310823,0.705365402,Casi
Casi cumulativi,233605,410711,504499,530294,681838,736380,467558,340115,254178,87758,4246936,5.500553811,9.670760285,11.87912886,12.48650792,16.05482164,17.3390887,11.00930176,8.008479525,5.984973637,2.066383859,Casi
Decessi 6/7/2021,0,0,0,0,2,4,3,-3,4,1,11,0,0,0,0,18.18181818,36.36363636,27.27272727,-27.27272727,36.36363636,9.090909091,Decessi
Decessi ultimi 28 giorni,3,-1,3,14,39,174,420,679,715,336,2382,0.125944584,-0.041981528,0.125944584,0.587741394,1.637279597,7.304785894,17.63224181,28.5054576,30.01679261,14.10579345,Decessi
Decessi cumulativi,12,16,69,258,1119,4501,13071,31982,51146,24545,126719,0.009469772,0.012626362,0.054451187,0.203600092,0.883056211,3.551953535,10.31494882,25.23851987,40.36174528,19.36962886,Decessi
Vaccini 6/7/2021,0,44910,69203,51564,90492,122980,61774,72568,4297,1026,518814,0,8.656281442,13.33869171,9.938822006,17.44208907,23.7040635,11.90677198,13.98728639,0.828235167,0.197758734,Vaccini
Vaccini ultimi 28 giorni,0,892314,1923981,2166668,3086632,3396364,1894973,1736642,186989,48783,15333346,0,5.819434323,12.54769181,14.13043181,20.13019207,22.1501817,12.35850936,11.32591673,1.219492471,0.318149737,Vaccini
Vaccini cumulativi,0,1219116,3722211,4580501,7489321,10992792,9711546,9037916,6653184,1521209,54927796,0,2.21948829,6.776552622,8.339131248,13.6348471,20.01316783,17.68056741,16.45417559,12.1125996,2.769470306,Vaccini
