Categoria,0-9 anni,10-19 anni,20-29 anni,30-39 anni,40-49 anni,50-59 anni,60-69 anni,70-79 anni,80-89 anni,oltre 90 anni,Tutte le età,0-9 anni,10-19 anni,20-29 anni,30-39 anni,40-49 anni,50-59 anni,60-69 anni,70-79 anni,80-89 anni,oltre 90 anni,Labels
Casi 11/5/2021,1320,1653,1356,1624,2000,1698,1264,728,290,97,12030,10.97256858,13.74064838,11.27182045,13.49958437,16.62510391,14.11471322,10.50706567,6.051537822,2.410640067,0.806317539,Casi
Casi ultimi 24 giorni,28402,35241,32307,37503,45703,44028,29565,19355,8679,2394,283177,10.02976937,12.44486664,11.40876554,13.24366033,16.13937573,15.54787289,10.44046656,6.834947754,3.064867556,0.845407643,Casi
Casi cumulativi,219365,388921,483877,509657,656602,713758,454656,332694,250819,86662,4097011,5.354269247,9.49279853,11.81048818,12.4397274,16.02636654,17.42143236,11.09726091,8.12040778,6.121999672,2.115249385,Casi
Decessi 11/5/2021,0,0,0,0,3,18,39,99,83,38,280,0,0,0,0,1.071428571,6.428571429,13.92857143,35.35714286,29.64285714,13.57142857,Decessi
Decessi ultimi 24 giorni,1,4,6,19,76,358,1056,2218,2409,1046,7193,0.013902405,0.05560962,0.083414431,0.264145697,1.056582789,4.977061032,14.6809398,30.83553455,33.49089392,14.54191575,Decessi
Decessi cumulativi,11,16,62,229,1049,4171,12190,30381,49555,23820,121484,0.00905469,0.013170459,0.051035527,0.18850219,0.863488196,3.433373942,10.03424319,25.00823154,40.79137993,19.60752033,Decessi
Vaccini 11/5/2021,0,1309,11228,13273,22588,59951,99669,74092,16502,4091,302703,0,0.432437075,3.709246357,4.384826051,7.462099814,19.80522162,32.92633373,24.47679739,5.451548217,1.351489744,Vaccini
Vaccini ultimi 24 giorni,0,35533,232973,298497,511532,1112275,2796446,3044114,1359228,261864,9652462,0,0.368123697,2.413612196,3.092444187,5.299497683,11.52322589,28.97132359,31.53717673,14.0816716,2.712924433,Vaccini
Vaccini cumulativi,0,59248,995296,1383913,2008578,3109160,4483628,5415871,6041754,1330431,24827879,0,0.238634964,4.008783835,5.574028293,8.090010427,12.52285787,18.05884425,21.81366761,24.33455552,5.358617222,Vaccini
