Categoria,0-9 anni,10-19 anni,20-29 anni,30-39 anni,40-49 anni,50-59 anni,60-69 anni,70-79 anni,80-89 anni,oltre 90 anni,Tutte le età,0-9 anni,10-19 anni,20-29 anni,30-39 anni,40-49 anni,50-59 anni,60-69 anni,70-79 anni,80-89 anni,oltre 90 anni,Labels
Casi 11/9/2021,460,581,559,629,633,550,354,215,150,46,4177,11.01268853,13.90950443,13.38281063,15.05865454,15.15441705,13.16734498,8.474982045,5.147234858,3.591094087,1.101268853,Casi
Casi ultimi 28 giorni,14408,31061,32203,25331,25392,21842,12319,7660,4822,1353,176391,8.168217199,17.60917507,18.25660039,14.36071001,14.39529228,12.38271794,6.983916413,4.342625191,2.733699565,0.767045938,Casi
Casi cumulativi,259231,477260,574040,579674,730184,778809,490814,354057,262715,90056,4596840,5.639330497,10.38234961,12.48770895,12.6102714,15.88447716,16.94226904,10.67720434,7.702182369,5.715121692,1.959084937,Casi
Decessi 11/9/2021,0,0,-1,0,-1,2,7,19,12,8,46,0,0,-2.173913043,0,-2.173913043,4.347826087,15.2173913,41.30434783,26.08695652,17.39130435,Decessi
Decessi ultimi 28 giorni,0,0,4,12,37,99,211,352,498,245,1458,0,0,0.274348422,0.823045267,2.537722908,6.790123457,14.47187929,24.14266118,34.1563786,16.80384088,Decessi
Decessi cumulativi,14,19,73,276,1176,4678,13412,32623,52032,24986,129289,0.010828454,0.014695759,0.056462653,0.213475238,0.909590143,3.618250586,10.37365901,25.2326184,40.24472306,19.3256967,Decessi
Vaccini 11/9/2021,0,48016,34371,33503,33156,21409,8228,3699,1280,194,183856,0,26.11609085,18.6945218,18.22241319,18.03367853,11.64443913,4.475241493,2.011900618,0.696197024,0.105517361,Vaccini
Vaccini ultimi 28 giorni,0,1677316,1472689,1272477,1112144,743451,372387,161954,49934,9956,6872308,0,24.40688048,21.42932185,18.51600656,16.18297667,10.81806869,5.418659932,2.356617311,0.726597236,0.144871272,Vaccini
Vaccini cumulativi,0,4882851,8528736,9058374,12371167,14689361,12298729,10526210,6835526,1564888,80755842,0,6.046436863,10.5611381,11.21698911,15.31922235,18.18984316,15.22952234,13.03461117,8.464435304,1.937801602,Vaccini
