Categoria,0-9 anni,10-19 anni,20-29 anni,30-39 anni,40-49 anni,50-59 anni,60-69 anni,70-79 anni,80-89 anni,oltre 90 anni,Tutte le età,0-9 anni,10-19 anni,20-29 anni,30-39 anni,40-49 anni,50-59 anni,60-69 anni,70-79 anni,80-89 anni,oltre 90 anni,Labels
Casi in aggiornamento,0,0,0,0,0,0,0,0,0,0,0,#DIV/0!,#DIV/0!,#DIV/0!,#DIV/0!,#DIV/0!,#DIV/0!,#DIV/0!,#DIV/0!,#DIV/0!,#DIV/0!,Casi
Casi ultimi 22 giorni,19794,29780,29246,33288,43073,43983,28586,20338,14135,4015,266238,7.434701282,11.18548066,10.98490824,12.50309873,16.17838175,16.52018119,10.73700974,7.63902974,5.309159474,1.508049189,Casi
Casi cumulativi,121690,240686,328802,341642,441058,491015,309977,231288,194528,72590,2773276,4.387951289,8.678761147,11.85608645,12.31907679,15.90386244,17.70523381,11.17728636,8.33988395,7.014375778,2.617481996,Casi
Decessi in aggiornamento,0,0,0,0,0,0,0,0,0,0,0,#DIV/0!,#DIV/0!,#DIV/0!,#DIV/0!,#DIV/0!,#DIV/0!,#DIV/0!,#DIV/0!,#DIV/0!,#DIV/0!,Decessi
Decessi ultimi 22 giorni,1,1,4,9,60,229,722,1730,3203,1712,7671,0.01303611,0.01303611,0.05214444,0.11732499,0.782166601,2.985269196,9.412071438,22.55247034,41.75466041,22.31782036,Decessi
Decessi cumulativi,6,10,49,180,773,3028,8851,22681,39000,19214,93792,0.006397134,0.01066189,0.052243262,0.191914023,0.824164108,3.228420334,9.436838963,24.18223303,41.58137155,20.48575571,Decessi
Vaccini 20/2/2021,0,23,1627,2054,2461,2613,1618,741,6377,1572,19086,0,0.120507178,8.524572985,10.76181494,12.89426805,13.69066331,8.477418003,3.88242691,33.41192497,8.236403647,Vaccini
Vaccini ultimi 22 giorni,0,2136,166560,211506,265890,323072,196950,68904,234716,89785,1559519,0,0.136965308,10.68021614,13.56225862,17.04948769,20.71613106,12.62889391,4.418285382,15.05053802,5.757223862,Vaccini
Vaccini cumulativi,0,3678,349190,503105,629553,813499,498969,130045,321583,159060,3408682,0,0.107900942,10.24413542,14.75951702,18.46910331,23.86549992,14.6381798,3.815110943,9.434232938,4.666319709,Vaccini
