Categoria,0-9 anni,10-19 anni,20-29 anni,30-39 anni,40-49 anni,50-59 anni,60-69 anni,70-79 anni,80-89 anni,oltre 90 anni,Tutte le età,0-9 anni,10-19 anni,20-29 anni,30-39 anni,40-49 anni,50-59 anni,60-69 anni,70-79 anni,80-89 anni,oltre 90 anni,Labels
Casi 29/7/2021,237,1176,1121,646,577,467,227,122,75,6,4654,5.09239364,25.26858616,24.08680705,13.88053287,12.39793726,10.03437903,4.87752471,2.621400945,1.611516975,0.128921358,Casi
Casi ultimi 26 giorni,4575,18969,20961,12000,11080,10350,5316,2833,1461,325,87870,5.206555138,21.58757255,23.85455787,13.65653807,12.60953682,11.77876408,6.049846364,3.224081029,1.66268351,0.369864573,Casi
Casi cumulativi,237986,429145,524803,541947,692576,746461,472714,342864,255585,88072,4332153,5.493480955,9.906044408,12.11413817,12.50987673,15.98687766,17.23071646,10.91175681,7.914401915,5.899722378,2.032984523,Casi
Decessi 29/7/2021,0,0,0,1,1,0,2,3,5,10,22,0,0,0,4.545454545,4.545454545,0,9.090909091,13.63636364,22.72727273,45.45454545,Decessi
Decessi ultimi 26 giorni,1,-1,-1,4,5,43,68,134,205,109,567,0.176366843,-0.176366843,-0.176366843,0.705467372,0.881834215,7.58377425,11.99294533,23.63315697,36.15520282,19.22398589,Decessi
Decessi cumulativi,14,16,67,260,1126,4539,13132,32112,51333,24645,127244,0.011002483,0.012574267,0.052654742,0.204331835,0.884914023,3.567162302,10.32032945,25.23655339,40.34217723,19.36830027,Decessi
Vaccini 29/7/2021,0,44949,84882,78246,60145,41988,40019,16588,1922,434,369173,0,12.17559247,22.99247236,21.19494113,16.29181982,11.37352948,10.8401752,4.493286345,0.520623122,0.11756006,Vaccini
Vaccini ultimi 26 giorni,0,1037201,1970392,2021557,2988982,2548756,1836766,1317425,85161,20131,13826371,0,7.501614126,14.25097012,14.62102384,21.61797915,18.43402003,13.28451262,9.528349847,0.615931686,0.145598581,Vaccini
Vaccini cumulativi,0,2144874,5518599,6466576,10234735,13214066,11378414,10161475,6733679,1541434,67393852,0,3.182595944,8.188579279,9.595201651,15.18645202,19.60722767,16.88345993,15.07774774,9.991533056,2.287202696,Vaccini
