Categoria,0-9 anni,10-19 anni,20-29 anni,30-39 anni,40-49 anni,50-59 anni,60-69 anni,70-79 anni,80-89 anni,oltre 90 anni,Tutte le età,0-9 anni,10-19 anni,20-29 anni,30-39 anni,40-49 anni,50-59 anni,60-69 anni,70-79 anni,80-89 anni,oltre 90 anni,Labels
Casi 18/4/2021,947,1343,1372,1471,1812,1850,1280,879,427,100,11481,8.248410417,11.69758732,11.95017856,12.81247278,15.78259733,16.11357896,11.14885463,7.656127515,3.719188224,0.871004268,Casi
Casi ultimi 22 giorni,24584,39479,44018,45950,59354,64142,42507,30560,16689,4336,371619,6.615377578,10.62351494,11.8449272,12.3648145,15.97173449,17.26015085,11.43832796,8.223476195,4.490889863,1.166786413,Casi
Casi cumulativi,191910,355023,452942,473625,612711,671580,426371,314218,242567,84368,3825315,5.01684175,9.280882751,11.8406458,12.3813333,16.01726917,17.55620125,11.14603634,8.214173212,6.341098707,2.205517716,Casi
Decessi 18/4/2021,0,0,-1,0,5,9,21,47,66,26,173,0,0,-0.578034682,0,2.89017341,5.202312139,12.13872832,27.16763006,38.15028902,15.02890173,Decessi
Decessi ultimi 22 giorni,0,-2,2,7,86,366,1089,2430,3261,1359,8598,0,-0.023261224,0.023261224,0.081414282,1.000232612,4.256803908,12.66573622,28.2623866,37.92742498,15.8060014,Decessi
Decessi cumulativi,6,12,55,210,978,3822,11155,28210,47212,22800,114460,0.005242006,0.010484012,0.048051721,0.183470208,0.854446968,3.339157784,9.745762712,24.6461646,41.24759741,19.91962258,Decessi
Vaccini 18/4/2021,0,424,2384,3306,5783,10511,30714,66222,34245,5191,158780,0,0.267036151,1.501448545,2.082126212,3.642146366,6.619851367,19.34374606,41.70676408,21.56757778,3.269303439,Vaccini
Vaccini ultimi 22 giorni,0,12521,128568,168418,260777,401103,691308,1851784,1948049,346577,5809105,0,0.215540948,2.213215289,2.899207365,4.489108047,6.90472973,11.90042184,31.87726853,33.53440848,5.966099769,Vaccini
Vaccini cumulativi,0,23108,759504,1081156,1490045,1989490,1695513,2397844,4674300,1057316,15168276,0,0.152344274,5.007187369,7.127744775,9.823430164,13.11612473,11.17802049,15.80828302,30.81629053,6.970574639,Vaccini
