Categoria,0-9 anni,10-19 anni,20-29 anni,30-39 anni,40-49 anni,50-59 anni,60-69 anni,70-79 anni,80-89 anni,oltre 90 anni,Tutte le età,0-9 anni,10-19 anni,20-29 anni,30-39 anni,40-49 anni,50-59 anni,60-69 anni,70-79 anni,80-89 anni,oltre 90 anni,Labels
Casi 9/10/2021,279,281,199,297,325,285,200,115,81,32,2094,13.32378223,13.41929322,9.503342884,14.18338109,15.52053486,13.61031519,9.551098376,5.491881566,3.868194842,1.52817574,Casi
Casi ultimi 28 giorni,14408,31061,32203,25331,25392,21842,12319,7660,4822,1353,176391,8.168217199,17.60917507,18.25660039,14.36071001,14.39529228,12.38271794,6.983916413,4.342625191,2.733699565,0.767045938,Casi
Casi cumulativi,272006,490499,584869,594450,746280,792068,499814,360030,266890,91330,4698236,5.789534625,10.44006729,12.44869351,12.65262111,15.88425954,16.85883808,10.6383332,7.66308887,5.680642692,1.94392108,Casi
Decessi 9/10/2021,0,0,0,0,1,3,12,23,40,14,93,0,0,0,0,1.075268817,3.225806452,12.90322581,24.7311828,43.01075269,15.05376344,Decessi
Decessi ultimi 28 giorni,0,0,4,12,37,99,211,352,498,245,1458,0,0,0.274348422,0.823045267,2.537722908,6.790123457,14.47187929,24.14266118,34.1563786,16.80384088,Decessi
Decessi cumulativi,15,20,77,288,1208,4770,13615,32931,52498,25252,130674,0.011478948,0.015305263,0.058925264,0.220395794,0.924437914,3.65030534,10.41905811,25.20088158,40.17478611,19.32442567,Decessi
Vaccini 9/10/2021,0,22090,19572,25798,25062,19331,7171,2508,1019,165,122716,0,18.00091268,15.9490205,21.02252355,20.42276476,15.75263209,5.84357378,2.043743277,0.830372568,0.134456795,Vaccini
Vaccini ultimi 28 giorni,0,1107797,929601,980605,885815,671690,281968,127130,48563,10532,5043701,0,21.9639705,18.43092999,19.44217153,17.56279764,13.31740323,5.59049793,2.520569717,0.962844546,0.208814916,Vaccini
Vaccini cumulativi,0,6004258,9477711,10058264,13273421,15375658,12589103,10660043,6889481,1577046,85904985,0,6.989417436,11.03278349,11.70859177,15.45128144,17.89844675,14.65468273,12.40910874,8.019884993,1.83580266,Vaccini
