Categoria,0-9 anni,10-19 anni,20-29 anni,30-39 anni,40-49 anni,50-59 anni,60-69 anni,70-79 anni,80-89 anni,oltre 90 anni,Tutte le età,0-9 anni,10-19 anni,20-29 anni,30-39 anni,40-49 anni,50-59 anni,60-69 anni,70-79 anni,80-89 anni,oltre 90 anni,Labels
Casi 25/2/2022,5501,5744,3957,5562,6609,5012,2929,1963,1313,427,39017,14.09898249,14.72178794,10.14173309,14.2553246,16.93877028,12.84568265,7.506984135,5.031140272,3.365199785,1.094394751,Casi
Casi ultimi 28 giorni,14408,31061,32203,25331,25392,21842,12319,7660,4822,1353,176391,8.168217199,17.60917507,18.25660039,14.36071001,14.39529228,12.38271794,6.983916413,4.342625191,2.733699565,0.767045938,Casi
Casi cumulativi,1176007,1644125,1604989,1722176,2059084,1889655,1094601,711897,454030,144827,12501391,9.407009188,13.1515365,12.83848333,13.77587502,16.47083913,15.11555794,8.755833651,5.694542311,3.631835849,1.158487084,Casi
Decessi 25/2/2022,0,0,0,-1,4,7,15,35,87,59,206,0,0,0,-0.485436893,1.941747573,3.398058252,7.281553398,16.99029126,42.23300971,28.6407767,Decessi
Decessi ultimi 28 giorni,0,0,4,12,37,99,211,352,498,245,1458,0,0,0.274348422,0.823045267,2.537722908,6.790123457,14.47187929,24.14266118,34.1563786,16.80384088,Decessi
Decessi cumulativi,21,27,106,373,1449,5598,15685,37806,60511,29566,151142,0.013894219,0.017863995,0.070132723,0.246787789,0.958701089,3.703801723,10.3776581,25.0135634,40.03586032,19.56173665,Decessi
