Categoria,0-9 anni,10-19 anni,20-29 anni,30-39 anni,40-49 anni,50-59 anni,60-69 anni,70-79 anni,80-89 anni,oltre 90 anni,Tutte le età,0-9 anni,10-19 anni,20-29 anni,30-39 anni,40-49 anni,50-59 anni,60-69 anni,70-79 anni,80-89 anni,oltre 90 anni,Labels
Casi 26/3/2021,1144,1983,2274,2372,3075,3265,2088,1490,831,207,18729,6.108174489,10.5878584,12.14159859,12.6648513,16.4183886,17.43285813,11.1484863,7.955576913,4.436969406,1.105237866,Casi
Casi ultimi 27 giorni,37121,60788,65510,70334,91748,95699,60615,42893,25506,6057,556271,6.673186271,10.92776722,11.77663405,12.64383727,16.4933998,17.20366512,10.89666727,7.710810019,4.585175211,1.088857769,Casi
Casi cumulativi,166316,313724,406874,425455,550420,604198,381795,282285,225045,79823,3435935,4.840487378,9.13067331,11.84172576,12.38251015,16.01951143,17.58467491,11.11182255,8.215667642,6.549745557,2.323181317,Casi
Decessi 26/3/2021,0,0,1,1,7,13,34,97,145,44,342,0,0,0.292397661,0.292397661,2.046783626,3.801169591,9.941520468,28.3625731,42.39766082,12.86549708,Decessi
Decessi ultimi 27 giorni,0,3,4,21,93,353,1005,2556,4071,1834,9940,0,0.030181087,0.040241449,0.211267606,0.935613682,3.551307847,10.11066398,25.71428571,40.95573441,18.45070423,Decessi
Decessi cumulativi,6,14,53,202,891,3452,10040,25721,43841,21384,105604,0.005681603,0.013257074,0.050187493,0.191280633,0.843718041,3.268815575,9.507215636,24.356085,41.51452596,20.24923298,Decessi
Vaccini 25/3/2021,0,384,8713,12213,17174,23325,22121,37840,97712,23684,243166,0,0.157916814,3.58314896,5.022494921,7.062665011,9.592212727,9.097077716,15.56138605,40.1832493,9.739848499,Vaccini
Vaccini ultimi 27 giorni,0,5200,216409,313253,457130,607459,408576,303228,1873302,422032,4606589,0,0.112881787,4.69781437,6.800107411,9.923394512,13.18674186,8.86938253,6.58248435,40.66570732,9.161485863,Vaccini
Vaccini cumulativi,0,9480,607527,880099,1184159,1528697,949482,448539,2498800,658302,8765085,0,0.108156396,6.931216297,10.04096366,13.50995455,17.440755,10.83254755,5.11733771,28.50856552,7.510503321,Vaccini
