Categoria,0-9 anni,10-19 anni,20-29 anni,30-39 anni,40-49 anni,50-59 anni,60-69 anni,70-79 anni,80-89 anni,oltre 90 anni,Tutte le età,0-9 anni,10-19 anni,20-29 anni,30-39 anni,40-49 anni,50-59 anni,60-69 anni,70-79 anni,80-89 anni,oltre 90 anni,Labels
Casi in aggiornamento,0,0,0,0,0,0,0,0,0,0,0,#DIV/0!,#DIV/0!,#DIV/0!,#DIV/0!,#DIV/0!,#DIV/0!,#DIV/0!,#DIV/0!,#DIV/0!,#DIV/0!,Casi
Casi ultimi 28 giorni,26273,40267,39845,44672,58060,58660,38004,27220,18462,5048,356511,7.369478081,11.29474266,11.17637324,12.53032866,16.28561251,16.45391026,10.65997964,7.635108033,5.178521841,1.41594509,Casi
Casi cumulativi,128169,251173,339401,353026,456045,505692,319395,238170,198855,73623,2863549,4.475879407,8.771388232,11.85246001,12.32826817,15.92586682,17.65962447,11.15381647,8.317301363,6.944354715,2.571040342,Casi
Decessi in aggiornamento,0,0,0,0,0,0,0,0,0,0,0,#DIV/0!,#DIV/0!,#DIV/0!,#DIV/0!,#DIV/0!,#DIV/0!,#DIV/0!,#DIV/0!,#DIV/0!,#DIV/0!,Decessi
Decessi ultimi 28 giorni,1,2,4,10,83,292,885,2175,3889,2019,9360,0.010683761,0.021367521,0.042735043,0.106837607,0.886752137,3.11965812,9.455128205,23.23717949,41.5491453,21.57051282,Decessi
Decessi cumulativi,6,11,49,181,796,3091,9014,23126,39686,19521,95481,0.006283973,0.011520617,0.051319111,0.189566511,0.833673715,3.237293283,9.440621694,24.22052555,41.56429028,20.44490527,Decessi
Vaccini 27/2/2021,0,45,2423,4016,6856,9299,4498,891,19533,4530,52091,0,0.086387284,4.651475303,7.709585149,13.16158262,17.85145227,8.634888944,1.710468219,37.49784032,8.696319902,Vaccini
Vaccini ultimi 28 giorni,0,2657,197714,259237,344931,407014,221670,80047,538565,163003,2214838,0,0.119963627,8.92679284,11.70455808,15.57364466,18.37669392,10.00840694,3.614124374,24.31622539,7.359590182,Vaccini
Vaccini cumulativi,0,4266,389612,565393,726347,921591,541592,144321,628539,234721,4156382,0,0.102637342,9.373825601,13.60300858,17.47546303,22.17291385,13.03037113,3.472274685,15.12226258,5.647243203,Vaccini
