Categoria,0-9 anni,10-19 anni,20-29 anni,30-39 anni,40-49 anni,50-59 anni,60-69 anni,70-79 anni,80-89 anni,oltre 90 anni,Tutte le età,0-9 anni,10-19 anni,20-29 anni,30-39 anni,40-49 anni,50-59 anni,60-69 anni,70-79 anni,80-89 anni,oltre 90 anni,Labels
Casi 7/12/2021,3459,3951,2569,3388,4967,4053,2589,1811,702,185,27674,12.49909662,14.27693864,9.283081593,12.24253812,17.94825468,14.64551565,9.355351594,6.544048565,2.536677025,0.668497507,Casi
Casi ultimi 28 giorni,14408,31061,32203,25331,25392,21842,12319,7660,4822,1353,176391,8.168217199,17.60917507,18.25660039,14.36071001,14.39529228,12.38271794,6.983916413,4.342625191,2.733699565,0.767045938,Casi
Casi cumulativi,325670,549335,623998,647558,820471,855754,542619,390670,282515,95800,5134390,6.342915127,10.69912882,12.15330351,12.61217009,15.97991193,16.66710164,10.56832457,7.6088883,5.502406323,1.865849692,Casi
Decessi 7/12/2021,0,0,0,1,1,6,11,28,30,27,104,0,0,0,0.961538462,0.961538462,5.769230769,10.57692308,26.92307692,28.84615385,25.96153846,Decessi
Decessi ultimi 28 giorni,0,0,4,12,37,99,211,352,498,245,1458,0,0,0.274348422,0.823045267,2.537722908,6.790123457,14.47187929,24.14266118,34.1563786,16.80384088,Decessi
Decessi cumulativi,14,20,80,303,1253,4919,13929,33619,53634,25916,133687,0.010472222,0.014960318,0.059841271,0.226648814,0.937263907,3.679490152,10.4191133,25.14754613,40.11908413,19.38557975,Decessi
Vaccini 7/12/2021,0,19349,32170,41737,64891,107230,100272,99226,36842,7488,509205,0,3.799844856,6.317691303,8.196502391,12.7435905,21.0583164,19.69187262,19.48645437,7.235199969,1.470527587,Vaccini
Vaccini ultimi 28 giorni,0,316465,479118,625970,957852,1529112,1590763,1558721,1113931,212764,8384696,0,3.774316922,5.714196436,7.465625468,11.4238131,18.23694025,18.97222034,18.59007172,13.28528786,2.537527896,Vaccini
Vaccini cumulativi,0,6702828,10570253,11429797,14973748,17612318,14693431,12612785,9166896,2030511,99792567,0,6.716760778,10.59222477,11.45355545,15.00487306,17.6489277,14.72397338,12.63900246,9.185950693,2.034731705,Vaccini
