Categoria,0-9 anni,10-19 anni,20-29 anni,30-39 anni,40-49 anni,50-59 anni,60-69 anni,70-79 anni,80-89 anni,oltre 90 anni,Tutte le età,0-9 anni,10-19 anni,20-29 anni,30-39 anni,40-49 anni,50-59 anni,60-69 anni,70-79 anni,80-89 anni,oltre 90 anni,Labels
Casi 21/4/2021,1481,2016,1895,2149,2621,2737,1811,1252,604,141,16707,8.864547794,12.06679835,11.34255103,12.86287185,15.68803496,16.3823547,10.83976776,7.493864847,3.615251092,0.843957623,Casi
Casi ultimi 25 giorni,28686,45044,49452,51874,66608,71677,47596,34155,18416,4758,418266,6.858315044,10.76922341,11.82309822,12.40215557,15.92479427,17.13670248,11.37936146,8.165856178,4.402939756,1.137553614,Casi
Casi cumulativi,196012,360588,458376,479549,619965,679115,431460,317813,244294,84790,3871962,5.062343071,9.312798008,11.83833932,12.38516804,16.01164991,17.5392992,11.14318787,8.208060926,6.309307788,2.189845871,Casi
Decessi 21/4/2021,0,0,1,0,7,44,161,408,489,179,1289,0,0,0.077579519,0,0.543056633,3.413498836,12.49030256,31.65244375,37.93638479,13.8867339,Decessi
Decessi ultimi 25 giorni,0,-2,4,8,103,458,1360,3069,3994,1636,10630,0,-0.018814675,0.037629351,0.075258702,0.968955786,4.308560677,12.7939793,28.87111947,37.57290687,15.39040452,Decessi
Decessi cumulativi,6,12,57,211,995,3914,11426,28849,47945,23077,116492,0.005150568,0.010301137,0.048930399,0.181128318,0.854135906,3.359887374,9.80839886,24.76479072,41.15733269,19.80994403,Decessi
Vaccini 21/4/2021,0,501,3456,4543,7693,13526,46965,94000,51067,10784,232535,0,0.215451437,1.48622788,1.953684392,3.308319178,5.816758767,20.1969596,40.42402219,21.96099512,4.637581439,Vaccini
Vaccini ultimi 25 giorni,0,14928,144882,189621,296587,463052,888809,2258277,2146494,389813,6792463,0,0.219773004,2.132981806,2.79163832,4.366413185,6.817144238,13.08522402,33.24680606,31.60111435,5.738905019,Vaccini
Vaccini cumulativi,0,25559,776092,1102627,1526222,2052040,1895585,2805556,4874202,1101264,16159147,0,0.158170478,4.802803019,6.82354706,9.444941617,12.69893764,11.7307244,17.36203031,30.16373327,6.815112209,Vaccini
