Categoria,0-9 anni,10-19 anni,20-29 anni,30-39 anni,40-49 anni,50-59 anni,60-69 anni,70-79 anni,80-89 anni,oltre 90 anni,Tutte le età,0-9 anni,10-19 anni,20-29 anni,30-39 anni,40-49 anni,50-59 anni,60-69 anni,70-79 anni,80-89 anni,oltre 90 anni,Labels
Casi 20/1-22/1/2022,32072,35668,27575,34796,39805,31649,16563,9617,5390,1667,234802,13.65916815,15.19067129,11.74393745,14.81929455,16.95258132,13.47901636,7.054028501,4.095791348,2.295551145,0.709959881,Casi
Casi ultimi 28 giorni,14408,31061,32203,25331,25392,21842,12319,7660,4822,1353,176391,8.168217199,17.60917507,18.25660039,14.36071001,14.39529228,12.38271794,6.983916413,4.342625191,2.733699565,0.767045938,Casi
Casi cumulativi,678760,1129098,1268641,1246542,1493517,1450557,852875,565611,364469,116394,9166464,7.404818259,12.31770506,13.84002599,13.59894066,16.29327296,15.82460805,9.304296619,6.170438241,3.976113363,1.269780801,Casi
Decessi 20/1-22/1/2022,0,1,0,3,9,17,46,94,233,115,518,0,0.193050193,0,0.579150579,1.737451737,3.281853282,8.88030888,18.14671815,44.98069498,22.2007722,Decessi
Decessi ultimi 28 giorni,0,0,4,12,37,99,211,352,498,245,1458,0,0,0.274348422,0.823045267,2.537722908,6.790123457,14.47187929,24.14266118,34.1563786,16.80384088,Decessi
Decessi cumulativi,15,24,86,335,1346,5258,14795,35584,56612,27375,141430,0.010605953,0.016969526,0.060807467,0.236866294,0.951707559,3.717740225,10.46100544,25.1601499,40.02828254,19.35586509,Decessi
