Categoria,0-9 anni,10-19 anni,20-29 anni,30-39 anni,40-49 anni,50-59 anni,60-69 anni,70-79 anni,80-89 anni,oltre 90 anni,Tutte le età,0-9 anni,10-19 anni,20-29 anni,30-39 anni,40-49 anni,50-59 anni,60-69 anni,70-79 anni,80-89 anni,oltre 90 anni,Labels
Casi 15/9/2021,676,798,651,878,843,840,532,354,256,106,5934,11.39197843,13.4479272,10.97067745,14.79609033,14.20626896,14.15571284,8.965284799,5.96562184,4.314122009,1.786316144,Casi
Casi ultimi 28 giorni,14408,31061,32203,25331,25392,21842,12319,7660,4822,1353,176391,8.168217199,17.60917507,18.25660039,14.36071001,14.39529228,12.38271794,6.983916413,4.342625191,2.733699565,0.767045938,Casi
Casi cumulativi,261454,479902,576371,582641,733316,781511,492509,355160,263490,90328,4616682,5.663244729,10.39495464,12.48452893,12.62034076,15.88404833,16.92797988,10.66802955,7.692970839,5.707345665,1.956556679,Casi
Decessi 15/9/2021,0,0,0,1,2,7,16,23,25,15,89,0,0,0,1.123595506,2.247191011,7.865168539,17.97752809,25.84269663,28.08988764,16.85393258,Decessi
Decessi ultimi 28 giorni,0,0,4,12,37,99,211,352,498,245,1458,0,0,0.274348422,0.823045267,2.537722908,6.790123457,14.47187929,24.14266118,34.1563786,16.80384088,Decessi
Decessi cumulativi,14,19,73,278,1183,4703,13453,32683,52114,25032,129552,0.010806472,0.014665926,0.05634803,0.214585649,0.913146845,3.630202544,10.38424725,25.22770779,40.22631839,19.3219711,Decessi
Vaccini 15/9/2021,0,37923,33547,31758,26341,19568,9837,5090,1742,289,166095,0,22.83211415,20.19747735,19.12038291,15.85899636,11.78120955,5.922514224,3.064511274,1.048797375,0.173996809,Vaccini
Vaccini ultimi 28 giorni,0,1710454,1468929,1281156,1106402,747667,355168,162378,51766,10322,6894242,0,24.80989208,21.3066063,18.58298563,16.0482037,10.84480353,5.151661343,2.355269803,0.75085847,0.149719142,Vaccini
Vaccini cumulativi,0,5091284,8696208,9214175,12500844,14781678,12340672,10547340,6843318,1566558,81582077,0,6.240689361,10.65945894,11.29436187,15.32302739,18.11878116,15.12669505,12.92850144,8.388261554,1.920223237,Vaccini
