Categoria,0-9 anni,10-19 anni,20-29 anni,30-39 anni,40-49 anni,50-59 anni,60-69 anni,70-79 anni,80-89 anni,oltre 90 anni,Tutte le età,0-9 anni,10-19 anni,20-29 anni,30-39 anni,40-49 anni,50-59 anni,60-69 anni,70-79 anni,80-89 anni,oltre 90 anni,Labels
Casi 3/8/2021,234,887,856,487,463,412,201,140,102,30,3812,6.138509969,23.26862539,22.45540399,12.77544596,12.14585519,10.80797482,5.272822665,3.672612802,2.675760756,0.786988458,Casi
Casi ultimi 24 giorni,5587,23004,24692,14099,13045,12082,6149,3315,1757,415,104145,5.364635844,22.08843439,23.70925152,13.53785587,12.52580537,11.60113304,5.904268088,3.183062077,1.687070911,0.398482884,Casi
Casi cumulativi,239408,434610,530313,545026,695413,748946,473971,343555,256002,88186,4355430,5.496770698,9.978578464,12.17590456,12.51371277,15.96657506,17.19568447,10.88230094,7.88796973,5.877766374,2.024736938,Casi
Decessi 3/8/2021,0,0,0,0,2,3,1,6,1,2,15,0,0,0,0,13.33333333,20,6.666666667,40,6.666666667,13.33333333,Decessi
Decessi ultimi 24 giorni,2,0,-2,3,7,27,48,138,174,102,499,0.400801603,0,-0.400801603,0.601202405,1.402805611,5.410821643,9.619238477,27.65531062,34.86973948,20.44088176,Decessi
Decessi cumulativi,14,16,67,261,1129,4542,13136,32136,51351,24659,127311,0.010996693,0.012567649,0.052627031,0.205009779,0.886804754,3.567641445,10.31804008,25.24212362,40.33508495,19.36910401,Decessi
Vaccini 3/8/2021,0,46505,77334,64880,53478,33899,27664,9419,1543,366,315088,0,14.75936881,24.54361956,20.59107297,16.97240136,10.75858173,8.779769461,2.989323618,0.489704464,0.116158026,Vaccini
Vaccini ultimi 24 giorni,0,1078695,2018720,2073236,2634389,1858164,1563605,861857,65261,15567,12169494,0,8.863926471,16.58836431,17.03633693,21.64748181,15.26903255,12.84856215,7.082110398,0.536267161,0.127918219,Vaccini
Vaccini cumulativi,0,2440182,6017662,6909634,10599866,13457711,11591080,10233899,6746451,1544736,69541221,0,3.508972038,8.65337409,9.936026289,15.24256527,19.35213505,16.66792707,14.71630617,9.701369782,2.221324242,Vaccini
