Categoria,0-9 anni,10-19 anni,20-29 anni,30-39 anni,40-49 anni,50-59 anni,60-69 anni,70-79 anni,80-89 anni,oltre 90 anni,Tutte le età,0-9 anni,10-19 anni,20-29 anni,30-39 anni,40-49 anni,50-59 anni,60-69 anni,70-79 anni,80-89 anni,oltre 90 anni,Labels
Casi 4/12/2021,1872,2108,1309,1834,2611,2255,1455,1027,346,95,14912,12.55364807,14.13626609,8.778165236,12.29881974,17.50938841,15.12204936,9.757242489,6.887070815,2.32027897,0.637070815,Casi
Casi ultimi 28 giorni,14408,31061,32203,25331,25392,21842,12319,7660,4822,1353,176391,8.168217199,17.60917507,18.25660039,14.36071001,14.39529228,12.38271794,6.983916413,4.342625191,2.733699565,0.767045938,Casi
Casi cumulativi,319206,542098,619331,641338,811509,848405,537930,387377,281108,95418,5083720,6.278984681,10.66341183,12.18263398,12.61552564,15.96289725,16.68866499,10.58142463,7.619951532,5.529572832,1.87693264,Casi
Decessi 4/12/2021,0,0,0,0,0,0,4,22,28,13,67,0,0,0,0,0,0,5.970149254,32.8358209,41.79104478,19.40298507,Decessi
Decessi ultimi 28 giorni,0,0,4,12,37,99,211,352,498,245,1458,0,0,0.274348422,0.823045267,2.537722908,6.790123457,14.47187929,24.14266118,34.1563786,16.80384088,Decessi
Decessi cumulativi,14,20,80,300,1250,4909,13909,33554,53571,25858,133465,0.010489641,0.014985202,0.059940808,0.224778032,0.936575132,3.678117859,10.42145881,25.14067358,40.13861312,19.37436781,Decessi
Vaccini 4/12/2021,0,18034,24900,34935,58684,108256,81959,76509,33040,6507,442824,0,4.072498329,5.623001463,7.8891388,13.25221759,24.44673279,18.5082561,17.27751883,7.461203548,1.469432551,Vaccini
Vaccini ultimi 28 giorni,0,285815,433652,563713,835680,1287210,1386981,1361728,1128456,212711,7495946,0,3.812927681,5.785153735,7.520238273,11.1484261,17.17208208,18.50308153,18.16619277,15.05421731,2.837680528,Vaccini
Vaccini cumulativi,0,6648270,10484486,11319450,14800746,17313305,14427901,12351521,9069554,2010462,98425695,0,6.754608134,10.65218386,11.50050299,15.03748183,17.59022885,14.65867323,12.54908182,9.214620227,2.042619054,Vaccini
