Categoria,0-9 anni,10-19 anni,20-29 anni,30-39 anni,40-49 anni,50-59 anni,60-69 anni,70-79 anni,80-89 anni,oltre 90 anni,Tutte le età,0-9 anni,10-19 anni,20-29 anni,30-39 anni,40-49 anni,50-59 anni,60-69 anni,70-79 anni,80-89 anni,oltre 90 anni,Labels
Casi 9/2/2021,878,1336,1357,1525,1977,2023,1297,930,672,186,12181,7.207946802,10.96790083,11.14030047,12.51949758,16.23019457,16.60783187,10.64773007,7.634841146,5.516788441,1.526968229,Casi
Casi ultimi 27 giorni,21953,33688,37982,41531,53348,57168,38007,27903,21561,7265,340406,6.4,9.896417807,11.15785268,12.20043125,15.67187417,16.79406356,11.16519685,8.196976552,6.333907158,2.134216201,Casi
Casi cumulativi,111507,224794,313543,324496,418670,468317,295724,221053,187839,70769,2636712,4.2,8.525542418,11.89143903,12.30684276,15.87848806,17.76140132,11.21563523,8.383661166,7.123986237,2.683986723,Casi
Decessi 9/2/2021,0,0,1,1,2,14,39,88,163,92,400,0,0,0.25,0.25,0.5,3.5,9.75,22,40.75,23,Decessi
Decessi ultimi 27 giorni,0,0,5,19,78,304,997,2592,4951,2671,11617,0,0,0.043040372,0.163553413,0.671429801,2.61685461,8.582250151,22.31212878,42.61857622,22.99216665,Decessi
Decessi cumulativi,5,5,46,176,734,2915,8489,21867,37500,18464,90201,0,0.005543176,0.050997217,0.195119788,0.813738207,3.231671489,9.411203867,24.24252503,41.57381847,20.46983958,Decessi
Vaccini 9/2/2021,0,37,4426,5304,6442,8015,5299,2047,6159,3115,40844,0,0.090588581,10.83635295,12.9859955,15.77220644,19.6234453,12.97375379,5.011752032,15.07932622,7.626579179,Vaccini
Vaccini ultimi 27 giorni,0,1000,188777,279437,343498,465791,301701,76198,116779,85938,1859119,0,0.053788918,10.15411063,15.03061396,18.47638586,25.05439404,16.22817044,4.098607997,6.28141609,4.622512061,Vaccini
Vaccini cumulativi,0,2692,275473,410384,512321,687608,427933,96783,141831,104824,2659849,0,0.101208753,10.35671574,15.42884577,19.26128137,25.85139232,16.08862007,3.638665202,5.332295179,3.940975597,Vaccini
