Categoria,0-9 anni,10-19 anni,20-29 anni,30-39 anni,40-49 anni,50-59 anni,60-69 anni,70-79 anni,80-89 anni,oltre 90 anni,Tutte le età,0-9 anni,10-19 anni,20-29 anni,30-39 anni,40-49 anni,50-59 anni,60-69 anni,70-79 anni,80-89 anni,oltre 90 anni,Labels
Casi 29/4/2021,1030,1177,1052,1365,1636,1454,1005,641,245,67,9672,10.64929694,12.16914806,10.87675765,14.11290323,16.91480562,15.03308519,10.39081886,6.627377998,2.533085194,0.692721257,Casi
Casi ultimi 26 giorni,29847,42122,43482,47097,59150,61672,41434,29102,14580,3816,372302,8.01687877,11.31393331,11.67922815,12.65021407,15.8876396,16.56504666,11.1291371,7.816772405,3.916175578,1.024974349,Casi
Casi cumulativi,206237,373133,470225,493117,636685,695554,442396,324959,247582,85707,3975595,5.187575696,9.385588824,11.8277893,12.40360248,16.01483552,17.495595,11.12779345,8.173845676,6.227545814,2.155828247,Casi
Decessi 29/4/2021,0,0,0,2,1,15,54,81,107,52,312,0,0,0,0.641025641,0.320512821,4.807692308,17.30769231,25.96153846,34.29487179,16.66666667,Decessi
Decessi ultimi 26 giorni,0,0,4,9,92,471,1395,3058,3795,1629,10453,0,0,0.038266526,0.086099684,0.880130106,4.505883478,13.34545107,29.2547594,36.30536688,15.58404286,Decessi
Decessi cumulativi,6,14,59,215,1017,4034,11782,29569,48731,23470,118897,0.005046385,0.011774898,0.049622783,0.180828785,0.855362204,3.392852637,9.909417395,24.8694248,40.98589535,19.73977476,Decessi
Vaccini 29/4/2021,0,1066,7762,9087,15232,27139,90074,104683,57502,8265,320810,0,0.332283906,2.419500639,2.83251769,4.747981671,8.459524329,28.07705495,32.63084068,17.92400486,2.576291263,Vaccini
Vaccini ultimi 26 giorni,0,21007,155365,201749,334513,557168,1486275,2995624,1984374,354982,8091057,0,0.259632332,1.92020647,2.493481383,4.134354757,6.886220181,18.3693552,37.02388946,24.52552244,4.387337773,Vaccini
Vaccini cumulativi,0,34808,835703,1179834,1661139,2283609,2653726,3924891,5447527,1207935,19229172,0,0.181016635,4.346016563,6.135646402,8.638640291,11.87575315,13.80052142,20.41112847,28.32949333,6.28178374,Vaccini
