Categoria,0-9 anni,10-19 anni,20-29 anni,30-39 anni,40-49 anni,50-59 anni,60-69 anni,70-79 anni,80-89 anni,oltre 90 anni,Tutte le età,0-9 anni,10-19 anni,20-29 anni,30-39 anni,40-49 anni,50-59 anni,60-69 anni,70-79 anni,80-89 anni,oltre 90 anni,Labels
Casi 17/2/2021,834,1295,1173,1465,1791,1807,1165,867,576,158,11131,7.492588267,11.63417483,10.53813674,13.16144102,16.09019854,16.23394125,10.46626538,7.789057587,5.17473722,1.419459168,Casi
Casi ultimi 19 giorni,17097,25308,24764,28527,36905,37817,24767,17705,12576,3616,229082,7.463266429,11.04757248,10.81010293,12.45274618,16.10995189,16.50806262,10.81141251,7.728673575,5.489737299,1.578474084,Casi
Casi cumulativi,118993,236214,324320,336881,434890,484849,306158,228655,192969,72191,2736120,4.348968612,8.633173984,11.85328129,12.31236203,15.89440522,17.72031197,11.18949461,8.356906861,7.0526512,2.63844422,Casi
Decessi 17/2/2021,0,0,0,0,4,15,48,107,234,144,552,0,0,0,0,0.724637681,2.717391304,8.695652174,19.38405797,42.39130435,26.08695652,Decessi
Decessi ultimi 19 giorni,1,1,4,7,48,207,640,1575,2904,1561,6948,0.014392631,0.014392631,0.057570524,0.100748417,0.690846287,2.979274611,9.211283823,22.66839378,41.79620035,22.46689695,Decessi
Decessi cumulativi,6,10,49,178,761,3006,8769,22526,38701,19063,93069,0.00644683,0.010744716,0.05264911,0.19125595,0.817672909,3.229861716,9.422041711,24.20354791,41.5831265,20.48265266,Decessi
Vaccini 17/2/2021,0,15,1669,2259,2820,2865,1776,879,9185,1367,22835,0,0.065688636,7.308955551,9.892708561,12.34946354,12.54652945,7.777534487,3.849354062,40.22334136,5.986424349,Vaccini
Vaccini ultimi 19 giorni,0,1867,144121,182596,226632,283325,177939,59746,155947,66754,1298927,0,0.14373402,11.09538873,14.05744896,17.44763178,21.81223425,13.69892226,4.599642628,12.00583251,5.139164865,Vaccini
Vaccini cumulativi,0,3408,326671,474048,590032,773495,479816,120827,242639,135906,3146842,0,0.10829905,10.38091522,15.06424536,18.74997219,24.58003929,15.24754023,3.839627156,7.710555535,4.318805965,Vaccini
