Categoria,0-9 anni,10-19 anni,20-29 anni,30-39 anni,40-49 anni,50-59 anni,60-69 anni,70-79 anni,80-89 anni,oltre 90 anni,Tutte le età,0-9 anni,10-19 anni,20-29 anni,30-39 anni,40-49 anni,50-59 anni,60-69 anni,70-79 anni,80-89 anni,oltre 90 anni,Labels
Casi 13/4/2021,1237,1862,1899,2129,2629,2835,1898,1332,621,180,16622,7.441944411,11.20202142,11.42461798,12.80832631,15.81638792,17.0557093,11.41860185,8.013476116,3.736012514,1.082902178,Casi
Casi ultimi 24 giorni,27966,45990,51653,54404,71452,76614,50016,35904,20389,5305,439693,6.360346878,10.45957065,11.74751474,12.37317856,16.25042928,17.42443023,11.37520952,8.16569743,4.637099067,1.206523643,Casi
Casi cumulativi,186622,347041,444506,464693,601959,660092,418611,308622,239823,83687,3755656,4.969091951,9.240489544,11.83564203,12.37315132,16.0280654,17.57594412,11.14614864,8.21752578,6.385648739,2.228292474,Casi
Decessi 13/4/2021,0,0,0,0,2,15,56,159,193,71,496,0,0,0,0,0.403225806,3.024193548,11.29032258,32.05645161,38.91129032,14.31451613,Decessi
Decessi ultimi 24 giorni,0,-2,2,15,95,376,1227,2712,3888,1605,9918,0,-0.020165356,0.020165356,0.151240169,0.957854406,3.791086913,12.37144586,27.34422263,39.20145191,16.18269812,Decessi
Decessi cumulativi,6,12,53,209,960,3742,10950,27733,46583,22538,112786,0.005319809,0.010639618,0.046991648,0.185306687,0.851169471,3.317787669,9.708651783,24.58904474,41.30211196,19.98297661,Decessi
Vaccini 13/4/2021,0,347,3101,4334,6767,11091,26845,92055,48949,7980,201469,0,0.172234934,1.539194616,2.15119944,3.358829398,5.505065295,13.32463059,45.69189305,24.29604555,3.960907137,Vaccini
Vaccini ultimi 24 giorni,0,10810,158657,213954,311441,445278,555429,1432426,2198052,408770,5734817,0,0.188497732,2.766557329,3.730790363,5.430705112,7.764467463,9.685208787,24.97771071,38.32819774,7.12786476,Vaccini
Vaccini cumulativi,0,18912,730432,1043090,1425793,1880377,1421340,1733190,4293290,984239,13530663,0,0.139771421,5.398345964,7.709082696,10.53749546,13.89715345,10.50458503,12.80935014,31.73007856,7.274137269,Vaccini
