Categoria,0-9 anni,10-19 anni,20-29 anni,30-39 anni,40-49 anni,50-59 anni,60-69 anni,70-79 anni,80-89 anni,oltre 90 anni,Tutte le età,0-9 anni,10-19 anni,20-29 anni,30-39 anni,40-49 anni,50-59 anni,60-69 anni,70-79 anni,80-89 anni,oltre 90 anni,Labels
Casi 23/7/2021,232,1098,1201,606,510,450,206,111,46,-2,4458,5.204127411,24.62987887,26.94033199,13.5935397,11.44010767,10.09421265,4.620906236,2.489905787,1.031852849,-0.044863167,Casi
Casi ultimi 27 giorni,3376,12831,15090,9007,8493,8053,4298,2342,1127,276,64893,5.202410121,19.77254866,23.25366372,13.87977132,13.08769821,12.40965898,6.623210516,3.609017922,1.736705038,0.425315519,Casi
Casi cumulativi,236426,422172,517881,538208,689226,743543,471375,342172,255130,87991,4304124,5.493010889,9.808546408,12.03220446,12.50447245,16.0131539,17.27512962,10.95170585,7.949863898,5.92757086,2.044341659,Casi
Decessi 23/7/2021,0,0,0,0,1,2,1,5,4,4,17,0,0,0,0,5.882352941,11.76470588,5.882352941,29.41176471,23.52941176,23.52941176,Decessi
Decessi ultimi 27 giorni,-1,-1,1,6,4,46,64,143,215,115,592,-0.168918919,-0.168918919,0.168918919,1.013513514,0.675675676,7.77027027,10.81081081,24.15540541,36.31756757,19.42567568,Decessi
Decessi cumulativi,12,16,69,259,1125,4528,13105,32074,51285,24624,127097,0.009441608,0.01258881,0.054289244,0.203781364,0.885150712,3.562633264,10.31102229,25.23584349,40.35107044,19.37417878,Decessi
Vaccini 23/7/2021,0,53081,99058,98355,111962,69580,83412,48998,3428,708,568582,0,9.335680693,17.42193738,17.29829646,19.69144292,12.23746091,14.6701795,8.617578467,0.602903363,0.124520298,Vaccini
Vaccini ultimi 27 giorni,0,1038970,1974678,1948566,2973013,3018179,1880846,1727047,112100,27151,14700550,0,7.067558697,13.43268109,13.25505508,20.22382156,20.53106176,12.79439205,11.74817949,0.762556503,0.18469377,Vaccini
Vaccini cumulativi,0,1861757,4950280,5909110,9647327,12863488,10998057,9996743,6717649,1537514,64481925,0,2.887254064,7.67700406,9.163978898,14.96128876,19.9489826,17.05603082,15.50317085,10.41787912,2.384410825,Vaccini
