Categoria,0-9 anni,10-19 anni,20-29 anni,30-39 anni,40-49 anni,50-59 anni,60-69 anni,70-79 anni,80-89 anni,oltre 90 anni,Tutte le età,0-9 anni,10-19 anni,20-29 anni,30-39 anni,40-49 anni,50-59 anni,60-69 anni,70-79 anni,80-89 anni,oltre 90 anni,Labels
Casi 20/2/2022,5484,5613,3919,5556,6423,5123,3144,2036,1338,441,39077,14.03383064,14.3639481,10.02891727,14.21808225,16.43677867,13.11001356,8.045653453,5.210225964,3.424009008,1.128541086,Casi
Casi ultimi 28 giorni,14408,31061,32203,25331,25392,21842,12319,7660,4822,1353,176391,8.168217199,17.60917507,18.25660039,14.36071001,14.39529228,12.38271794,6.983916413,4.342625191,2.733699565,0.767045938,Casi
Casi cumulativi,1140622,1607511,1581576,1688039,2018243,1858984,1075844,699663,446376,142330,12259188,9.304221454,13.11270371,12.9011481,13.76958246,16.46310506,15.16400597,8.775817778,5.70725402,3.6411547,1.161006749,Casi
Decessi 20/2/2022,0,0,0,1,3,9,22,36,60,60,191,0,0,0,0.523560209,1.570680628,4.712041885,11.51832461,18.84816754,31.41361257,31.41361257,Decessi
Decessi ultimi 28 giorni,0,0,4,12,37,99,211,352,498,245,1458,0,0,0.274348422,0.823045267,2.537722908,6.790123457,14.47187929,24.14266118,34.1563786,16.80384088,Decessi
Decessi cumulativi,20,27,104,370,1433,5557,15586,37563,60082,29298,150040,0.013329779,0.017995201,0.069314849,0.246600906,0.955078646,3.703679019,10.38789656,25.03532391,40.04398827,19.52679286,Decessi
