Categoria,0-9 anni,10-19 anni,20-29 anni,30-39 anni,40-49 anni,50-59 anni,60-69 anni,70-79 anni,80-89 anni,oltre 90 anni,Tutte le età,0-9 anni,10-19 anni,20-29 anni,30-39 anni,40-49 anni,50-59 anni,60-69 anni,70-79 anni,80-89 anni,oltre 90 anni,Labels
Casi 9/2-11/2/2021,2106,2971,2918,3274,4561,4553,2809,2074,1465,428,27159,7.754335579,10.93928348,10.74413638,12.05493575,16.79369638,16.76424022,10.34279613,7.636510917,5.394160315,1.575904857,Casi
Casi ultimi 29 giorni,24059,36659,40900,44805,57909,61721,40816,29977,23026,7693,367565,6.5,9.973474079,11.12728361,12.18968074,15.75476446,16.79185994,11.10443051,8.155564322,6.26447023,2.092963149,Casi
Casi cumulativi,113613,227765,316461,327770,423231,472870,298533,223127,189304,71197,2663871,4.3,8.550151265,11.87974192,12.30427449,15.88781889,17.75123495,11.20673636,8.376043735,7.10635012,2.672689481,Casi
Decessi 9/2-11/2/2021,0,0,2,1,9,24,91,198,326,183,834,0,0,0.239808153,0.119904077,1.079136691,2.877697842,10.91127098,23.74100719,39.08872902,21.94244604,Decessi
Decessi ultimi 29 giorni,0,0,7,20,87,328,1088,2790,5277,2854,12451,0,0,0.056220384,0.160629668,0.698739057,2.63432656,8.738253956,22.40783873,42.38213798,22.92185367,Decessi
Decessi cumulativi,5,5,48,177,743,2939,8580,22065,37826,18647,91035,0,0.005492393,0.052726973,0.194430713,0.816169605,3.228428626,9.424946449,24.23793047,41.55105179,20.48333059,Decessi
Vaccini 9/2-11/2/2021,0,216,15797,17533,21326,26828,16939,7775,23091,10264,139769,0,0.154540706,11.30222009,12.54426947,15.2580329,19.19452811,12.11928253,5.562749966,16.5208308,7.343545421,Vaccini
Vaccini ultimi 29 giorni,0,1255,207356,300443,369283,498395,322240,85501,143871,98304,2026648,0,0.061924912,10.23147582,14.82462667,18.22136849,24.59208506,15.90014645,4.2188382,7.098963412,4.850570992,Vaccini
Vaccini cumulativi,0,2947,294052,431390,538106,720212,448472,106086,168923,117190,2827378,0,0.104230846,10.40016581,15.25759909,19.03197945,25.47278786,15.86176309,3.752098234,5.974546028,4.144829591,Vaccini
