Categoria,0-9 anni,10-19 anni,20-29 anni,30-39 anni,40-49 anni,50-59 anni,60-69 anni,70-79 anni,80-89 anni,oltre 90 anni,Tutte le età,0-9 anni,10-19 anni,20-29 anni,30-39 anni,40-49 anni,50-59 anni,60-69 anni,70-79 anni,80-89 anni,oltre 90 anni,Labels
Casi 5/9/2021,379,609,549,621,625,527,290,178,147,52,3977,9.529796329,15.31305004,13.80437516,15.61478501,15.71536334,13.25119437,7.291928589,4.475735479,3.696253457,1.30751823,Casi
Casi ultimi 28 giorni,14408,31061,32203,25331,25392,21842,12319,7660,4822,1353,176391,8.168217199,17.60917507,18.25660039,14.36071001,14.39529228,12.38271794,6.983916413,4.342625191,2.733699565,0.767045938,Casi
Casi cumulativi,255995,472471,569336,574612,724889,774330,488164,352317,261537,89709,4563360,5.609791908,10.35357719,12.47624557,12.59186214,15.88498387,16.96841801,10.69746853,7.720561165,5.731237509,1.965854107,Casi
Decessi 5/9/2021,0,0,0,1,2,0,5,5,15,1,29,0,0,0,3.448275862,6.896551724,0,17.24137931,17.24137931,51.72413793,3.448275862,Decessi
Decessi ultimi 28 giorni,0,0,4,12,37,99,211,352,498,245,1458,0,0,0.274348422,0.823045267,2.537722908,6.790123457,14.47187929,24.14266118,34.1563786,16.80384088,Decessi
Decessi cumulativi,14,17,73,274,1170,4645,13357,32513,51899,24913,128875,0.01086324,0.013191077,0.056644035,0.212609117,0.90785645,3.604267701,10.3643065,25.22832202,40.27080504,19.33113482,Decessi
Vaccini 5/9/2021,0,28385,22964,21414,19154,11909,4418,1900,582,63,110789,0,25.62077463,20.72768957,19.32863371,17.28872,10.74926211,3.987760518,1.714971703,0.525322911,0.056864851,Vaccini
Vaccini ultimi 28 giorni,0,1626415,1601882,1343729,1136921,796487,428850,174536,49001,10041,7167862,0,22.69037825,22.3481144,18.74658022,15.86136842,11.11191873,5.982955587,2.434979915,0.683620862,0.140083612,Vaccini
Vaccini cumulativi,0,4441118,8198080,8765673,12113125,14516879,12223430,10488596,6821582,1561927,79130410,0,5.612403626,10.36021423,11.07750232,15.30780012,18.34551217,15.4471966,13.25482327,8.620683249,1.973864409,Vaccini
