Categoria,0-9 anni,10-19 anni,20-29 anni,30-39 anni,40-49 anni,50-59 anni,60-69 anni,70-79 anni,80-89 anni,oltre 90 anni,Tutte le età,0-9 anni,10-19 anni,20-29 anni,30-39 anni,40-49 anni,50-59 anni,60-69 anni,70-79 anni,80-89 anni,oltre 90 anni,Labels
Casi 9/8/2021,516,1630,1624,1017,914,788,487,236,131,39,7382,6.989975616,22.08073693,21.99945814,13.77675427,12.38146844,10.67461393,6.59712815,3.196965592,1.774586833,0.528312111,Casi
Casi ultimi 23 giorni,6523,26548,27165,14916,13501,11928,5940,3263,2004,470,112258,5.81072173,23.64909405,24.1987208,13.28724902,12.02675979,10.62552335,5.291382351,2.906697073,1.78517344,0.418678402,Casi
Casi cumulativi,241928,443141,538946,550121,700193,753132,476218,344837,256760,88359,4393635,5.506329042,10.08597665,12.26651736,12.52086257,15.93653091,17.141433,10.8388157,7.848558198,5.84390829,2.011068284,Casi
Decessi 9/8/2021,0,0,0,0,0,3,2,4,8,3,20,0,0,0,0,0,15,10,20,40,15,Decessi
Decessi ultimi 23 giorni,2,1,0,3,8,24,45,112,144,81,420,0.476190476,0.238095238,0,0.714285714,1.904761905,5.714285714,10.71428571,26.66666667,34.28571429,19.28571429,Decessi
Decessi cumulativi,14,17,69,261,1131,4549,13144,32163,51396,24673,127417,0.010987545,0.013342019,0.0541529,0.204839229,0.887636658,3.570167246,10.31573495,25.2423146,40.33684673,19.36397812,Decessi
Vaccini 9/8/2021,0,78043,102743,74736,55586,42403,27090,10142,1945,388,393076,0,19.85443019,26.13820228,19.01311706,14.14128565,10.7874813,6.891797006,2.580162615,0.494815252,0.098708647,Vaccini
Vaccini ultimi 23 giorni,0,1279708,2211510,2087220,2104391,1309434,1255068,567488,53623,12403,10880845,0,11.76110863,20.32480014,19.18251753,19.34032697,12.03430432,11.53465563,5.215477291,0.492820181,0.113989309,Vaccini
Vaccini cumulativi,0,2879358,6665372,7456877,11000334,13735053,11801245,10306894,6762916,1548919,72156968,0,3.990408799,9.237322721,10.33424381,15.24500586,19.03496416,16.35496242,14.28398987,9.372505785,2.14659657,Vaccini
