Categoria,0-9 anni,10-19 anni,20-29 anni,30-39 anni,40-49 anni,50-59 anni,60-69 anni,70-79 anni,80-89 anni,oltre 90 anni,Tutte le età,0-9 anni,10-19 anni,20-29 anni,30-39 anni,40-49 anni,50-59 anni,60-69 anni,70-79 anni,80-89 anni,oltre 90 anni,Labels
Casi 1/11/2021,247,303,195,242,338,312,233,161,105,39,2175,11.35632184,13.93103448,8.965517241,11.12643678,15.54022989,14.34482759,10.71264368,7.402298851,4.827586207,1.793103448,Casi
Casi ultimi 28 giorni,14408,31061,32203,25331,25392,21842,12319,7660,4822,1353,176391,8.168217199,17.60917507,18.25660039,14.36071001,14.39529228,12.38271794,6.983916413,4.342625191,2.733699565,0.767045938,Casi
Casi cumulativi,281171,499536,591589,604017,758606,802623,507089,365214,270127,92378,4772350,5.891667627,10.46729599,12.39617798,12.65659476,15.89585843,16.8181923,10.62556183,7.652707785,5.660251239,1.935692059,Casi
Decessi 1/11/2021,0,1,0,0,1,1,5,2,5,4,19,0,5.263157895,0,0,5.263157895,5.263157895,26.31578947,10.52631579,26.31578947,21.05263158,Decessi
Decessi ultimi 28 giorni,0,0,4,12,37,99,211,352,498,245,1458,0,0,0.274348422,0.823045267,2.537722908,6.790123457,14.47187929,24.14266118,34.1563786,16.80384088,Decessi
Decessi cumulativi,15,21,79,293,1224,4816,13721,33075,52779,25420,131443,0.011411791,0.015976507,0.060102097,0.222910311,0.931202118,3.663945589,10.43874531,25.16299841,40.15352662,19.33918124,Decessi
Vaccini 1/11/2021,0,3795,4547,5370,4716,3600,1732,827,301,68,24956,0,15.2067639,18.22006732,21.51787145,18.89725918,14.42538868,6.940214778,3.313832345,1.206122776,0.272479564,Vaccini
Vaccini ultimi 28 giorni,0,405112,538177,635077,589464,464232,195085,83750,39192,10148,2960237,0,13.68512048,18.18019976,21.45358632,19.91272996,15.68225787,6.5901818,2.829165368,1.323948049,0.34281039,Vaccini
Vaccini cumulativi,0,6307671,9915282,10575485,13754933,15756595,12748495,10728695,6923407,1586228,88296791,0,7.143714883,11.22949304,11.97720198,15.5780667,17.84503697,14.4382314,12.15071904,7.841062989,1.796472988,Vaccini
