Categoria,0-9 anni,10-19 anni,20-29 anni,30-39 anni,40-49 anni,50-59 anni,60-69 anni,70-79 anni,80-89 anni,oltre 90 anni,Tutte le età,0-9 anni,10-19 anni,20-29 anni,30-39 anni,40-49 anni,50-59 anni,60-69 anni,70-79 anni,80-89 anni,oltre 90 anni,Labels
Casi 24 ore,565,844,931,951,1269,1243,887,564,429,151,7834,7.212152157,10.77355119,11.88409497,12.13939239,16.19862139,15.86673475,11.32244064,7.199387286,5.476129691,1.927495532,Casi
Casi ultimi 31 giorni,23897,41471,53980,57118,71606,78365,52236,38737,30306,10434,458150,5.2,9.051838917,11.78216741,12.46709593,15.62937902,17.10466005,11.40150606,8.455091127,6.614864127,2.277420059,Casi
Casi cumulativi,103567,213424,302233,311403,401879,451030,284157,212843,181816,69033,2531385,4.1,8.431115773,11.93943237,12.30168465,15.87585452,17.81751887,11.22535687,8.40816391,7.182471256,2.727084185,Casi
Decessi 24 ore,0,0,0,1,2,1,19,42,94,53,212,0,0,0,0.471698113,0.943396226,0.471698113,8.962264151,19.81132075,44.33962264,25,Decessi
Decessi ultimi 31 giorni,0,0,10,21,111,410,1272,3402,6477,3380,15083,0,0,0.066299808,0.139229596,0.735927866,2.718292117,8.433335543,22.55519459,42.94238547,22.40933501,Decessi
Decessi cumulativi,5,5,45,172,719,2812,8177,21079,36069,17670,86753,0,0.005763489,0.051871405,0.198264037,0.828789782,3.241386465,9.425610642,24.29771881,41.57666017,20.36817171,Decessi
Vaccini 24 ore,0,74,4496,6368,7619,10164,7116,1385,1123,805,39150,0,0.189016603,11.48403576,16.26564496,19.46104725,25.96168582,18.17624521,3.537675607,2.868454662,2.056194125,Vaccini
Vaccini ultimi 26 giorni,0,1455,175959,278330,344550,468761,296642,61173,83404,66180,1776454,0,0.081904738,9.905069312,15.66772908,19.39537978,26.38745501,16.69854666,3.4435454,4.694970993,3.725399025,Vaccini
Vaccini cumulativi,0,1626,192565,306241,380896,514149,319975,63471,86888,68822,1934633,0,0.084046948,9.953567421,15.82941054,19.68828196,26.57604827,16.53931262,3.280777284,4.491187734,3.557367211,Vaccini
