Categoria,0-9 anni,10-19 anni,20-29 anni,30-39 anni,40-49 anni,50-59 anni,60-69 anni,70-79 anni,80-89 anni,oltre 90 anni,Tutte le età,0-9 anni,10-19 anni,20-29 anni,30-39 anni,40-49 anni,50-59 anni,60-69 anni,70-79 anni,80-89 anni,oltre 90 anni,Labels
Casi in aggiornamento,0,0,0,0,0,0,0,0,0,0,0,#DIV/0!,#DIV/0!,#DIV/0!,#DIV/0!,#DIV/0!,#DIV/0!,#DIV/0!,#DIV/0!,#DIV/0!,#DIV/0!,Casi
Casi ultimi 22 giorni,15810,23909,24513,28301,38120,41620,28049,20789,16292,5370,242773,6.5,9.848294497,10.09708658,11.65739188,15.70191084,17.14358681,11.55359121,8.563143348,6.710795682,2.211942844,Casi
Casi cumulativi,105364,215015,300074,311266,403442,452769,285766,213939,182570,68874,2539079,4.1,8.468228046,11.81822228,12.25901203,15.88930474,17.83201704,11.25471086,8.425850476,7.190402504,2.712558373,Casi
Decessi in aggiornamento,0,0,0,0,0,0,0,0,0,0,0,#DIV/0!,#DIV/0!,#DIV/0!,#DIV/0!,#DIV/0!,#DIV/0!,#DIV/0!,#DIV/0!,#DIV/0!,#DIV/0!,Decessi
Decessi ultimi 22 giorni,0,0,4,17,72,254,850,2206,4244,2293,9940,0,0,0.040241449,0.171026157,0.724346076,2.555331992,8.551307847,22.19315895,42.69617706,23.06841046,Decessi
Decessi cumulativi,5,5,45,174,728,2865,8342,21481,36793,18086,88524,0,0.005648186,0.050833672,0.196556866,0.822375853,3.236410465,9.423433193,24.26573585,41.56274005,20.43061769,Decessi
Vaccini 24 ore,0,90,6751,8811,11029,14242,9042,2760,3569,2745,59039,#DIV/0!,0.152441606,11.43481428,14.92403327,18.68087197,24.12303731,15.31530006,4.674875929,6.045156591,4.649468995,Vaccini
Vaccini ultimi 23 giorni,0,502,155407,241089,295712,404481,261865,61899,86159,69676,1576790,0,0.031836833,9.855909791,15.28986105,18.75405095,25.65217943,16.60747468,3.925633724,5.464202589,4.418850957,Vaccini
Vaccini cumulativi,0,2194,242103,372036,464535,626298,388097,82484,111211,88562,2377520,0,0.092281032,10.18300582,15.64807026,19.5386369,26.34249134,16.32360611,3.469329385,4.677605236,3.724973922,Vaccini
