Categoria,0-9 anni,10-19 anni,20-29 anni,30-39 anni,40-49 anni,50-59 anni,60-69 anni,70-79 anni,80-89 anni,oltre 90 anni,Tutte le età,0-9 anni,10-19 anni,20-29 anni,30-39 anni,40-49 anni,50-59 anni,60-69 anni,70-79 anni,80-89 anni,oltre 90 anni,Labels
Casi 20/7/2021,133,787,891,464,321,323,135,78,54,7,3193,4.165361729,24.64766677,27.90479173,14.53178829,10.05324147,10.11587848,4.227998747,2.442843721,1.691199499,0.219229565,Casi
Casi ultimi 24 giorni,2753,9629,11670,7214,6896,6591,3597,1958,890,203,51401,5.355926927,18.73309858,22.70383845,14.03474641,13.4160814,12.82270773,6.997918328,3.809264411,1.731483823,0.394933951,Casi
Casi cumulativi,235803,418970,514461,536415,687629,742081,470674,341788,254893,87918,4290632,5.495763794,9.764761928,11.99033149,12.50200437,16.02628704,17.29537746,10.96980585,7.965912714,5.940686593,2.049068762,Casi
Decessi 20/7/2021,0,0,0,0,0,2,0,4,3,6,15,0,0,0,0,0,13.33333333,0,26.66666667,20,40,Decessi
Decessi ultimi 24 giorni,-1,-1,1,5,2,45,60,131,193,92,527,-0.189753321,-0.189753321,0.189753321,0.948766603,0.379506641,8.538899431,11.38519924,24.85768501,36.62239089,17.4573055,Decessi
Decessi cumulativi,12,16,69,258,1123,4527,13101,32062,51263,24601,127032,0.009446439,0.012595252,0.054317022,0.203098432,0.884029221,3.563668997,10.31314944,25.23930978,40.35439889,19.36598652,Decessi
Vaccini 20/7/2021,0,28220,57068,63917,103206,56092,60709,36688,2097,410,408407,0,6.909773829,13.97331583,15.65031941,25.27037979,13.73433854,14.86482847,8.983195685,0.513458388,0.100390052,Vaccini
Vaccini ultimi 24 giorni,0,874611,1661997,1617795,2564541,2768448,1606002,1560802,100347,24287,12778830,0,6.844218133,13.00586204,12.65996183,20.06866826,21.66433077,12.56767638,12.21396638,0.785259683,0.190056523,Vaccini
Vaccini cumulativi,0,1696943,4636426,5576961,9237036,12611408,10721408,9828910,6704814,1534252,62548158,0,2.713018343,7.412570007,8.916267366,14.76787854,20.16271686,17.14104514,15.71414781,10.71944277,2.452913162,Vaccini
