Categoria,0-9 anni,10-19 anni,20-29 anni,30-39 anni,40-49 anni,50-59 anni,60-69 anni,70-79 anni,80-89 anni,oltre 90 anni,Tutte le età,0-9 anni,10-19 anni,20-29 anni,30-39 anni,40-49 anni,50-59 anni,60-69 anni,70-79 anni,80-89 anni,oltre 90 anni,Labels
Casi 13/2/2021,975,1591,1430,1615,2064,2200,1339,969,660,159,13002,7.498846331,12.23657899,10.99830795,12.42116597,15.87448085,16.92047377,10.29841563,7.452699585,5.076142132,1.222888786,Casi
Casi ultimi 31 giorni,25966,39648,43700,48033,62134,66109,43548,31967,24384,8083,393572,6.6,10.07388737,11.10343215,12.20437429,15.78720031,16.79718069,11.06481152,8.122274959,6.195562692,2.053753824,Casi
Casi cumulativi,115520,230754,319261,330998,427456,477258,301265,225117,190662,71587,2689878,4.3,8.57860468,11.86897696,12.30531645,15.89127834,17.74273777,11.19995033,8.369041273,7.08812816,2.661347466,Casi
Decessi 13/2/2021,1,0,-1,0,3,13,24,72,168,67,347,0.3,0,-0.288184438,0,0.864553314,3.746397695,6.916426513,20.74927954,48.41498559,19.30835735,Decessi
Decessi ultimi 31 giorni,0,0,6,20,95,348,1129,2930,5577,2974,13079,0,0,0.045875067,0.15291689,0.726355226,2.66075388,8.632158422,22.40232434,42.64087468,22.73874149,Decessi
Decessi cumulativi,6,10,47,177,751,2959,8621,22205,38126,18767,91669,0,0.010908813,0.051271422,0.193085994,0.819251874,3.227917835,9.404487886,24.22301978,41.59094132,20.47256979,Decessi
Vaccini 13/2/2021,0,112,7193,8909,10290,10787,7052,3085,12820,3548,63796,0,0.175559596,11.27500157,13.96482538,16.1295379,16.90858361,11.05398458,4.835726378,20.09530378,5.561477209,Vaccini
Vaccini ultimi 31 giorni,0,1454,222690,319105,391513,522154,336981,92200,164586,106101,2156784,0,0.067415189,10.32509514,14.79540835,18.1526291,24.20984206,15.62423497,4.274883345,7.631084058,4.919407785,Vaccini
Vaccini cumulativi,0,3146,309386,450052,560336,743971,463213,112785,189638,124987,2957514,0,0.106373123,10.46101557,15.21723988,18.9461825,25.15528244,15.662242,3.813506884,6.412074465,4.226083123,Vaccini
