Categoria,0-9 anni,10-19 anni,20-29 anni,30-39 anni,40-49 anni,50-59 anni,60-69 anni,70-79 anni,80-89 anni,oltre 90 anni,Tutte le età,0-9 anni,10-19 anni,20-29 anni,30-39 anni,40-49 anni,50-59 anni,60-69 anni,70-79 anni,80-89 anni,oltre 90 anni,Labels
Casi 17/9/2021,490,472,440,599,616,466,376,213,135,42,3849,12.73057937,12.26292544,11.43154066,15.56248376,16.00415692,12.10704079,9.768771109,5.53390491,3.507404521,1.091192518,Casi
Casi ultimi 28 giorni,14408,31061,32203,25331,25392,21842,12319,7660,4822,1353,176391,8.168217199,17.60917507,18.25660039,14.36071001,14.39529228,12.38271794,6.983916413,4.342625191,2.733699565,0.767045938,Casi
Casi cumulativi,262398,480891,577292,583860,734544,782480,493282,355634,263795,90435,4624611,5.673947495,10.39851784,12.48303911,12.62506187,15.88336835,16.91990959,10.66645389,7.690030578,5.704155441,1.955515826,Casi
Decessi 17/9/2021,0,1,0,0,0,4,10,11,17,8,51,0,1.960784314,0,0,0,7.843137255,19.60784314,21.56862745,33.33333333,15.68627451,Decessi
Decessi ultimi 28 giorni,0,0,4,12,37,99,211,352,498,245,1458,0,0,0.274348422,0.823045267,2.537722908,6.790123457,14.47187929,24.14266118,34.1563786,16.80384088,Decessi
Decessi cumulativi,14,20,73,278,1185,4712,13473,32710,52148,25054,129667,0.010796887,0.015424125,0.056298056,0.214395336,0.913879399,3.63392382,10.39046172,25.22615623,40.2168632,19.32180123,Decessi
Vaccini 17/9/2021,0,35928,29493,30483,26866,20407,9212,4413,1507,326,158635,0,22.64821761,18.59173575,19.21580988,16.93573297,12.86412204,5.807041321,2.781857724,0.949979513,0.205503199,Vaccini
Vaccini ultimi 28 giorni,0,1715226,1451229,1273933,1098357,749019,344053,160456,52283,10498,6855054,0,25.02133462,21.17020522,18.58385069,16.02258713,10.92652224,5.018968487,2.340696368,0.762692752,0.153142484,Vaccini
Vaccini cumulativi,0,5194632,8780668,9297164,12571974,14834800,12364922,10559643,6847847,1567631,82019281,0,6.333427868,10.70561445,11.33533955,15.32807146,18.08696665,15.07562838,12.87458616,8.349069775,1.911295711,Vaccini
