Categoria,0-9 anni,10-19 anni,20-29 anni,30-39 anni,40-49 anni,50-59 anni,60-69 anni,70-79 anni,80-89 anni,oltre 90 anni,Tutte le età,0-9 anni,10-19 anni,20-29 anni,30-39 anni,40-49 anni,50-59 anni,60-69 anni,70-79 anni,80-89 anni,oltre 90 anni,Labels
Casi 24 ore,-1047,-2338,-6152,-4756,-4448,-4402,-2643,-1832,-1539,-784,-29941,3.496877192,7.808690425,20.54707592,15.88457299,14.85588324,14.70224775,8.827360476,6.11870011,5.140108881,2.618483017,Casi
Casi ultimi 22 giorni,15810,23909,24513,28301,38120,41620,28049,20789,16292,5370,242773,6.5,9.848294497,10.09708658,11.65739188,15.70191084,17.14358681,11.55359121,8.563143348,6.710795682,2.211942844,Casi
Casi cumulativi,105364,215015,300074,311266,403442,452769,285766,213939,182570,68874,2539079,4.1,8.468228046,11.81822228,12.25901203,15.88930474,17.83201704,11.25471086,8.425850476,7.190402504,2.712558373,Casi
Decessi 24 ore,0,0,0,0,2,8,35,83,151,89,368,0,0,0,0,0.543478261,2.173913043,9.510869565,22.55434783,41.0326087,24.18478261,Decessi
Decessi ultimi 22 giorni,0,0,4,17,72,254,850,2206,4244,2293,9940,0,0,0.040241449,0.171026157,0.724346076,2.555331992,8.551307847,22.19315895,42.69617706,23.06841046,Decessi
Decessi cumulativi,5,5,45,174,728,2865,8342,21481,36793,18086,88524,0,0.005648186,0.050833672,0.196556866,0.822375853,3.236410465,9.423433193,24.26573585,41.56274005,20.43061769,Decessi
Vaccini 24 ore,0,95,7542,9971,12507,16343,9331,3059,4865,4216,67929,0,0.139851904,11.10276907,14.67856144,18.41187122,24.0589439,13.73640124,4.503231315,7.16188962,6.206480296,Vaccini
Vaccini ultimi 22 giorni,0,306,138823,220144,268890,369175,240551,55320,77344,62699,1433252,0,0.021350049,9.685875198,15.3597553,18.76083201,25.75785696,16.78358028,3.859753902,5.396399238,4.37459707,Vaccini
Vaccini cumulativi,0,1998,225519,351091,437713,590992,366783,75905,102396,81585,2233982,0,0.08943671,10.09493362,15.71592788,19.59339869,26.45464467,16.41835073,3.397744476,4.583564236,3.651998987,Vaccini
