Categoria,0-9 anni,10-19 anni,20-29 anni,30-39 anni,40-49 anni,50-59 anni,60-69 anni,70-79 anni,80-89 anni,oltre 90 anni,Tutte le età,0-9 anni,10-19 anni,20-29 anni,30-39 anni,40-49 anni,50-59 anni,60-69 anni,70-79 anni,80-89 anni,oltre 90 anni,Labels
Casi 5/3/2021,1755,2808,2989,3246,4202,4258,2832,1853,1086,249,25278,6.942796107,11.10847377,11.82451143,12.84120579,16.62315057,16.84468708,11.20341799,7.330485007,4.296225967,0.985046285,Casi
Casi ultimi 27 giorni,28593,45995,45631,50216,65052,65611,41954,29788,19061,4904,396805,7.205806378,11.59133579,11.49960308,12.65508247,16.39394665,16.53482189,10.57295145,7.506961858,4.803618906,1.235871524,Casi
Casi cumulativi,137127,266319,354953,369846,477520,527586,333530,247812,204714,75029,2994436,4.579393248,8.893795025,11.85375142,12.35110719,15.94690953,17.61887714,11.13832455,8.275748755,6.83647939,2.505613745,Casi
Decessi 5/3/2021,0,0,0,1,2,14,42,91,186,109,445,0,0,0,0.224719101,0.449438202,3.146067416,9.438202247,20.4494382,41.79775281,24.49438202,Decessi
Decessi ultimi 27 giorni,1,2,6,9,83,279,833,2058,3531,1723,8525,0.011730205,0.023460411,0.070381232,0.105571848,0.973607038,3.272727273,9.771260997,24.14076246,41.41935484,20.2111437,Decessi
Decessi cumulativi,6,11,51,184,813,3158,9227,23668,40586,19944,97648,0.006144519,0.011264952,0.052228412,0.188431919,0.832582337,3.234065214,9.449246272,24.23807963,41.56357529,20.42438145,Decessi
Vaccini 5/3/2021,0,55,3381,4587,6474,8693,4935,2259,17690,4591,52665,0,0.104433685,6.419823412,8.709769296,12.29279408,16.50621855,9.370549701,4.289376246,33.58967056,8.717364474,Vaccini
Vaccini ultimi 27 giorni,0,2459,175572,238043,336766,402788,214921,74144,801022,211725,2457440,0,0.100063481,7.144508106,9.686625106,13.7039358,16.39055277,8.745727261,3.017123511,32.59579074,8.615673221,Vaccini
Vaccini cumulativi,0,4989,437926,635462,833153,1070211,629184,166246,929804,312894,5019869,0,0.099385064,8.723853152,12.65893592,16.59710642,21.31950057,12.5338729,3.311759729,18.52247539,6.233110864,Vaccini
