Categoria,0-9 anni,10-19 anni,20-29 anni,30-39 anni,40-49 anni,50-59 anni,60-69 anni,70-79 anni,80-89 anni,oltre 90 anni,Tutte le età,0-9 anni,10-19 anni,20-29 anni,30-39 anni,40-49 anni,50-59 anni,60-69 anni,70-79 anni,80-89 anni,oltre 90 anni,Labels
Casi 15/2/2021,880,1474,1347,1500,1898,1929,1210,902,570,150,11860,7.41989882,12.42833052,11.35750422,12.64755481,16.00337268,16.26475548,10.20236088,7.60539629,4.806070826,1.264755481,Casi
Casi ultimi 17 giorni,15314,22542,22235,25495,33092,33951,22216,15870,11389,3310,205414,7.455188059,10.97393556,10.82448129,12.41152015,16.10990488,16.52808475,10.81523168,7.725860944,5.544412747,1.611379945,Casi
Casi cumulativi,117210,233448,321791,333849,431077,480983,303607,226820,191782,71885,2712452,4.321182458,8.60653018,11.86347261,12.30801504,15.89252086,17.73240596,11.19308286,8.362175626,7.070429265,2.650185146,Casi
Decessi 15/2/2021,0,0,0,1,2,14,39,79,127,66,328,0,0,0,0.304878049,0.609756098,4.268292683,11.8902439,24.08536585,38.7195122,20.12195122,Decessi
Decessi ultimi 17 giorni,1,1,2,7,41,178,544,1358,2514,1353,5999,0.016669445,0.016669445,0.03333889,0.116686114,0.683447241,2.967161194,9.06817803,22.63710618,41.9069845,22.55375896,Decessi
Decessi cumulativi,6,10,47,178,754,2977,8673,22309,38311,18855,92120,0.006513244,0.010855406,0.051020408,0.193226227,0.818497612,3.231654364,9.414893617,24.21732523,41.5881459,20.467868,Decessi
Vaccini 14/2/2021,0,35,2588,4083,4807,4286,2453,1133,5116,862,25363,0,0.137996294,10.20384024,16.09825336,18.95280527,16.89863187,9.671568821,4.467137168,20.1711154,3.398651579,Vaccini
Vaccini ultimi 17 giorni,0,1708,139534,179335,223046,286576,180780,55927,112315,59996,1239217,0,0.137828968,11.25985199,14.47163814,17.99894611,23.12557042,14.58824403,4.513091735,9.063384379,4.841444235,Vaccini
Vaccini cumulativi,0,3200,312745,455226,566537,749500,466297,114250,195633,126360,2989748,0,0.107032432,10.46058062,15.22623311,18.94932282,25.06900247,15.59653188,3.821392305,6.543461188,4.226443165,Vaccini
