Categoria,0-9 anni,10-19 anni,20-29 anni,30-39 anni,40-49 anni,50-59 anni,60-69 anni,70-79 anni,80-89 anni,oltre 90 anni,Tutte le età,0-9 anni,10-19 anni,20-29 anni,30-39 anni,40-49 anni,50-59 anni,60-69 anni,70-79 anni,80-89 anni,oltre 90 anni,Labels
Casi 7/9/2021,606,949,910,986,1028,897,522,340,219,72,6529,9.281666411,14.53515087,13.9378159,15.10185327,15.74513708,13.73870424,7.99509879,5.20753561,3.354265584,1.102772247,Casi
Casi ultimi 28 giorni,14408,31061,32203,25331,25392,21842,12319,7660,4822,1353,176391,8.168217199,17.60917507,18.25660039,14.36071001,14.39529228,12.38271794,6.983916413,4.342625191,2.733699565,0.767045938,Casi
Casi cumulativi,257047,474031,570822,576231,726546,775749,488967,352865,261906,89827,4573991,5.619753078,10.36361899,12.47973597,12.59799156,15.88429011,16.96000276,10.69016096,7.714597602,5.725984157,1.963864817,Casi
Decessi 7/9/2021,0,0,0,2,1,6,11,19,17,14,70,0,0,0,2.857142857,1.428571429,8.571428571,15.71428571,27.14285714,24.28571429,20,Decessi
Decessi ultimi 28 giorni,0,0,4,12,37,99,211,352,498,245,1458,0,0,0.274348422,0.823045267,2.537722908,6.790123457,14.47187929,24.14266118,34.1563786,16.80384088,Decessi
Decessi cumulativi,14,17,73,276,1172,4657,13376,32547,51941,24934,129007,0.010852124,0.01317758,0.056586077,0.213941879,0.908477835,3.609881634,10.36842962,25.22886355,40.26215632,19.32763338,Decessi
Vaccini 7/9/2021,0,46577,34015,29009,24941,16777,8331,4173,1328,238,165389,0,28.16209059,20.56666405,17.53986057,15.08020485,10.14396363,5.037215292,2.52314241,0.802955457,0.143903162,Vaccini
Vaccini ultimi 28 giorni,0,1604437,1505129,1282184,1101298,760003,396496,165478,48130,9755,6872910,0,23.34436214,21.89944289,18.6556204,16.02375122,11.05795071,5.768968312,2.407684663,0.700285614,0.141934057,Vaccini
Vaccini cumulativi,0,4577080,8300226,8854993,12189548,14566848,12246452,10500115,6825357,1562691,79623310,0,5.748417141,10.42436693,11.12110637,15.30901943,18.2947029,15.38048594,13.18723751,8.572058861,1.962604921,Vaccini
