Categoria,0-9 anni,10-19 anni,20-29 anni,30-39 anni,40-49 anni,50-59 anni,60-69 anni,70-79 anni,80-89 anni,oltre 90 anni,Tutte le età,0-9 anni,10-19 anni,20-29 anni,30-39 anni,40-49 anni,50-59 anni,60-69 anni,70-79 anni,80-89 anni,oltre 90 anni,Labels
Casi 13/5-15/5/2021,1689,2175,2040,2212,2762,2477,1601,878,385,113,16332,10.34166054,13.31741367,12.49081558,13.54396277,16.91158462,15.16654421,9.802841048,5.375949057,2.357335293,0.691893216,Casi
Casi ultimi 28 giorni,31482,39197,35763,41386,50617,48430,32389,20960,9350,2625,312199,10.08395286,12.5551331,11.45519364,13.25628846,16.21305642,15.51254168,10.37447269,6.713666604,2.994884673,0.840809868,Casi
Casi cumulativi,222445,392877,487333,513540,661516,718160,457480,334299,251490,86893,4126033,5.391255959,9.521906393,11.81117553,12.44633768,16.03273653,17.40558061,11.08764763,8.102189197,6.095200887,2.105969584,Casi
Decessi 13/5-15/5/2021,0,0,2,-1,4,13,36,105,89,29,277,0,0,0.722021661,-0.36101083,1.444043321,4.693140794,12.99638989,37.90613718,32.1299639,10.46931408,Decessi
Decessi ultimi 28 giorni,1,4,9,20,87,399,1161,2463,2643,1145,7932,0.012607161,0.050428643,0.113464448,0.252143217,1.096822995,5.030257186,14.63691377,31.05143722,33.32072617,14.43519919,Decessi
Decessi cumulativi,11,16,65,230,1060,4212,12295,30626,49789,23919,122223,0.008999943,0.013090826,0.05318148,0.188180621,0.867267208,3.446159888,10.05948144,25.05747691,40.73619532,19.56996637,Decessi
Vaccini 15/5/2021,0,2227,13026,17121,33268,95283,115028,71963,16153,4044,368113,0,0.604977276,3.538587336,4.651017486,9.037442307,25.88417144,31.24801352,19.54916018,4.388054755,1.098575709,Vaccini
Vaccini ultimi 28 giorni,0,46884,305314,389657,677466,1599877,3452895,3454366,1476418,296346,11699223,0,0.400744562,2.609694678,3.330622897,5.790692254,13.67507056,29.5138831,29.52645659,12.61979535,2.533040015,Vaccini
Vaccini cumulativi,0,70555,1067322,1474485,2173477,3595317,5138997,5824749,6157773,1364504,26867179,0,0.262606655,3.972586776,5.488052914,8.089710498,13.38181802,19.12741565,21.67979377,22.91931356,5.078702159,Vaccini
