Categoria,0-9 anni,10-19 anni,20-29 anni,30-39 anni,40-49 anni,50-59 anni,60-69 anni,70-79 anni,80-89 anni,oltre 90 anni,Tutte le età,0-9 anni,10-19 anni,20-29 anni,30-39 anni,40-49 anni,50-59 anni,60-69 anni,70-79 anni,80-89 anni,oltre 90 anni,Labels
Casi 13/5/2021,508,682,565,646,826,753,412,259,86,31,4768,10.65436242,14.30369128,11.84983221,13.54865772,17.3238255,15.79278523,8.640939597,5.43204698,1.803691275,0.650167785,Casi
Casi ultimi 26 giorni,29793,37022,33723,39174,47855,45953,30788,20082,8965,2512,295867,10.06972728,12.51305485,11.39802682,13.2404087,16.17449732,15.53164091,10.40602703,6.787509252,3.030077704,0.849030139,Casi
Casi cumulativi,220756,390702,485293,511328,658754,715683,455879,333421,251105,86780,4109701,5.371582994,9.506823002,11.80847463,12.44197571,16.02924398,17.41447857,11.09275346,8.113023308,6.110055208,2.11158914,Casi
Decessi 13/5/2021,0,0,0,2,3,12,26,50,49,36,178,0,0,0,1.123595506,1.685393258,6.741573034,14.60674157,28.08988764,27.52808989,20.2247191,Decessi
Decessi ultimi 26 giorni,1,4,7,21,83,386,1125,2358,2554,1116,7655,0.013063357,0.052253429,0.091443501,0.274330503,1.084258654,5.042455911,14.69627694,30.80339647,33.3638145,14.57870673,Decessi
Decessi cumulativi,11,16,63,231,1056,4199,12259,30521,49700,23890,121946,0.009020386,0.013120562,0.051662211,0.189428108,0.865957063,3.443327374,10.05281026,25.02829121,40.75574435,19.59063848,Decessi
Vaccini 13/5/2021,0,1544,10858,13713,25134,78090,106594,74896,19067,4598,334494,0,0.461592734,3.24609709,4.099625105,7.514036126,23.34571024,31.86723828,22.39083511,5.700251723,1.374613595,Vaccini
Vaccini ultimi 26 giorni,0,40386,265865,339636,584130,1325660,3115467,3244896,1420630,279041,10615711,0,0.380436129,2.50444836,3.199371196,5.502504731,12.4877175,29.34769984,30.56692105,13.38233492,2.628566283,Vaccini
Vaccini cumulativi,0,64070,1027906,1424489,2080179,3321109,4801573,5615188,6101919,1347165,25783598,0,0.248491308,3.986666252,5.524787503,8.067838321,12.88070424,18.62258712,21.77813973,23.66589411,5.224891421,Vaccini
