Categoria,0-9 anni,10-19 anni,20-29 anni,30-39 anni,40-49 anni,50-59 anni,60-69 anni,70-79 anni,80-89 anni,oltre 90 anni,Tutte le età,0-9 anni,10-19 anni,20-29 anni,30-39 anni,40-49 anni,50-59 anni,60-69 anni,70-79 anni,80-89 anni,oltre 90 anni,Labels
Casi 18/5/2021,464,651,554,599,752,689,440,249,85,24,4507,10.29509652,14.44419791,12.29199024,13.2904371,16.68515642,15.28733082,9.762591524,5.524739294,1.885955181,0.532504992,Casi
Casi ultimi 24 giorni,24547,30186,26355,31214,38116,35203,23377,14634,6163,1876,231671,10.59562915,13.02968434,11.3760462,13.47341704,16.45264189,15.19525534,10.09060262,6.316716378,2.66023801,0.809769026,Casi
Casi cumulativi,224166,395294,489312,515756,664266,720705,459074,335220,251845,87008,4142646,5.411179232,9.542065627,11.81158129,12.44991728,16.03482412,17.39721424,11.08166133,8.091929651,6.079327077,2.100300146,Casi
Decessi 18/5/2021,0,0,0,2,1,11,27,55,70,40,206,0,0,0,0.970873786,0.485436893,5.339805825,13.10679612,26.69902913,33.98058252,19.41747573,Decessi
Decessi ultimi 24 giorni,0,3,7,19,59,272,848,1701,1751,786,5446,0,0.055086302,0.128534704,0.348879912,1.083363937,4.99449137,15.57106133,31.23393316,32.15203819,14.43261109,Decessi
Decessi cumulativi,6,16,65,232,1066,4234,12382,30792,49963,24010,122766,0.004887347,0.013032924,0.052946255,0.188977404,0.86831859,3.448837626,10.08585439,25.08186306,40.69775019,19.55753222,Decessi
Vaccini 18/5/2021,0,2727,19348,22619,48023,119566,122624,82733,14834,4893,437367,0,0.623503831,4.423744818,5.171629318,10.98002364,27.33768208,28.03686606,18.91615051,3.391659636,1.118740097,Vaccini
Vaccini ultimi 24 giorni,0,49126,320613,404553,734954,1854561,3392538,2772034,1027892,214632,10770903,0,0.456099178,2.976658503,3.755980348,6.823513312,17.21824995,31.49724772,25.73631942,9.54322957,1.992702005,Vaccini
Vaccini cumulativi,0,79205,1123459,1544640,2326062,4013568,5592356,6105883,6214408,1383403,28382984,0,0.279058044,3.958213132,5.442133921,8.195269391,14.14075419,19.70319964,21.51247734,21.89483671,4.87405764,Vaccini
