Categoria,0-9 anni,10-19 anni,20-29 anni,30-39 anni,40-49 anni,50-59 anni,60-69 anni,70-79 anni,80-89 anni,oltre 90 anni,Tutte le età,0-9 anni,10-19 anni,20-29 anni,30-39 anni,40-49 anni,50-59 anni,60-69 anni,70-79 anni,80-89 anni,oltre 90 anni,Labels
Casi 24/4/2021,1136,1430,1476,1564,1944,1938,1301,830,414,114,12147,9.3521034,11.7724541,12.15114843,12.87560715,16.00395159,15.95455668,10.71046349,6.832962871,3.40824895,0.938503334,Casi
Casi ultimi 28 giorni,32293,49564,54033,56867,72793,78064,51833,36928,19804,5100,457279,7.061990601,10.83889704,11.81619974,12.43595267,15.91872795,17.07141592,11.33509302,8.075594987,4.330835223,1.115292852,Casi
Casi cumulativi,199619,365108,462957,484542,626150,685502,435697,320586,245682,85132,3910975,5.104072514,9.335472612,11.8373807,12.38928912,16.01007421,17.52764975,11.14036781,8.197086404,6.281860661,2.176746208,Casi
Decessi 24/4/2021,0,1,0,0,1,5,25,60,81,38,211,0,0.473933649,0,0,0.473933649,2.369668246,11.84834123,28.43601896,38.38862559,18.00947867,Decessi
Decessi ultimi 28 giorni,0,-1,5,10,115,506,1468,3311,4261,1783,11458,0,-0.008727527,0.043637633,0.087275266,1.003665561,4.416128469,12.81200908,28.89684064,37.18799092,15.56117996,Decessi
Decessi cumulativi,6,13,58,213,1007,3962,11534,29091,48212,23224,117320,0.005114218,0.011080805,0.049437436,0.181554722,0.858336175,3.377088305,9.831230822,24.79628367,41.09444255,19.7954313,Decessi
Vaccini 24/4/2021,0,718,4469,6215,10871,19179,62393,98552,54016,8086,264499,0,0.271456603,1.689609413,2.34972533,4.110034442,7.251067112,23.5891251,37.25987622,20.42200538,3.057100405,Vaccini
Vaccini ultimi 28 giorni,0,18225,165523,218094,345718,547232,1148365,2713228,2405866,438252,8000503,0,0.227798177,2.068907417,2.726003603,4.321203304,6.839969937,14.35366001,33.91321771,30.07143426,5.477805583,Vaccini
Vaccini cumulativi,0,28868,797013,1131486,1575978,2139667,2155859,3260903,5135228,1150402,17375404,0,0.166142899,4.587018523,6.511998225,9.070166081,12.31434389,12.40753309,18.76735068,29.55458187,6.620864758,Vaccini
