Categoria,0-9 anni,10-19 anni,20-29 anni,30-39 anni,40-49 anni,50-59 anni,60-69 anni,70-79 anni,80-89 anni,oltre 90 anni,Tutte le età,0-9 anni,10-19 anni,20-29 anni,30-39 anni,40-49 anni,50-59 anni,60-69 anni,70-79 anni,80-89 anni,oltre 90 anni,Labels
Casi 17/4/2021,694,995,1073,1132,1344,1396,918,696,313,89,8650,8.023121387,11.50289017,12.40462428,13.0867052,15.53757225,16.13872832,10.61271676,8.046242775,3.61849711,1.028901734,Casi
Casi ultimi 28 giorni,32307,52629,58717,61865,80392,86252,56496,40621,22706,5886,497871,6.489030291,10.57081051,11.79361722,12.42590952,16.14715458,17.3241663,11.34751773,8.15894077,4.560619116,1.182233952,Casi
Casi cumulativi,190963,353680,451570,472154,610899,669730,425091,313339,242140,84268,3813834,5.007113577,9.273607609,11.84031607,12.38003542,16.01797561,17.56054406,11.14602786,8.215853128,6.348991592,2.209535077,Casi
Decessi 17/4/2021,0,0,1,0,4,7,17,56,76,28,189,0,0,0.529100529,0,2.116402116,3.703703704,8.994708995,29.62962963,40.21164021,14.81481481,Decessi
Decessi ultimi 28 giorni,0,-2,5,16,108,447,1411,3142,4451,1841,11419,0,-0.017514669,0.043786671,0.140117348,0.945792101,3.914528418,12.35659865,27.51554427,38.97889482,16.12225239,Decessi
Decessi cumulativi,6,12,56,210,973,3813,11134,28163,47146,22774,114287,0.005249941,0.010499882,0.048999449,0.183747933,0.851365422,3.336337466,9.742140401,24.64234777,41.25228591,19.92702582,Decessi
Vaccini 17/4/2021,0,680,4294,5839,9813,17207,46757,100126,52688,9659,247063,0,0.275233442,1.738018238,2.36336481,3.971861428,6.96462036,18.92513246,40.52650539,21.32573473,3.909529148,Vaccini
Vaccini ultimi 28 giorni,0,14230,183204,245872,364861,535591,777368,1988741,2525390,471239,7106496,0,0.20023933,2.577979359,3.459820423,5.134189902,7.536639717,10.93883681,27.98483247,35.53635997,6.631102023,Vaccini
Vaccini cumulativi,0,22396,755335,1075475,1479952,1971594,1643779,2290450,4623413,1047576,14909970,0,0.150208216,5.065972634,7.213126519,9.925922051,13.22332641,11.0246969,15.3618686,31.00886856,7.026010113,Vaccini
