Categoria,0-9 anni,10-19 anni,20-29 anni,30-39 anni,40-49 anni,50-59 anni,60-69 anni,70-79 anni,80-89 anni,oltre 90 anni,Tutte le età,0-9 anni,10-19 anni,20-29 anni,30-39 anni,40-49 anni,50-59 anni,60-69 anni,70-79 anni,80-89 anni,oltre 90 anni,Labels
Casi 23/4/2021,1580,1933,1998,2202,2722,2778,1942,1227,637,146,17165,9.204777163,11.2612875,11.63996505,12.82842994,15.85785028,16.18409554,11.31371978,7.148266822,3.711039907,0.850568016,Casi
Casi ultimi 27 giorni,31157,48134,52557,55303,70849,76126,50532,36098,19390,4986,445132,6.999496778,10.81342164,11.80705948,12.42395514,15.91640233,17.10189337,11.35213824,8.109504596,4.356011251,1.120117179,Casi
Casi cumulativi,198483,363678,461481,482978,624206,683564,434396,319756,245268,85018,3898828,5.090837554,9.327880071,11.83640314,12.38777397,16.01009329,17.53255081,11.1417072,8.201336402,6.290813547,2.180604017,Casi
Decessi 23/4/2021,0,0,2,1,5,25,52,106,132,66,389,0,0,0.514138817,0.257069409,1.285347044,6.426735219,13.36760925,27.24935733,33.93316195,16.96658098,Decessi
Decessi ultimi 27 giorni,0,-2,5,10,114,501,1443,3251,4180,1745,11247,0,-0.01778252,0.044456299,0.088912599,1.013603628,4.454521206,12.83008802,28.90548591,37.16546635,15.51524851,Decessi
Decessi cumulativi,6,12,58,213,1006,3957,11509,29031,48131,23186,117109,0.005123432,0.010246864,0.049526509,0.181881837,0.859028768,3.378903415,9.827596513,24.78972581,41.09931773,19.79864912,Decessi
Vaccini 23/4/2021,0,1080,6710,9300,16181,27576,85137,141838,75054,13545,376421,0,0.286912792,1.782578549,2.470637929,4.298644337,7.32583995,22.61749477,37.680682,19.93884507,3.598364597,Vaccini
Vaccini ultimi 27 giorni,0,17457,160799,211522,334231,526928,1083175,2611173,2348260,428957,7722502,0,0.226053681,2.08221377,2.739034577,4.328014418,6.823280849,14.02621845,33.81252604,30.40802061,5.554637603,Vaccini
Vaccini cumulativi,0,28100,792276,1124892,1564442,2117917,2090641,3158813,5077399,1141050,17095530,0,0.164370452,4.634404432,6.580035834,9.151175775,12.38871799,12.22916751,18.47742071,29.70015554,6.674551769,Vaccini
