Categoria,0-9 anni,10-19 anni,20-29 anni,30-39 anni,40-49 anni,50-59 anni,60-69 anni,70-79 anni,80-89 anni,oltre 90 anni,Tutte le età,0-9 anni,10-19 anni,20-29 anni,30-39 anni,40-49 anni,50-59 anni,60-69 anni,70-79 anni,80-89 anni,oltre 90 anni,Labels
Casi 7/4/2021,1629,2818,3279,3425,4712,5221,3549,2637,1520,360,29150,5.588336192,9.667238422,11.24871355,11.74957118,16.16466552,17.91080617,12.17495712,9.046312178,5.214408233,1.234991424,Casi
Casi ultimi 25 giorni,31742,52713,58853,62331,82339,88165,56684,40724,23602,5940,503093,6.309370236,10.47778443,11.69823472,12.38955819,16.36655648,17.52459287,11.26710171,8.094726025,4.691379129,1.180696213,Casi
Casi cumulativi,180420,337637,434141,453654,587907,644942,408540,301394,236119,82700,3667454,4.919489106,9.206304973,11.83766722,12.3697257,16.03038511,17.58555118,11.13960802,8.21807172,6.438226628,2.254970342,Casi
Decessi 7/4/2021,0,-3,-1,0,13,57,188,367,561,218,1400,0,-0.214285714,-0.071428571,0,0.928571429,4.071428571,13.42857143,26.21428571,40.07142857,15.57142857,Decessi
Decessi ultimi 25 giorni,0,-2,1,18,98,386,1216,2706,3989,1691,10103,0,-0.0197961,0.00989805,0.178164902,0.970008908,3.820647332,12.0360289,26.78412353,39.48332179,16.73760269,Decessi
Decessi cumulativi,6,12,53,207,944,3644,10679,27064,45763,22181,110553,0.005427261,0.010854522,0.047940807,0.187240509,0.853889085,3.296156595,9.659620273,24.48056588,41.3946252,20.06367986,Decessi
Vaccini 7/4/2021,0,206,3224,4207,6034,8661,10677,42866,57360,9505,142740,0,0.144318341,2.258652095,2.9473168,4.227266358,6.067675494,7.480033628,30.03082528,40.18495166,6.658960347,Vaccini
Vaccini ultimi 25 giorni,0,8145,160140,217539,305328,415502,421921,910313,2132758,426672,4998318,0,0.162954818,3.203877784,4.352244095,6.108614938,8.312836438,8.44125964,18.21238665,42.66951402,8.536311615,Vaccini
Vaccini cumulativi,0,14795,691856,992476,1346090,1755163,1213505,1133131,3669657,881269,11697942,0,0.126475238,5.914339462,8.484193203,11.5070668,15.00403233,10.37366231,9.686584187,31.37010767,7.533538805,Vaccini
