Categoria,0-9 anni,10-19 anni,20-29 anni,30-39 anni,40-49 anni,50-59 anni,60-69 anni,70-79 anni,80-89 anni,oltre 90 anni,Tutte le età,0-9 anni,10-19 anni,20-29 anni,30-39 anni,40-49 anni,50-59 anni,60-69 anni,70-79 anni,80-89 anni,oltre 90 anni,Labels
Casi 26/9/2021,325,344,217,346,349,280,195,148,114,28,2346,13.85336743,14.66325661,9.249786871,14.7485081,14.87638534,11.93520887,8.31202046,6.308610401,4.859335038,1.193520887,Casi
Casi ultimi 28 giorni,14408,31061,32203,25331,25392,21842,12319,7660,4822,1353,176391,8.168217199,17.60917507,18.25660039,14.36071001,14.39529228,12.38271794,6.983916413,4.342625191,2.733699565,0.767045938,Casi
Casi cumulativi,266705,485423,581148,588871,739926,786922,496259,357745,265249,90820,4659068,5.724428147,10.41888635,12.47348182,12.63924459,15.88141663,16.89011622,10.65146506,7.678467024,5.693177262,1.949316902,Casi
Decessi 26/9/2021,0,0,0,0,0,1,4,7,12,4,28,0,0,0,0,0,3.571428571,14.28571429,25,42.85714286,14.28571429,Decessi
Decessi ultimi 28 giorni,0,0,4,12,37,99,211,352,498,245,1458,0,0,0.274348422,0.823045267,2.537722908,6.790123457,14.47187929,24.14266118,34.1563786,16.80384088,Decessi
Decessi cumulativi,15,19,76,287,1196,4732,13536,32808,52291,25149,130109,0.011528795,0.01460314,0.058412562,0.220584279,0.919229262,3.636950557,10.40358469,25.21578061,40.19014826,19.32917784,Decessi
Vaccini 26/9/2021,0,22465,15576,18734,17845,13620,4676,1646,552,99,95213,0,23.59446714,16.35911063,19.6758846,18.74218857,14.30476931,4.911094073,1.728755527,0.579752765,0.103977398,Vaccini
Vaccini ultimi 28 giorni,0,1652388,1327482,1239260,1085524,768113,332056,154801,53171,10664,6623459,0,24.94750855,20.04212603,18.71016338,16.38908009,11.59685596,5.013332158,2.337162501,0.802767859,0.161003488,Vaccini
Vaccini cumulativi,0,5616514,9124565,9663322,12910200,15095645,12469214,10605226,6865560,1571221,83921467,0,6.692583198,10.87274249,11.51472007,15.38366816,17.98782307,14.85819355,12.63708367,8.180934206,1.87225159,Vaccini
