Categoria,0-9 anni,10-19 anni,20-29 anni,30-39 anni,40-49 anni,50-59 anni,60-69 anni,70-79 anni,80-89 anni,oltre 90 anni,Tutte le età,0-9 anni,10-19 anni,20-29 anni,30-39 anni,40-49 anni,50-59 anni,60-69 anni,70-79 anni,80-89 anni,oltre 90 anni,Labels
Casi 10/5/2021,1110,1259,1146,1367,1530,1468,928,573,254,66,9701,11.44211937,12.9780435,11.81321513,14.09133079,15.77156994,15.13246057,9.566024121,5.906607566,2.618286775,0.680342233,Casi
Casi ultimi 23 giorni,27082,33588,30951,35879,43703,42330,28301,18627,8389,2297,271147,9.987940121,12.38737659,11.4148414,13.23230572,16.11782539,15.61145799,10.43751176,6.869705363,3.093893718,0.847141956,Casi
Casi cumulativi,218045,387268,482521,508033,654602,712060,453392,331966,250529,86565,4084981,5.337723725,9.480288892,11.81207452,12.43660619,16.0246033,17.43117043,11.09899899,8.126500466,6.132929382,2.119104104,Casi
Decessi 10/5/2021,0,0,0,2,3,16,30,64,70,16,201,0,0,0,0.995024876,1.492537313,7.960199005,14.92537313,31.84079602,34.82587065,7.960199005,Decessi
Decessi ultimi 23 giorni,1,4,6,19,73,340,1017,2119,2326,1008,6913,0.0144655,0.057861999,0.086792999,0.274844496,1.055981484,4.918269926,14.71141328,30.65239404,33.6467525,14.58122378,Decessi
Decessi cumulativi,11,16,62,229,1046,4153,12151,30282,49472,23782,121204,0.009075608,0.013200884,0.051153427,0.188937659,0.863007822,3.426454572,10.02524669,24.98432395,40.81713475,19.62146464,Decessi
Vaccini 10/5/2021,0,1184,9004,12363,21461,52236,104441,73922,17022,3718,295351,0,0.400878954,3.048576101,4.185866985,7.266269625,17.68607521,35.36165444,25.02852538,5.763312127,1.258841175,Vaccini
Vaccini ultimi 23 giorni,0,33438,216273,278252,477071,1023192,2643411,2940581,1330782,253323,9196323,0,0.363601844,2.351733405,3.025687549,5.187627707,11.12609899,28.74421657,31.97561678,14.47080534,2.754611816,Vaccini
Vaccini cumulativi,0,57143,978505,1363552,1973930,3019787,4330348,5311895,6013045,1321710,24369915,0,0.234481737,4.015217123,5.595226738,8.099864115,12.39145479,17.76923719,21.79693692,24.67404995,5.423531432,Vaccini
