Categoria,0-9 anni,10-19 anni,20-29 anni,30-39 anni,40-49 anni,50-59 anni,60-69 anni,70-79 anni,80-89 anni,oltre 90 anni,Tutte le età,0-9 anni,10-19 anni,20-29 anni,30-39 anni,40-49 anni,50-59 anni,60-69 anni,70-79 anni,80-89 anni,oltre 90 anni,Labels
Casi 4/2-6/2/2022,20922,21391,13948,20583,24680,18840,10354,6516,4243,1459,142936,14.6373202,14.96543908,9.758213466,14.40015112,17.26646891,13.18072424,7.243801422,4.558683607,2.968461409,1.020736553,Casi
Casi ultimi 28 giorni,14408,31061,32203,25331,25392,21842,12319,7660,4822,1353,176391,8.168217199,17.60917507,18.25660039,14.36071001,14.39529228,12.38271794,6.983916413,4.342625191,2.733699565,0.767045938,Casi
Casi cumulativi,985746,1451745,1484498,1545635,1851655,1728874,1001285,652443,415287,131817,11248985,8.762977282,12.90556437,13.19672842,13.74021745,16.46064067,15.36915553,8.901114189,5.800016624,3.69177308,1.17181239,Casi
Decessi 4/2-6/2/2022,0,0,1,1,4,12,34,91,150,86,379,0,0,0.263852243,0.263852243,1.055408971,3.166226913,8.970976253,24.01055409,39.57783641,22.69129288,Decessi
Decessi ultimi 28 giorni,0,0,4,12,37,99,211,352,498,245,1458,0,0,0.274348422,0.823045267,2.537722908,6.790123457,14.47187929,24.14266118,34.1563786,16.80384088,Decessi
Decessi cumulativi,17,27,97,352,1400,5423,15222,36723,58540,28387,146188,0.011628861,0.018469368,0.066352915,0.240785837,0.957670944,3.709606808,10.41261937,25.12039292,40.04432648,19.4181465,Decessi
