Categoria,0-9 anni,10-19 anni,20-29 anni,30-39 anni,40-49 anni,50-59 anni,60-69 anni,70-79 anni,80-89 anni,oltre 90 anni,Tutte le età,0-9 anni,10-19 anni,20-29 anni,30-39 anni,40-49 anni,50-59 anni,60-69 anni,70-79 anni,80-89 anni,oltre 90 anni,Labels
Casi 27/2/2021,1026,1763,1963,2095,2627,2807,1785,1222,684,143,16115,6.366739063,10.9401179,12.18119764,13.00031027,16.30158238,17.41855414,11.07663667,7.582997208,4.244492709,0.887372014,Casi
Casi ultimi 29 giorni,27299,42030,41808,46767,60687,61467,39789,28442,19146,5191,372626,7.32611251,11.27940616,11.219829,12.55065401,16.28630316,16.49562832,10.67799885,7.63285439,5.138127774,1.393085829,Casi
Casi cumulativi,129195,252936,341364,355121,458672,508499,321180,239392,199539,73766,2879664,4.48646092,8.783524745,11.85429967,12.33202901,15.92796937,17.65827541,11.15338456,8.313192095,6.929245912,2.5616183,Casi
Decessi 27/2/2021,0,0,0,0,2,8,21,39,84,29,183,0,0,0,0,1.092896175,4.371584699,11.47540984,21.31147541,45.90163934,15.84699454,Decessi
Decessi ultimi 29 giorni,1,2,4,10,85,300,906,2214,3973,2048,9543,0.010478885,0.02095777,0.04191554,0.10478885,0.890705229,3.143665514,9.493869852,23.20025149,41.63261029,21.46075658,Decessi
Decessi cumulativi,6,11,49,181,798,3099,9035,23165,39770,19550,95664,0.006271952,0.011498578,0.05122094,0.18920388,0.834169594,3.239463121,9.444514133,24.2149607,41.57258739,20.43610972,Decessi
Vaccini 27/2/2021,0,45,2423,4016,6856,9299,4498,891,19533,4530,52091,0,0.086387284,4.651475303,7.709585149,13.16158262,17.85145227,8.634888944,1.710468219,37.49784032,8.696319902,Vaccini
Vaccini ultimi 29 giorni,0,2723,206789,273371,362174,430540,239287,83090,541439,165220,2304633,0,0.118153302,8.972751844,11.86180186,15.7150401,18.6814994,10.3828679,3.605346274,23.493502,7.169037326,Vaccini
Vaccini cumulativi,0,4266,389612,565393,726347,921591,541592,144321,628539,234721,4156382,0,0.102637342,9.373825601,13.60300858,17.47546303,22.17291385,13.03037113,3.472274685,15.12226258,5.647243203,Vaccini
