Categoria,0-9 anni,10-19 anni,20-29 anni,30-39 anni,40-49 anni,50-59 anni,60-69 anni,70-79 anni,80-89 anni,oltre 90 anni,Tutte le età,0-9 anni,10-19 anni,20-29 anni,30-39 anni,40-49 anni,50-59 anni,60-69 anni,70-79 anni,80-89 anni,oltre 90 anni,Labels
Casi 2/10/2021,374,390,259,438,473,386,261,172,175,41,2969,12.59683395,13.13573594,8.723475918,14.7524419,15.93129,13.00101044,8.790838666,5.793196362,5.894240485,1.380936342,Casi
Casi ultimi 28 giorni,14408,31061,32203,25331,25392,21842,12319,7660,4822,1353,176391,8.168217199,17.60917507,18.25660039,14.36071001,14.39529228,12.38271794,6.983916413,4.342625191,2.733699565,0.767045938,Casi
Casi cumulativi,269471,488084,583057,591746,743179,789492,498039,358890,266065,91058,4679081,5.759058242,10.43119365,12.46092983,12.64662869,15.88301207,16.87280045,10.6439491,7.670095901,5.686266171,1.946065905,Casi
Decessi 2/10/2021,0,0,0,0,1,0,6,7,11,9,34,0,0,0,0,2.941176471,0,17.64705882,20.58823529,32.35294118,26.47058824,Decessi
Decessi ultimi 28 giorni,0,0,4,12,37,99,211,352,498,245,1458,0,0,0.274348422,0.823045267,2.537722908,6.790123457,14.47187929,24.14266118,34.1563786,16.80384088,Decessi
Decessi cumulativi,15,19,76,286,1202,4753,13567,32858,52398,25189,130363,0.011506332,0.014574688,0.05829875,0.219387403,0.922040763,3.645973167,10.40709404,25.20500449,40.19392005,19.32220032,Decessi
Vaccini 2/10/2021,0,29697,21248,25877,25254,18882,6948,2764,1148,202,132020,0,22.49431904,16.09453113,19.60081806,19.12891986,14.30237843,5.262838964,2.093622178,0.869565217,0.15300712,Vaccini
Vaccini ultimi 28 giorni,0,1429861,1130318,1116381,999963,729089,305896,141489,51049,10483,5914529,0,24.17539926,19.11087087,18.87523081,16.90689149,12.32708471,5.17194184,2.392227682,0.863111839,0.177241501,Vaccini
Vaccini cumulativi,0,5849477,9320360,9876248,13108117,15248287,12534024,10635575,6877873,1574047,85024008,0,6.879794469,10.96203322,11.61583444,15.41695964,17.93409574,14.74174683,12.50890807,8.089330487,1.851297107,Vaccini
