Categoria,0-9 anni,10-19 anni,20-29 anni,30-39 anni,40-49 anni,50-59 anni,60-69 anni,70-79 anni,80-89 anni,oltre 90 anni,Tutte le età,0-9 anni,10-19 anni,20-29 anni,30-39 anni,40-49 anni,50-59 anni,60-69 anni,70-79 anni,80-89 anni,oltre 90 anni,Labels
Casi 1/7/2021,46,109,169,108,119,107,39,27,16,3,743,6.191117093,14.67025572,22.74562584,14.53566622,16.01615074,14.40107672,5.248990579,3.633916555,2.153432032,0.403768506,Casi
Casi ultimi 26 giorni,2802,4772,5671,4907,5543,4749,2391,1463,767,242,33307,8.41264599,14.32731858,17.0264509,14.73263878,16.6421473,14.25826403,7.17867115,4.392470051,2.302819227,0.726573993,Casi
Casi cumulativi,233330,409909,503561,529745,681314,735969,467328,339991,254106,87745,4242998,5.499177704,9.660834155,11.86804707,12.4851579,16.05737264,17.34549486,11.01409899,8.012989872,5.988831482,2.067995318,Casi
Decessi 1/7/2021,0,0,0,0,0,0,2,7,8,5,22,0,0,0,0,0,0,9.090909091,31.81818182,36.36363636,22.72727273,Decessi
Decessi ultimi 28 giorni,3,-1,3,14,39,174,420,679,715,336,2382,0.125944584,-0.041981528,0.125944584,0.587741394,1.637279597,7.304785894,17.63224181,28.5054576,30.01679261,14.10579345,Decessi
Decessi cumulativi,12,17,68,255,1121,4495,13059,31965,51111,24529,126632,0.009476278,0.013424727,0.053698907,0.201370902,0.885242277,3.549655695,10.31255923,25.24243477,40.36183587,19.37030135,Decessi
Vaccini 1/7/2021,0,15486,42680,34000,55001,72366,40633,50100,3485,932,314683,0,4.921142864,13.56285532,10.80452392,17.47822412,22.99647582,12.91235942,15.92078377,1.107463702,0.296171067,Vaccini
Vaccini ultimi 26 giorni,0,541251,1699858,2078448,3007731,3258915,1729715,1440897,180019,48388,13985222,0,3.870163806,12.15467298,14.86174478,21.5064945,23.3025618,12.36816262,10.30299698,1.287208741,0.345993793,Vaccini
Vaccini cumulativi,0,800073,3337822,4283693,7012200,10330220,9372233,8629990,6625877,1514368,51906476,0,1.541374144,6.43045388,8.252713977,13.50929699,19.90160149,18.05599941,16.62603718,12.76502955,2.917493378,Vaccini
