Categoria,0-9 anni,10-19 anni,20-29 anni,30-39 anni,40-49 anni,50-59 anni,60-69 anni,70-79 anni,80-89 anni,oltre 90 anni,Tutte le età,0-9 anni,10-19 anni,20-29 anni,30-39 anni,40-49 anni,50-59 anni,60-69 anni,70-79 anni,80-89 anni,oltre 90 anni,Labels
Casi 15/8/2021,392,1139,1243,810,804,758,369,229,146,41,5931,6.609340752,19.20418142,20.95767999,13.65705615,13.55589277,12.78030686,6.2215478,3.86106896,2.461642219,0.691283089,Casi
Casi ultimi 22 giorni,8123,27574,27976,16625,15598,13736,7125,4089,2480,619,123945,6.553713341,22.24696438,22.57130179,13.41320747,12.58461414,11.08233491,5.748517488,3.299043931,2.00088749,0.499415063,Casi
Casi cumulativi,244697,450607,546779,555269,705225,757651,478655,346330,257650,88618,4431481,5.521788314,10.16831619,12.33851618,12.53009998,15.91398,17.09701565,10.80124229,7.815220239,5.814083373,1.999737785,Casi
Decessi 15/8/2021,0,0,0,0,0,-1,3,3,3,4,12,0,0,0,0,0,-8.333333333,25,25,25,33.33333333,Decessi
Decessi ultimi 22 giorni,2,1,0,4,14,27,59,124,161,72,464,0.431034483,0.215517241,0,0.862068966,3.017241379,5.818965517,12.71551724,26.72413793,34.69827586,15.51724138,Decessi
Decessi cumulativi,14,17,69,262,1140,4556,13165,32199,51446,24696,127564,0.010974883,0.013326644,0.054090496,0.2053871,0.89366906,3.57154056,10.32030981,25.24144743,40.32956006,19.35969396,Decessi
Vaccini 15/8/2021,0,6622,8171,9244,7735,6548,2552,730,150,21,41773,0,15.85234482,19.56048165,22.12912647,18.51674527,15.6751969,6.109209298,1.747540277,0.359083619,0.050271707,Vaccini
Vaccini ultimi 22 giorni,0,1291114,1984467,1743191,1452115,967320,820719,294615,42495,9777,8605813,0,15.00281263,23.05961099,20.25597117,16.87365273,11.24030931,9.536797976,3.423441806,0.493794137,0.113609255,Vaccini
Vaccini cumulativi,0,3199779,7037584,7761644,11237766,13927680,11911911,10354690,6777481,1552269,73760804,0,4.338047888,9.541089059,10.52272153,15.2354169,18.88222368,16.14937793,14.0382011,9.188458683,2.104463232,Vaccini
