Categoria,0-9 anni,10-19 anni,20-29 anni,30-39 anni,40-49 anni,50-59 anni,60-69 anni,70-79 anni,80-89 anni,oltre 90 anni,Tutte le età,0-9 anni,10-19 anni,20-29 anni,30-39 anni,40-49 anni,50-59 anni,60-69 anni,70-79 anni,80-89 anni,oltre 90 anni,Labels
Casi 8/8/2021,204,710,738,444,407,383,176,122,61,16,3261,6.25574977,21.77246243,22.63109476,13.61545538,12.4808341,11.74486354,5.397117449,3.741183686,1.870591843,0.490647041,Casi
Casi ultimi 22 giorni,6007,24918,25541,13899,12587,11140,5453,3027,1873,431,104876,5.727716541,23.75948739,24.35352225,13.25279378,12.00179259,10.62206797,5.199473664,2.886265685,1.785918609,0.410961516,Casi
Casi cumulativi,241412,441511,537322,549104,699279,752344,475731,344601,256629,88320,4386253,5.503832086,10.06578964,12.25013696,12.51874892,15.94251403,17.15231657,10.84595439,7.856386761,5.850756899,2.013563741,Casi
Decessi 8/8/2021,0,0,0,0,0,0,1,3,2,3,9,0,0,0,0,0,0,11.11111111,33.33333333,22.22222222,33.33333333,Decessi
Decessi ultimi 22 giorni,2,1,0,3,8,21,43,108,136,78,400,0.5,0.25,0,0.75,2,5.25,10.75,27,34,19.5,Decessi
Decessi cumulativi,14,17,69,261,1131,4546,13142,32159,51388,24670,127397,0.01098927,0.013344113,0.054161401,0.204871386,0.887776007,3.568372882,10.31578452,25.24313759,40.33689961,19.36466322,Decessi
Vaccini 8/8/2021,0,49016,68083,50434,36222,26158,17769,4126,799,123,252730,0,19.39461085,26.93902584,19.95568393,14.33229138,10.35017608,7.030823408,1.63257231,0.316147667,0.04866854,Vaccini
Vaccini ultimi 22 giorni,0,1196908,2098242,2003500,2043395,1263907,1225397,556567,51412,11930,10451258,0,11.45228641,20.07645395,19.16994107,19.55166546,12.093348,11.72487561,5.325358919,0.491921642,0.114148938,Vaccini
Vaccini cumulativi,0,2795768,6547275,7369644,10936405,13685868,11768421,10293202,6759227,1548017,71703827,0,3.899049907,9.130997987,10.27789493,15.25219149,19.08666325,16.41254239,14.35516406,9.426591694,2.158904294,Vaccini
