Categoria,0-9 anni,10-19 anni,20-29 anni,30-39 anni,40-49 anni,50-59 anni,60-69 anni,70-79 anni,80-89 anni,oltre 90 anni,Tutte le età,0-9 anni,10-19 anni,20-29 anni,30-39 anni,40-49 anni,50-59 anni,60-69 anni,70-79 anni,80-89 anni,oltre 90 anni,Labels
Casi 3/11/2021,703,805,489,710,1048,836,573,446,314,120,6044,11.63136995,13.31899404,8.090668432,11.74718729,17.33951026,13.8318994,9.480476506,7.37921906,5.195234944,1.985440106,Casi
Casi ultimi 28 giorni,14408,31061,32203,25331,25392,21842,12319,7660,4822,1353,176391,8.168217199,17.60917507,18.25660039,14.36071001,14.39529228,12.38271794,6.983916413,4.342625191,2.733699565,0.767045938,Casi
Casi cumulativi,282730,501266,592676,605676,760892,804482,508448,366196,270792,92593,4785751,5.907745723,10.47413457,12.38417962,12.65581933,15.89911385,16.80994268,10.62420506,7.651798015,5.65829689,1.934764262,Casi
Decessi 3/11/2021,0,0,0,0,2,3,3,10,37,15,70,0,0,0,0,2.857142857,4.285714286,4.285714286,14.28571429,52.85714286,21.42857143,Decessi
Decessi ultimi 28 giorni,0,0,4,12,37,99,211,352,498,245,1458,0,0,0.274348422,0.823045267,2.537722908,6.790123457,14.47187929,24.14266118,34.1563786,16.80384088,Decessi
Decessi cumulativi,15,21,79,293,1229,4822,13729,33102,52828,25441,131559,0.011401729,0.01596242,0.060049103,0.222713763,0.934181622,3.665275656,10.43562204,25.16133446,40.15536755,19.33809165,Decessi
Vaccini 3/11/2021,0,5607,12010,15389,15408,15533,14804,14830,32685,5372,131638,0,4.259408378,9.123505371,11.69039335,11.70482687,11.79978426,11.2459928,11.26574393,24.82945654,4.080888497,Vaccini
Vaccini ultimi 28 giorni,0,378083,554964,672600,650833,574946,358962,226496,796405,171160,4384449,0,8.623272845,12.65755401,15.34058213,14.84412294,13.11330112,8.187163313,5.165894278,18.16431209,3.903797262,Vaccini
Vaccini cumulativi,0,6325125,9983621,10672823,13877995,15930974,12968662,10920046,7768492,1763196,90210934,0,7.011483774,11.06697443,11.83096386,15.38393894,17.659693,14.37593141,12.10501379,8.611474968,1.954525823,Vaccini
