Categoria,0-9 anni,10-19 anni,20-29 anni,30-39 anni,40-49 anni,50-59 anni,60-69 anni,70-79 anni,80-89 anni,oltre 90 anni,Tutte le età,0-9 anni,10-19 anni,20-29 anni,30-39 anni,40-49 anni,50-59 anni,60-69 anni,70-79 anni,80-89 anni,oltre 90 anni,Labels
Casi 31/1/2022,16346,15418,9412,13605,15479,11421,6619,3961,2478,769,95508,17.11479667,16.14315031,9.85467186,14.24488001,16.20701931,11.95816057,6.930309503,4.147296562,2.594547054,0.805168153,Casi
Casi ultimi 28 giorni,14408,31061,32203,25331,25392,21842,12319,7660,4822,1353,176391,8.168217199,17.60917507,18.25660039,14.36071001,14.39529228,12.38271794,6.983916413,4.342625191,2.733699565,0.767045938,Casi
Casi cumulativi,858425,1311431,1391840,1418963,1695904,1605892,935805,614145,393187,125118,10350710,8.293392434,12.66996177,13.44680703,13.70884703,16.38442194,15.51480043,9.040974001,5.933361093,3.798647629,1.208786644,Casi
Decessi 31/1/2022,0,1,4,4,2,15,43,121,175,82,447,0,0.223713647,0.894854586,0.894854586,0.447427293,3.355704698,9.619686801,27.06935123,39.14988814,18.34451902,Decessi
Decessi ultimi 28 giorni,0,0,4,12,37,99,211,352,498,245,1458,0,0,0.274348422,0.823045267,2.537722908,6.790123457,14.47187929,24.14266118,34.1563786,16.80384088,Decessi
Decessi cumulativi,17,28,95,350,1377,5343,15063,36278,57754,28014,144319,0.011779461,0.019401465,0.065826398,0.24251831,0.954136323,3.702215232,10.43729516,25.1373693,40.01829281,19.41116554,Decessi
