Categoria,0-9 anni,10-19 anni,20-29 anni,30-39 anni,40-49 anni,50-59 anni,60-69 anni,70-79 anni,80-89 anni,oltre 90 anni,Tutte le età,0-9 anni,10-19 anni,20-29 anni,30-39 anni,40-49 anni,50-59 anni,60-69 anni,70-79 anni,80-89 anni,oltre 90 anni,Labels
Casi 25/3/2021,900,1610,1775,1907,2592,2590,1607,1142,738,179,15040,5.984042553,10.70478723,11.8018617,12.67952128,17.23404255,17.22074468,10.68484043,7.593085106,4.906914894,1.190159574,Casi
Casi ultimi 26 giorni,35977,58805,63236,67962,88673,92434,58527,41403,24675,5850,537542,6.692872371,10.9396103,11.76391798,12.6431051,16.49601333,17.19567959,10.88789341,7.702281868,4.590338987,1.088287055,Casi
Casi cumulativi,165172,311741,404600,423083,547345,600933,379707,280795,224214,79616,3417206,4.833539447,9.12268678,11.84008222,12.38096269,16.01732527,17.58550699,11.1116216,8.217093146,6.561325246,2.329856614,Casi
Decessi 25/3/2021,0,0,1,1,2,13,40,73,133,48,311,0,0,0.321543408,0.321543408,0.643086817,4.180064309,12.86173633,23.47266881,42.76527331,15.4340836,Decessi
Decessi ultimi 26 giorni,0,3,3,20,86,340,971,2459,3926,1790,9598,0,0.031256512,0.031256512,0.208376745,0.896020004,3.542404668,10.11669098,25.61992082,40.90435507,18.64971869,Decessi
Decessi cumulativi,6,14,52,201,884,3439,10006,25624,43696,21340,105262,0.005700063,0.013300146,0.049400543,0.1909521,0.839809238,3.267085938,9.505804564,24.34306777,41.51165663,20.27322301,Decessi
Vaccini 25/3/2021,0,103,2481,3583,5016,6943,6843,11830,36820,8837,82456,0,0.124915106,3.008877462,4.345347822,6.083244397,8.420248375,8.298971573,14.3470457,44.65411856,10.71723101,Vaccini
Vaccini ultimi 26 giorni,0,4790,204068,294035,427614,568059,381368,274462,1761758,395574,4311728,0,0.111092351,4.732858845,6.819423674,9.917462326,13.17474108,8.844899307,6.365475744,40.85967389,9.17437278,Vaccini
Vaccini cumulativi,0,9192,600936,870833,1171043,1511176,933481,421916,2434778,642443,8595798,0,0.10693597,6.991043763,10.13091513,13.62343554,17.58040382,10.85973635,4.908398266,28.32521192,7.473919234,Vaccini
