Categoria,0-9 anni,10-19 anni,20-29 anni,30-39 anni,40-49 anni,50-59 anni,60-69 anni,70-79 anni,80-89 anni,oltre 90 anni,Tutte le età,0-9 anni,10-19 anni,20-29 anni,30-39 anni,40-49 anni,50-59 anni,60-69 anni,70-79 anni,80-89 anni,oltre 90 anni,Labels
Casi 31/8/2021,614,1159,1169,1114,1104,967,498,382,255,58,7320,8.387978142,15.83333333,15.96994536,15.21857923,15.08196721,13.21038251,6.803278689,5.218579235,3.483606557,0.792349727,Casi
Casi ultimi 24 giorni,11982,27265,28254,21234,21236,18493,10474,6408,4077,1121,150544,7.959134871,18.11098416,18.76793496,14.10484642,14.10617494,12.28411627,6.957434371,4.256562865,2.70817834,0.744632798,Casi
Casi cumulativi,253190,468066,564838,569894,720108,770454,486029,350887,260645,89425,4533536,5.584823855,10.32452373,12.45910477,12.5706292,15.88402518,16.99454907,10.72074866,7.739808397,5.749265033,1.972522111,Casi
Decessi 31/8/2021,0,0,0,1,2,17,18,28,36,19,121,0,0,0,0.826446281,1.652892562,14.04958678,14.87603306,23.14049587,29.75206612,15.70247934,Decessi
Decessi ultimi 24 giorni,0,0,4,6,27,84,173,287,417,216,1214,0,0,0.329489292,0.494233937,2.224052718,6.919275124,14.25041186,23.64085667,34.34925865,17.79242175,Decessi
Decessi cumulativi,14,17,73,267,1158,4630,13314,32443,51803,24883,128602,0.0108863,0.013219079,0.05676428,0.2076173,0.900452559,3.60025505,10.35287165,25.22744592,40.28164414,19.34884372,Decessi
Vaccini 31/8/2021,0,60156,51858,42937,36365,25052,12191,5901,1860,356,236676,0,25.41702581,21.91096689,18.14167892,15.36488702,10.58493468,5.150923626,2.493281955,0.7858845,0.150416603,Vaccini
Vaccini ultimi 24 giorni,0,1342181,1385096,1149318,965733,683292,382913,148699,40179,8225,6105636,0,21.98265668,22.68553186,18.82388665,15.81707458,11.19116829,6.27146787,2.435438339,0.658064123,0.134711601,Vaccini
Vaccini cumulativi,0,4105728,7908420,8514813,11899241,14370588,12154298,10456674,6810577,1559598,77779937,0,5.2786466,10.1676863,10.9473128,15.29859943,18.47595737,15.62652076,13.44392192,8.756213058,2.005141763,Vaccini
