Categoria,0-9 anni,10-19 anni,20-29 anni,30-39 anni,40-49 anni,50-59 anni,60-69 anni,70-79 anni,80-89 anni,oltre 90 anni,Tutte le età,0-9 anni,10-19 anni,20-29 anni,30-39 anni,40-49 anni,50-59 anni,60-69 anni,70-79 anni,80-89 anni,oltre 90 anni,Labels
Casi 9/9/2021,604,949,992,1002,1070,879,540,349,272,77,6734,8.969408969,14.09266409,14.73121473,14.87971488,15.88951589,13.05316305,8.019008019,5.182655183,4.039204039,1.143451143,Casi
Casi ultimi 28 giorni,14408,31061,32203,25331,25392,21842,12319,7660,4822,1353,176391,8.168217199,17.60917507,18.25660039,14.36071001,14.39529228,12.38271794,6.983916413,4.342625191,2.733699565,0.767045938,Casi
Casi cumulativi,258361,476117,572884,578366,728853,777669,490085,353608,262420,89957,4588320,5.630840918,10.3767174,12.48570283,12.60518011,15.88496443,16.94888325,10.68114255,7.706698748,5.719304669,1.960565087,Casi
Decessi 9/9/2021,0,2,1,0,2,10,15,21,40,30,121,0,1.652892562,0.826446281,0,1.652892562,8.26446281,12.39669421,17.3553719,33.05785124,24.79338843,Decessi
Decessi ultimi 28 giorni,0,0,4,12,37,99,211,352,498,245,1458,0,0,0.274348422,0.823045267,2.537722908,6.790123457,14.47187929,24.14266118,34.1563786,16.80384088,Decessi
Decessi cumulativi,14,19,74,276,1175,4672,13398,32587,51998,24971,129184,0.010837255,0.014707704,0.057282636,0.213648749,0.909555363,3.616546941,10.37125341,25.22526009,40.25111469,19.32979316,Decessi
Vaccini 9/9/2021,0,54761,40183,34658,30988,21256,9410,4872,1661,347,198136,0,27.63808697,20.28051439,17.49202568,15.63976259,10.72798482,4.749263132,2.458917107,0.838313078,0.175132232,Vaccini
Vaccini ultimi 28 giorni,0,1622366,1460932,1256752,1090369,740071,374279,159994,48302,9745,6762810,0,23.98952506,21.60244041,18.58328121,16.12301691,10.94324696,5.534371068,2.365791735,0.714229736,0.144096906,Vaccini
Vaccini cumulativi,0,4739232,8423282,8961210,12281350,14629250,12274091,10514341,6831028,1564001,80217785,0,5.907956696,10.50051681,11.17110127,15.31000887,18.23691592,15.30095976,13.10724424,8.515602868,1.949693575,Vaccini
