Categoria,0-9 anni,10-19 anni,20-29 anni,30-39 anni,40-49 anni,50-59 anni,60-69 anni,70-79 anni,80-89 anni,oltre 90 anni,Tutte le età,0-9 anni,10-19 anni,20-29 anni,30-39 anni,40-49 anni,50-59 anni,60-69 anni,70-79 anni,80-89 anni,oltre 90 anni,Labels
Casi 8/10/2021,398,360,268,436,486,409,317,196,142,34,3046,13.06631648,11.81877873,8.798424163,14.31385424,15.95535128,13.42744583,10.40709127,6.434668418,4.661851609,1.116217991,Casi
Casi ultimi 28 giorni,14408,31061,32203,25331,25392,21842,12319,7660,4822,1353,176391,8.168217199,17.60917507,18.25660039,14.36071001,14.39529228,12.38271794,6.983916413,4.342625191,2.733699565,0.767045938,Casi
Casi cumulativi,271727,490218,584670,594153,745955,791783,499614,359915,266809,91298,4696142,5.78617512,10.43873886,12.45000684,12.65193855,15.88442172,16.86028659,10.63881799,7.664057007,5.681450859,1.94410646,Casi
Decessi 8/10/2021,0,0,1,0,0,2,5,4,8,6,26,0,0,3.846153846,0,0,7.692307692,19.23076923,15.38461538,30.76923077,23.07692308,Decessi
Decessi ultimi 28 giorni,0,0,4,12,37,99,211,352,498,245,1458,0,0,0.274348422,0.823045267,2.537722908,6.790123457,14.47187929,24.14266118,34.1563786,16.80384088,Decessi
Decessi cumulativi,15,20,77,288,1207,4767,13603,32908,52458,25238,130581,0.011487123,0.015316164,0.058967231,0.22055276,0.924330492,3.650607669,10.41728889,25.2012161,40.17276633,19.32746724,Decessi
Vaccini 8/10/2021,0,13351,14829,18637,17627,13921,6206,2713,1089,302,88675,0,15.05610375,16.72286439,21.01719763,19.87820694,15.69890048,6.998590358,3.05948689,1.228080068,0.340569495,Vaccini
Vaccini ultimi 28 giorni,0,1129921,939970,982273,887736,668733,280954,127432,48381,10445,5075845,0,22.26074673,18.51849298,19.35191086,17.48942294,13.17481129,5.535117798,2.510557355,0.953161493,0.205778545,Vaccini
Vaccini cumulativi,0,5972564,9449437,10021947,13238769,15349128,12579279,10656599,6887898,1576751,85732372,0,6.966521351,11.02201745,11.68980487,15.44197214,17.90353823,14.67272946,12.430076,8.034185733,1.839154759,Vaccini
