Categoria,0-9 anni,10-19 anni,20-29 anni,30-39 anni,40-49 anni,50-59 anni,60-69 anni,70-79 anni,80-89 anni,oltre 90 anni,Tutte le età,0-9 anni,10-19 anni,20-29 anni,30-39 anni,40-49 anni,50-59 anni,60-69 anni,70-79 anni,80-89 anni,oltre 90 anni,Labels
Casi 24 ore,701,1148,1358,1424,1878,2004,1379,939,674,257,11762,5.95987077,9.760244856,11.5456555,12.10678456,15.96667233,17.03791872,11.72419657,7.983336167,5.730317973,2.185002551,Casi
Casi ultimi 22 giorni,16333,30697,41878,43623,54025,59574,39692,29624,23171,7981,346598,4.7,8.856658146,12.08258559,12.5860507,15.58722208,17.18821228,11.45188374,8.547077594,6.685266505,2.302667644,Casi
Casi cumulativi,96003,202650,290131,297908,384298,432239,271613,203730,174681,66580,2419833,4,8.374544855,11.98971169,12.3110975,15.88117858,17.86234835,11.22445227,8.419176034,7.218721292,2.751429541,Casi
Decessi 24 ore,0,0,0,4,3,10,33,100,207,98,455,0,0,0,0.879120879,0.659340659,2.197802198,7.252747253,21.97802198,45.49450549,21.53846154,Decessi
Decessi ultimi 22 giorni,0,0,9,18,87,317,956,2607,4927,2523,11444,0,0,0.078643831,0.157287662,0.760223698,2.770010486,8.353722475,22.78049633,43.05312828,22.04648724,Decessi
Decessi cumulativi,5,5,44,169,695,2719,7861,20284,34519,16813,83114,0,0.006015834,0.052939336,0.203335178,0.836200881,3.271410352,9.458093703,24.40503405,41.53211252,20.22884231,Decessi
Vaccini aggiornamento,0,0,0,0,0,0,0,0,0,0,0,0,#DIV/0!,#DIV/0!,#DIV/0!,#DIV/0!,#DIV/0!,#DIV/0!,#DIV/0!,#DIV/0!,#DIV/0!,Vaccini
Vaccini ultimi 17 giorni,0,1434,118442,175690,220119,298932,186455,43456,61951,47617,1154096,0,0.124253095,10.26275111,15.22317034,19.07285009,25.90183139,16.15593503,3.765371338,5.367924332,4.125913269,Vaccini
Vaccini cumulativi,0,1605,135048,203601,256465,344320,209788,45754,65435,50259,1312275,0,0.122306681,10.29113562,15.51511688,19.5435408,26.23840277,15.98658818,3.486616753,4.986378617,3.829913699,Vaccini
