Categoria,0-9 anni,10-19 anni,20-29 anni,30-39 anni,40-49 anni,50-59 anni,60-69 anni,70-79 anni,80-89 anni,oltre 90 anni,Tutte le età,0-9 anni,10-19 anni,20-29 anni,30-39 anni,40-49 anni,50-59 anni,60-69 anni,70-79 anni,80-89 anni,oltre 90 anni,Labels
Casi 4/6/2021,157,308,298,305,334,288,187,93,60,27,2057,7.632474477,14.97326203,14.48711716,14.82741857,16.2372387,14.00097229,9.090909091,4.521147302,2.916869227,1.312591152,Casi
Casi ultimi 27 giorni,13954,19565,16792,18586,23266,21137,12783,7421,3168,1042,137714,10.13259364,14.20697968,12.19338629,13.49608609,16.89443339,15.34847583,9.282280669,5.388704126,2.30041971,0.756640574,Casi
Casi cumulativi,230274,404788,497541,524495,675342,730846,464715,338434,253291,87487,4207213,5.47331452,9.62128611,11.8259047,12.46656635,16.05200402,17.37126216,11.04567323,8.044137532,6.020398777,2.079452597,Casi
Decessi 4/6/2021,0,0,0,1,1,6,14,28,16,7,73,0,0,0,1.369863014,1.369863014,8.219178082,19.17808219,38.35616438,21.91780822,9.589041096,Decessi
Decessi ultimi 27 giorni,1,2,7,15,48,208,605,1213,1114,492,3705,0.026990553,0.053981107,0.188933873,0.4048583,1.295546559,5.614035088,16.32928475,32.73954116,30.06747638,13.27935223,Decessi
Decessi cumulativi,7,17,67,242,1089,4340,12706,31385,50477,24239,124569,0.005619376,0.013647055,0.053785452,0.194269842,0.874214291,3.484012876,10.19996949,25.19487192,40.5213175,19.45829219,Decessi
Vaccini 4/6/2021,0,18727,47313,58239,142222,209353,68400,42132,9505,2619,598510,0,3.12893686,7.905131076,9.730664483,23.76267732,34.97903126,11.42838048,7.039481379,1.588110474,0.437586674,Vaccini
Vaccini ultimi 27 giorni,0,179959,593051,754191,1871834,3914460,3423085,1958496,433625,134370,13263071,0,1.35684262,4.471445565,5.686397969,14.11312659,29.51397908,25.8091433,14.76653484,3.269416261,1.01311378,Vaccini
Vaccini cumulativi,0,234149,1553912,2092462,3802614,6820331,7543971,7134119,6430536,1457139,37069233,0,0.63165321,4.191918403,5.644740478,10.25814049,18.3988997,20.35103073,19.24539145,17.34736729,3.93085824,Vaccini
