Categoria,0-9 anni,10-19 anni,20-29 anni,30-39 anni,40-49 anni,50-59 anni,60-69 anni,70-79 anni,80-89 anni,oltre 90 anni,Tutte le età,0-9 anni,10-19 anni,20-29 anni,30-39 anni,40-49 anni,50-59 anni,60-69 anni,70-79 anni,80-89 anni,oltre 90 anni,Labels
Casi 24/7/2021,148,861,922,436,401,372,155,69,40,8,3412,4.337631887,25.23446659,27.02227433,12.77842907,11.75263775,10.90269637,4.542790152,2.022274326,1.172332943,0.234466589,Casi
Casi ultimi 28 giorni,3524,13692,16012,9443,8894,8425,4453,2411,1167,284,68305,5.159212356,20.04538467,23.44191494,13.82475661,13.02100871,12.33438255,6.519288485,3.52975624,1.708513286,0.415782154,Casi
Casi cumulativi,236574,423033,518803,538644,689627,743915,471530,342241,255170,87999,4307536,5.492095713,9.820765282,12.0440781,12.50468946,16.00977914,17.27008201,10.94662935,7.945168653,5.923804235,2.042908057,Casi
Decessi 24/7/2021,0,0,0,-1,1,1,1,1,0,0,3,0,0,0,-33.33333333,33.33333333,33.33333333,33.33333333,33.33333333,0,0,Decessi
Decessi ultimi 28 giorni,-1,-1,1,5,5,47,65,144,215,115,595,-0.168067227,-0.168067227,0.168067227,0.840336134,0.840336134,7.899159664,10.92436975,24.20168067,36.13445378,19.32773109,Decessi
Decessi cumulativi,12,16,69,258,1126,4529,13106,32075,51285,24624,127100,0.009441385,0.012588513,0.054287962,0.202989772,0.885916601,3.563335956,10.3115657,25.23603462,40.35011802,19.37372148,Decessi
Vaccini 24/7/2021,0,32837,67826,75139,100353,61962,64970,35005,2344,400,440836,0,7.448801822,15.38576704,17.0446606,22.76424793,14.05556715,14.73790707,7.940594688,0.53171701,0.090736691,Vaccini
Vaccini ultimi 28 giorni,0,1072696,2044481,2025000,3075397,3081341,1946771,1763481,114489,27574,15151230,0,7.079926844,13.49382855,13.36525153,20.29800221,20.33723335,12.84893042,11.63919365,0.755641621,0.181991825,Vaccini
Vaccini cumulativi,0,1895499,5020141,5985625,9749790,12926739,11064056,10033268,6720103,1537964,64933185,0,2.919152972,7.731240967,9.218129374,15.0151113,19.90775441,17.03913954,15.45168006,10.34925824,2.368533131,Vaccini
