Categoria,0-9 anni,10-19 anni,20-29 anni,30-39 anni,40-49 anni,50-59 anni,60-69 anni,70-79 anni,80-89 anni,oltre 90 anni,Tutte le età,0-9 anni,10-19 anni,20-29 anni,30-39 anni,40-49 anni,50-59 anni,60-69 anni,70-79 anni,80-89 anni,oltre 90 anni,Labels
Casi 9/7/2021,44,178,217,115,99,94,53,27,11,2,840,5.238095238,21.19047619,25.83333333,13.69047619,11.78571429,11.19047619,6.30952381,3.214285714,1.30952381,0.238095238,Casi
Casi ultimi 28 giorni,2883,5039,5952,5109,5725,4891,2461,1503,785,244,34592,8.334296947,14.5669519,17.20629047,14.76931082,16.55006938,14.13910731,7.114361702,4.344935245,2.269310823,0.705365402,Casi
Casi cumulativi,233780,411350,505325,530761,682228,736753,467755,340204,254226,87765,4250147,5.500515629,9.678488768,11.88958876,12.48806218,16.05186832,17.33476513,11.00561934,8.004523138,5.981581343,2.064987399,Casi
Decessi 9/7/2021,0,0,0,0,1,3,4,4,4,-1,15,0,0,0,0,6.666666667,20,26.66666667,26.66666667,26.66666667,-6.666666667,Decessi
Decessi ultimi 28 giorni,3,-1,3,14,39,174,420,679,715,336,2382,0.125944584,-0.041981528,0.125944584,0.587741394,1.637279597,7.304785894,17.63224181,28.5054576,30.01679261,14.10579345,Decessi
Decessi cumulativi,12,16,69,258,1122,4512,13084,31998,51170,24551,126792,0.00946432,0.012619093,0.054419837,0.20348287,0.884913875,3.558584138,10.31926304,25.23660799,40.3574358,19.36320904,Decessi
Vaccini 9/7/2021,0,26670,62102,60889,117652,153801,73518,79220,4406,986,579244,0,4.604277299,10.72121593,10.51180504,20.31130232,26.55202298,12.69206069,13.67644723,0.760646636,0.170221875,Vaccini
Vaccini ultimi 28 giorni,0,901582,1918818,2054913,2941357,3391024,1933097,1845711,175837,44529,15206868,0,5.928781653,12.61810124,13.5130587,19.34229323,22.29929266,12.7119996,12.13735136,1.156299903,0.292821638,Vaccini
Vaccini cumulativi,0,1319263,3916501,4749107,7819941,11433358,9934309,9282935,6667077,1524855,56647346,0,2.328905224,6.913829643,8.383635484,13.8046026,20.18339571,17.53711286,16.38723728,11.76944283,2.691838378,Vaccini
