Categoria,0-9 anni,10-19 anni,20-29 anni,30-39 anni,40-49 anni,50-59 anni,60-69 anni,70-79 anni,80-89 anni,oltre 90 anni,Tutte le età,0-9 anni,10-19 anni,20-29 anni,30-39 anni,40-49 anni,50-59 anni,60-69 anni,70-79 anni,80-89 anni,oltre 90 anni,Labels
Casi 13/7/2021,83,362,342,197,146,114,29,32,-3,2,1304,6.365030675,27.7607362,26.22699387,15.10736196,11.19631902,8.742331288,2.22392638,2.45398773,-0.23006135,0.153374233,Casi
Casi ultimi 24 giorni,1498,4138,5061,3246,3156,2621,1339,821,442,113,22435,6.677067083,18.44439492,22.55850234,14.46846445,14.06730555,11.68263873,5.96835302,3.659460664,1.970135948,0.50367729,Casi
Casi cumulativi,234094,412595,506680,531531,682876,737253,467996,340356,254284,87783,4255448,5.501042428,9.695688915,11.90661947,12.49060028,16.04710009,17.3249209,10.99757299,7.998123817,5.975493062,2.062838037,Casi
Decessi 13/7/2021,0,0,0,1,1,1,3,15,17,6,44,0,0,0,2.272727273,2.272727273,2.272727273,6.818181818,34.09090909,38.63636364,13.63636364,Decessi
Decessi ultimi 24 giorni,0,1,2,5,4,50,89,160,220,103,634,0,0.157728707,0.315457413,0.788643533,0.630914826,7.886435331,14.03785489,25.23659306,34.70031546,16.24605678,Decessi
Decessi cumulativi,12,16,69,260,1123,4520,13098,32025,51211,24572,126906,0.009455818,0.012607757,0.054370952,0.20487605,0.884906939,3.561691331,10.32102501,25.23521347,40.35348998,19.36236269,Decessi
Vaccini 13/7/2021,0,29453,58200,71900,131029,131996,77219,51397,3575,867,555636,0,5.300772448,10.47448329,12.94012627,23.58180535,23.75584015,13.89740766,9.250120583,0.643406835,0.156037406,Vaccini
Vaccini ultimi 24 giorni,0,819918,1658487,1661476,2369836,2987460,1619133,1674688,130255,32059,12953312,0,6.329794264,12.80357487,12.82665005,18.29521284,23.06329069,12.49976068,12.92864713,1.005572938,0.247496548,Vaccini
Vaccini cumulativi,0,1443471,4144813,5006332,8300584,11947751,10223130,9512752,6682588,1528440,58789861,0,2.455306026,7.050217384,8.515638436,14.11907404,20.32280872,17.38927398,16.18093977,11.3669056,2.59983605,Vaccini
