Categoria,0-9 anni,10-19 anni,20-29 anni,30-39 anni,40-49 anni,50-59 anni,60-69 anni,70-79 anni,80-89 anni,oltre 90 anni,Tutte le età,0-9 anni,10-19 anni,20-29 anni,30-39 anni,40-49 anni,50-59 anni,60-69 anni,70-79 anni,80-89 anni,oltre 90 anni,Labels
Casi 6/11/2021,616,674,510,682,992,929,583,420,230,64,5700,10.80701754,11.8245614,8.947368421,11.96491228,17.40350877,16.29824561,10.22807018,7.368421053,4.035087719,1.122807018,Casi
Casi ultimi 28 giorni,14408,31061,32203,25331,25392,21842,12319,7660,4822,1353,176391,8.168217199,17.60917507,18.25660039,14.36071001,14.39529228,12.38271794,6.983916413,4.342625191,2.733699565,0.767045938,Casi
Casi cumulativi,284498,503096,594020,607509,763504,806813,509974,367351,271416,92779,4800960,5.925856495,10.47907085,12.37294208,12.65390672,15.9031527,16.80524312,10.62233387,7.65161551,5.653369326,1.932509331,Casi
Decessi 6/11/2021,0,0,-1,0,1,0,8,13,9,12,42,0,0,-2.380952381,0,2.380952381,0,19.04761905,30.95238095,21.42857143,28.57142857,Decessi
Decessi ultimi 28 giorni,0,0,4,12,37,99,211,352,498,245,1458,0,0,0.274348422,0.823045267,2.537722908,6.790123457,14.47187929,24.14266118,34.1563786,16.80384088,Decessi
Decessi cumulativi,15,21,78,293,1230,4829,13744,33134,52877,25481,131702,0.011389349,0.015945088,0.059224613,0.222471944,0.933926592,3.666610985,10.43568055,25.15831195,40.14897268,19.34746625,Decessi
Vaccini 6/11/2021,0,10643,12089,15771,16308,16707,16493,15728,34870,5096,143705,0,7.406144532,8.412372569,10.97456595,11.34824815,11.62590028,11.4769841,10.94464354,24.2649873,3.546153579,Vaccini
Vaccini ultimi 28 giorni,0,346499,540160,656105,640852,581299,394964,274127,900630,186388,4521024,0,7.664170772,11.94773573,14.5123096,14.17493028,12.85768445,8.736162427,6.063382986,19.92092942,4.122694328,Vaccini
Vaccini cumulativi,0,6359544,10037966,10741284,13948559,16002947,13038431,10985396,7925451,1790905,90830483,0,7.001552551,11.05131853,11.82563788,15.35669363,17.61847617,14.35468641,12.09439346,8.725540962,1.971700404,Vaccini
