Categoria,0-9 anni,10-19 anni,20-29 anni,30-39 anni,40-49 anni,50-59 anni,60-69 anni,70-79 anni,80-89 anni,oltre 90 anni,Tutte le età,0-9 anni,10-19 anni,20-29 anni,30-39 anni,40-49 anni,50-59 anni,60-69 anni,70-79 anni,80-89 anni,oltre 90 anni,Labels
Casi 30/7-1/8/2021,506,1929,2001,1077,988,869,480,220,131,39,8240,6.140776699,23.41019417,24.28398058,13.07038835,11.99029126,10.5461165,5.825242718,2.669902913,1.589805825,0.473300971,Casi
Casi ultimi 22 giorni,5006,20910,22693,12852,11975,11108,5650,3005,1554,356,95109,5.263434586,21.98530108,23.85999222,13.51291676,12.59081685,11.6792312,5.940552419,3.159532747,1.633914771,0.374307374,Casi
Casi cumulativi,238827,432516,528314,543779,694343,747972,473472,343245,255799,88127,4346394,5.494830887,9.951145708,12.15522569,12.51103789,15.9751509,17.20902431,10.89344408,7.897236192,5.885315505,2.027588847,Casi
Decessi 30/7-1/8/2021,0,0,0,0,0,0,0,9,6,5,20,0,0,0,0,0,0,0,45,30,25,Decessi
Decessi ultimi 22 giorni,2,0,-2,3,5,24,46,127,168,95,468,0.427350427,0,-0.427350427,0.641025641,1.068376068,5.128205128,9.829059829,27.13675214,35.8974359,20.2991453,Decessi
Decessi cumulativi,14,16,67,261,1127,4539,13134,32125,51345,24652,127280,0.010999371,0.01257071,0.052639849,0.205059711,0.885449403,3.566153363,10.31898177,25.23962916,40.34019485,19.36832181,Decessi
Vaccini 1/8/2021,0,35493,52406,44932,39755,29390,23033,5936,792,133,231870,0,15.30728425,22.60145771,19.3780998,17.14538319,12.67520593,9.933583473,2.560055203,0.341570708,0.057359727,Vaccini
Vaccini ultimi 22 giorni,0,959683,1830528,1909985,2501725,1774301,1488665,836879,61501,14523,11377790,0,8.434704806,16.08860772,16.78695951,21.98779376,15.59442563,13.08395567,7.355373935,0.540535552,0.127643418,Vaccini
Vaccini cumulativi,0,2320943,5828756,6745482,10466054,13372283,11515059,10208028,6742077,1543501,68742183,0,3.376300982,8.479154641,9.812725907,15.22508239,19.45280527,16.75108136,14.84972917,9.807772616,2.245347664,Vaccini
