Categoria,0-9 anni,10-19 anni,20-29 anni,30-39 anni,40-49 anni,50-59 anni,60-69 anni,70-79 anni,80-89 anni,oltre 90 anni,Tutte le età,0-9 anni,10-19 anni,20-29 anni,30-39 anni,40-49 anni,50-59 anni,60-69 anni,70-79 anni,80-89 anni,oltre 90 anni,Labels
Casi 1/5/2021,1392,1560,1379,1710,1971,1888,1298,862,384,133,12577,11.06782222,12.40359386,10.96445893,13.59624712,15.67146378,15.01152898,10.32042617,6.853780711,3.053192335,1.057485887,Casi
Casi ultimi 28 giorni,32545,45345,46264,50515,63152,65450,44044,30783,15274,4031,397403,8.189419808,11.41033158,11.64158298,12.71127797,15.89117344,16.46942776,11.08295609,7.746041172,3.843453623,1.014335574,Casi
Casi cumulativi,208935,376356,473007,496535,640687,699332,445006,326640,248276,85922,4000696,5.222466291,9.407263136,11.82311778,12.41121545,16.0143885,17.48025844,11.12321456,8.164579363,6.205820187,2.147676304,Casi
Decessi 1/5/2021,0,0,0,1,2,13,29,44,54,31,174,0,0,0,0.574712644,1.149425287,7.471264368,16.66666667,25.28735632,31.03448276,17.81609195,Decessi
Decessi ultimi 28 giorni,0,0,4,11,96,493,1460,3166,3907,1690,10827,0,0,0.036944675,0.101597857,0.886672208,4.553431237,13.4848065,29.24171054,36.08571165,15.60912533,Decessi
Decessi cumulativi,6,14,59,217,1021,4056,11847,29677,48843,23531,119271,0.005030561,0.011737975,0.04946718,0.18193861,0.856033738,3.400659003,9.932842015,24.88199143,40.95127902,19.72902047,Decessi
Vaccini 1/5/2021,0,1605,9542,11343,20217,47542,124183,123702,63526,8293,409953,0,0.391508295,2.327583894,2.766902547,4.931540933,11.59693916,30.29200908,30.17467856,15.4959227,2.022914822,Vaccini
Vaccini ultimi 28 giorni,0,25270,183751,235666,392108,679965,1818996,3338376,2173677,384565,9232374,0,0.273710749,1.990289821,2.552604563,4.247098309,7.365007094,19.70236474,36.15945368,23.54407436,4.165396679,Vaccini
Vaccini cumulativi,0,39075,864298,1215205,1719145,2406797,2986712,4269551,5637349,1237781,20375913,0,0.191770548,4.241763302,5.963929076,8.437143406,11.81197132,14.65805238,20.95391259,27.66673081,6.074726566,Vaccini
