Categoria,0-9 anni,10-19 anni,20-29 anni,30-39 anni,40-49 anni,50-59 anni,60-69 anni,70-79 anni,80-89 anni,oltre 90 anni,Tutte le età,0-9 anni,10-19 anni,20-29 anni,30-39 anni,40-49 anni,50-59 anni,60-69 anni,70-79 anni,80-89 anni,oltre 90 anni,Labels
Casi 5/12/2021,1510,1651,1001,1384,2013,1673,1124,822,390,111,11679,12.92918914,14.13648429,8.570939293,11.85032965,17.23606473,14.32485658,9.624111653,7.038273825,3.339326997,0.950423838,Casi
Casi ultimi 28 giorni,14408,31061,32203,25331,25392,21842,12319,7660,4822,1353,176391,8.168217199,17.60917507,18.25660039,14.36071001,14.39529228,12.38271794,6.983916413,4.342625191,2.733699565,0.767045938,Casi
Casi cumulativi,320716,543749,620332,642722,813522,850078,539054,388199,281498,95529,5095399,6.2942274,10.67137235,12.17435573,12.61377176,15.96581543,16.68324698,10.5792304,7.618618287,5.524552641,1.874809019,Casi
Decessi 5/12/2021,0,0,0,1,1,1,4,13,13,14,47,0,0,0,2.127659574,2.127659574,2.127659574,8.510638298,27.65957447,27.65957447,29.78723404,Decessi
Decessi ultimi 28 giorni,0,0,4,12,37,99,211,352,498,245,1458,0,0,0.274348422,0.823045267,2.537722908,6.790123457,14.47187929,24.14266118,34.1563786,16.80384088,Decessi
Decessi cumulativi,14,20,80,301,1251,4910,13913,33567,53584,25872,133512,0.010485949,0.014979927,0.059919708,0.2254479,0.936994427,3.677572053,10.42078615,25.14156031,40.13422015,19.37803344,Decessi
Vaccini 5/12/2021,0,6847,8695,12301,20656,39544,31415,30206,8576,1267,159507,0,4.292601579,5.451171422,7.711887253,12.94990189,24.79138847,19.6950604,18.93709994,5.376566546,0.794322506,Vaccini
Vaccini ultimi 28 giorni,0,287838,436520,568799,849373,1320698,1413556,1387042,1124827,212565,7601218,0,3.786735231,5.742763857,7.48299812,11.17416972,17.37482072,18.59644073,18.24762821,14.79798369,2.796459725,Vaccini
Vaccini cumulativi,0,6655420,10493704,11332488,14822649,17355524,14461867,12384335,9079829,2012273,98598089,0,6.750049689,10.6429081,11.4936183,15.03340394,17.60229247,14.66749219,12.56042092,9.208930003,2.040884383,Vaccini
