Categoria,0-9 anni,10-19 anni,20-29 anni,30-39 anni,40-49 anni,50-59 anni,60-69 anni,70-79 anni,80-89 anni,oltre 90 anni,Tutte le età,0-9 anni,10-19 anni,20-29 anni,30-39 anni,40-49 anni,50-59 anni,60-69 anni,70-79 anni,80-89 anni,oltre 90 anni,Labels
Casi 1/9/2021,771,1412,1410,1401,1434,1197,623,426,241,79,8994,8.572381588,15.69935513,15.67711808,15.57705137,15.94396264,13.30887258,6.926840116,4.736490994,2.679564154,0.878363353,Casi
Casi ultimi 25 giorni,12753,28677,29664,22635,22670,19690,11097,6834,4318,1200,159538,7.993706828,17.97502789,18.59368928,14.18784239,14.20978074,12.3418872,6.955709612,4.28361895,2.706565207,0.752171896,Casi
Casi cumulativi,253961,469478,566248,571295,721542,771651,486652,351313,260886,89504,4542530,5.590739082,10.33516565,12.46547629,12.57658177,15.88414386,16.9872516,10.7132369,7.733861967,5.743187167,1.970355727,Casi
Decessi 1/9/2021,1,0,0,2,4,6,19,26,34,10,102,0.980392157,0,0,1.960784314,3.921568627,5.882352941,18.62745098,25.49019608,33.33333333,9.803921569,Decessi
Decessi ultimi 25 giorni,1,0,4,8,31,90,192,313,451,226,1316,0.075987842,0,0.303951368,0.607902736,2.3556231,6.838905775,14.58966565,23.78419453,34.27051672,17.17325228,Decessi
Decessi cumulativi,15,17,73,269,1162,4636,13333,32469,51837,24893,128704,0.011654649,0.013208603,0.056719294,0.209006713,0.902846842,3.60206365,10.35942939,25.22765415,40.27613749,19.34127921,Decessi
Vaccini 1/9/2021,0,46734,41404,32838,26035,18627,10833,5155,1457,281,183364,0,25.48700945,22.58022294,17.90864074,14.19853406,10.15848258,5.907920857,2.81134792,0.794594359,0.153247093,Vaccini
Vaccini ultimi 25 giorni,0,1410143,1446002,1198511,1005430,710687,397359,155620,42243,8661,6374656,0,22.12108387,22.68360834,18.80118708,15.77230207,11.14863296,6.233418713,2.44122977,0.662671052,0.135866155,Vaccini
Vaccini cumulativi,0,4173852,7969939,8564584,11939578,14398609,12169185,10463978,6812963,1560107,78052795,0,5.347472823,10.21095913,10.97280885,15.29679751,18.44726893,15.59096635,13.40628225,8.728659877,1.998784284,Vaccini
