Categoria,0-9 anni,10-19 anni,20-29 anni,30-39 anni,40-49 anni,50-59 anni,60-69 anni,70-79 anni,80-89 anni,oltre 90 anni,Tutte le età,0-9 anni,10-19 anni,20-29 anni,30-39 anni,40-49 anni,50-59 anni,60-69 anni,70-79 anni,80-89 anni,oltre 90 anni,Labels
Casi 27/2-8/4/2022,260833,339435,257502,332946,400739,350324,227454,155970,90952,24027,2440182,10.68907975,13.91023293,10.55257354,13.64431014,16.42250455,14.35647013,9.321189977,6.391736354,3.727262966,0.98463967,Casi
Casi ultimi 28 giorni,14408,31061,32203,25331,25392,21842,12319,7660,4822,1353,176391,8.168217199,17.60917507,18.25660039,14.36071001,14.39529228,12.38271794,6.983916413,4.342625191,2.733699565,0.767045938,Casi
Casi cumulativi,1446122,1993975,1869955,2065176,2471528,2248879,1327572,871613,547309,169549,15011678,9.633313478,13.28282554,12.45666873,13.75712962,16.46403553,14.98086357,8.843594967,5.806232987,3.645888221,1.129447354,Casi
Decessi 27/2-8/4/2022,3,2,12,25,59,209,552,1389,2732,1570,6553,0.045780559,0.030520372,0.183122234,0.381504654,0.900350984,3.18937891,8.423622768,21.1963986,41.69082863,23.95849229,Decessi
Decessi ultimi 28 giorni,0,0,4,12,37,99,211,352,498,245,1458,0,0,0.274348422,0.823045267,2.537722908,6.790123457,14.47187929,24.14266118,34.1563786,16.80384088,Decessi
Decessi cumulativi,24,29,118,401,1511,5822,16264,39264,63363,31203,157999,0.01518997,0.018354547,0.074684017,0.253799075,0.956335167,3.684833448,10.29373604,24.85079019,40.10341838,19.74885917,Decessi
