Categoria,0-9 anni,10-19 anni,20-29 anni,30-39 anni,40-49 anni,50-59 anni,60-69 anni,70-79 anni,80-89 anni,oltre 90 anni,Tutte le età,0-9 anni,10-19 anni,20-29 anni,30-39 anni,40-49 anni,50-59 anni,60-69 anni,70-79 anni,80-89 anni,oltre 90 anni,Labels
Casi 27/4/2021,1185,1361,1202,1521,1891,1746,1189,763,346,101,11305,10.48208757,12.03892083,10.63246351,13.45422379,16.7271119,15.44449359,10.51747015,6.749226006,3.060592658,0.893409996,Casi
Casi ultimi 24 giorni,27171,38850,40660,43651,54844,57611,38701,27302,13862,3599,346251,7.847197553,11.2201842,11.74292637,12.60675059,15.83937664,16.6385079,11.17715183,7.885031379,4.003454142,1.039419381,Casi
Casi cumulativi,203561,369861,467403,489671,632379,691493,439663,323159,246864,85490,3949544,5.154038036,9.364650704,11.83435354,12.39816546,16.01144335,17.5081731,11.13199397,8.182185083,6.250443089,2.16455368,Casi
Decessi 27/4/2021,0,0,0,0,1,12,41,85,105,52,296,0,0,0,0,0.337837838,4.054054054,13.85135135,28.71621622,35.47297297,17.56756757,Decessi
Decessi ultimi 24 giorni,0,-1,4,6,86,429,1262,2813,3532,1508,9639,0,-0.01037452,0.041498081,0.062247121,0.892208735,4.450669157,13.09264447,29.18352526,36.64280527,15.64477643,Decessi
Decessi cumulativi,6,13,59,212,1011,3992,11649,29324,48468,23349,118083,0.005081172,0.011009205,0.049964855,0.179534734,0.856177435,3.380672917,9.865094891,24.83337991,41.04570514,19.77337974,Decessi
Vaccini 27/4/2021,0,781,4885,6354,10760,18595,63711,91752,42788,6225,245851,0,0.317672086,1.986975851,2.584492233,4.376634628,7.563524248,25.91447665,37.32016547,17.4040374,2.532021428,Vaccini
Vaccini ultimi 24 giorni,0,18224,135949,178561,295234,487657,1255667,2711480,1831365,328657,7242794,0,0.251615606,1.877024253,2.465360743,4.076244609,6.732995582,17.33677639,37.43693387,25.28533878,4.537710171,Vaccini
Vaccini cumulativi,0,32021,819308,1159119,1622576,2217362,2425498,3640824,5294280,1181356,18392344,0,0.174099614,4.454614377,6.302182038,8.822018553,12.05589674,13.18754151,19.79532353,28.78523803,6.423085606,Vaccini
