Categoria,0-9 anni,10-19 anni,20-29 anni,30-39 anni,40-49 anni,50-59 anni,60-69 anni,70-79 anni,80-89 anni,oltre 90 anni,Tutte le età,0-9 anni,10-19 anni,20-29 anni,30-39 anni,40-49 anni,50-59 anni,60-69 anni,70-79 anni,80-89 anni,oltre 90 anni,Labels
Casi 2/6/2021,140,274,224,231,289,275,147,85,43,18,1726,8.111239861,15.87485516,12.97798378,13.38354577,16.74391657,15.93279258,8.516801854,4.924681344,2.491309386,1.042873696,Casi
Casi ultimi 25 giorni,13559,18931,16212,17965,22578,20547,12415,7233,3059,1001,133500,10.15655431,14.18052434,12.14382022,13.45692884,16.91235955,15.39101124,9.299625468,5.417977528,2.291385768,0.749812734,Casi
Casi cumulativi,229879,404154,496961,523874,674654,730256,464347,338246,253182,87446,4202999,5.469404109,9.615848112,11.82396189,12.46429038,16.05172878,17.3746413,11.04799216,8.047729728,6.023841547,2.080561999,Casi
Decessi 2/6/2021,0,-1,0,0,2,1,19,18,17,8,64,0,-1.5625,0,0,3.125,1.5625,29.6875,28.125,26.5625,12.5,Decessi
Decessi ultimi 25 giorni,1,2,7,13,47,201,585,1174,1082,478,3590,0.027855153,0.055710306,0.194986072,0.362116992,1.309192201,5.598885794,16.29526462,32.70194986,30.13927577,13.31476323,Decessi
Decessi cumulativi,7,17,67,240,1088,4333,12686,31346,50445,24225,124454,0.005624568,0.013659665,0.053835152,0.192842335,0.874218587,3.481607662,10.19332444,25.18681601,40.53304836,19.46502322,Decessi
Vaccini 2/6/2021,0,20028,16169,15323,59065,90292,35832,20731,3738,729,261907,0,7.646989198,6.173565426,5.850550004,22.55189819,34.47483267,13.68119218,7.915405087,1.427224167,0.278343076,Vaccini
Vaccini ultimi 25 giorni,0,131718,496285,640387,1558691,3432935,3250534,1857273,410990,127014,11905827,0,1.106332219,4.16842106,5.378769572,13.0918331,28.83407427,27.30204294,15.59969753,3.452007156,1.066822154,Vaccini
Vaccini cumulativi,0,185907,1456981,1978308,3489111,6338255,7368982,7031371,6407170,1449159,35705244,0,0.520671417,4.080579872,5.540665119,9.771984754,17.75160814,20.63837458,19.69282439,17.944619,4.058672726,Vaccini
