Categoria,0-9 anni,10-19 anni,20-29 anni,30-39 anni,40-49 anni,50-59 anni,60-69 anni,70-79 anni,80-89 anni,oltre 90 anni,Tutte le età,0-9 anni,10-19 anni,20-29 anni,30-39 anni,40-49 anni,50-59 anni,60-69 anni,70-79 anni,80-89 anni,oltre 90 anni,Labels
Casi 26/3/2021,1144,1983,2274,2372,3075,3265,2088,1490,831,207,18729,6.108174489,10.5878584,12.14159859,12.6648513,16.4183886,17.43285813,11.1484863,7.955576913,4.436969406,1.105237866,Casi
Casi ultimi 27 giorni,37121,60788,65510,70334,91748,95699,60615,42893,25506,6057,556271,6.673186271,10.92776722,11.77663405,12.64383727,16.4933998,17.20366512,10.89666727,7.710810019,4.585175211,1.088857769,Casi
Casi cumulativi,166316,313724,406874,425455,550420,604198,381795,282285,225045,79823,3435935,4.840487378,9.13067331,11.84172576,12.38251015,16.01951143,17.58467491,11.11182255,8.215667642,6.549745557,2.323181317,Casi
Decessi 26/3/2021,0,0,1,1,7,13,34,97,145,44,342,0,0,0.292397661,0.292397661,2.046783626,3.801169591,9.941520468,28.3625731,42.39766082,12.86549708,Decessi
Decessi ultimi 27 giorni,0,3,4,21,93,353,1005,2556,4071,1834,9940,0,0.030181087,0.040241449,0.211267606,0.935613682,3.551307847,10.11066398,25.71428571,40.95573441,18.45070423,Decessi
Decessi cumulativi,6,14,53,202,891,3452,10040,25721,43841,21384,105604,0.005681603,0.013257074,0.050187493,0.191280633,0.843718041,3.268815575,9.507215636,24.356085,41.51452596,20.24923298,Decessi
Vaccini 26/3/2021,0,297,5986,8680,12335,16298,15642,30447,74282,15727,179694,0,0.165280978,3.331218627,4.83043396,6.864447338,9.069863212,8.704798157,16.94380447,41.33805247,8.752100794,Vaccini
Vaccini ultimi 27 giorni,0,5394,217256,312849,454334,603484,414275,332788,1904383,429129,4673892,0,0.115407031,4.648288835,6.693543625,9.720678184,12.91180883,8.863598046,7.120147406,40.74512205,9.181405989,Vaccini
Vaccini cumulativi,0,9797,614252,889830,1198031,1546955,966599,480330,2577771,676217,8959782,0,0.109344178,6.855657872,9.931380027,13.37120702,17.26554284,10.78819775,5.360956327,28.77046562,7.547248359,Vaccini
