Categoria,0-9 anni,10-19 anni,20-29 anni,30-39 anni,40-49 anni,50-59 anni,60-69 anni,70-79 anni,80-89 anni,oltre 90 anni,Tutte le età,0-9 anni,10-19 anni,20-29 anni,30-39 anni,40-49 anni,50-59 anni,60-69 anni,70-79 anni,80-89 anni,oltre 90 anni,Labels
Casi 5/2/2022,15882,16720,10679,15935,19212,14817,8079,5004,3161,1059,110548,14.36660998,15.12465173,9.66005717,14.41455295,17.37887614,13.40322756,7.308137642,4.526540507,2.859391396,0.957954916,Casi
Casi ultimi 28 giorni,14408,31061,32203,25331,25392,21842,12319,7660,4822,1353,176391,8.168217199,17.60917507,18.25660039,14.36071001,14.39529228,12.38271794,6.983916413,4.342625191,2.733699565,0.767045938,Casi
Casi cumulativi,980706,1447074,1481229,1540987,1846187,1724851,999010,650931,414205,131417,11216597,8.743347024,12.90118563,13.20568975,13.73845383,16.45942169,15.37766758,8.906533773,5.803284187,3.69278668,1.171629862,Casi
Decessi 5/2/2022,0,0,0,0,3,5,21,45,76,50,200,0,0,0,0,1.5,2.5,10.5,22.5,38,25,Decessi
Decessi ultimi 28 giorni,0,0,4,12,37,99,211,352,498,245,1458,0,0,0.274348422,0.823045267,2.537722908,6.790123457,14.47187929,24.14266118,34.1563786,16.80384088,Decessi
Decessi cumulativi,17,27,96,351,1399,5416,15209,36677,58466,28351,146009,0.011643118,0.018492011,0.065749372,0.24039614,0.958160113,3.709360382,10.41648118,25.1196844,40.04273709,19.41729619,Decessi
