Categoria,0-9 anni,10-19 anni,20-29 anni,30-39 anni,40-49 anni,50-59 anni,60-69 anni,70-79 anni,80-89 anni,oltre 90 anni,Tutte le età,0-9 anni,10-19 anni,20-29 anni,30-39 anni,40-49 anni,50-59 anni,60-69 anni,70-79 anni,80-89 anni,oltre 90 anni,Labels
Casi 9/6-12/6/2021,436,695,793,722,834,688,363,203,96,28,4858,8.974886785,14.30629889,16.32358995,14.86208316,17.16755867,14.16220667,7.472210786,4.178674352,1.976121861,0.576368876,Casi
Casi ultimi 28 giorni,9329,14278,12757,13339,16658,15185,8479,4817,2151,689,97682,9.550377756,14.61681784,13.05972441,13.65553531,17.05329539,15.545341,8.680207203,4.931307713,2.202043365,0.705350013,Casi
Casi cumulativi,231774,407155,500090,526879,678174,733345,465959,339116,253641,87582,4223715,5.48744411,9.639736583,11.84005076,12.47430284,16.05633903,17.36255879,11.03197067,8.028856114,6.005163701,2.073577408,Casi
Decessi 9/6-12/6/2021,0,0,0,5,22,73,167,271,268,109,915,0,0,0,0.546448087,2.404371585,7.978142077,18.25136612,29.61748634,29.28961749,11.91256831,Decessi
Decessi ultimi 28 giorni,1,-1,2,20,55,226,659,1171,1117,499,3749,0.02667378,-0.02667378,0.053347559,0.533475593,1.467057882,6.028274206,17.57802081,31.234996,29.7946119,13.31021606,Decessi
Decessi cumulativi,7,15,67,250,1115,4438,12954,31797,50906,24418,125967,0.005557011,0.011907881,0.053188534,0.198464677,0.885152461,3.523144951,10.28364572,25.24232537,40.41217144,19.38444196,Decessi
Vaccini 13/6/2021,0,7128,16862,25543,44809,33653,15694,11612,1462,234,156997,0,4.540214144,10.74033262,16.26973764,28.54130971,21.43544144,9.996369357,7.396319675,0.931227985,0.149047434,Vaccini
Vaccini ultimi 28 giorni,0,338251,964636,1268302,2782271,4373185,2684794,1519600,291532,95045,14317616,0,2.362481296,6.737406563,8.858332281,19.43250189,30.54408639,18.75168324,10.61349878,2.036176972,0.663832582,Vaccini
Vaccini cumulativi,0,412737,2065223,2791068,5056337,8172999,8049909,7469579,6489927,1476352,41984131,0,0.983078583,4.919056202,6.647911803,12.04344804,19.46687666,19.17369446,17.7914341,15.45804771,3.516452442,Vaccini
