Categoria,0-9 anni,10-19 anni,20-29 anni,30-39 anni,40-49 anni,50-59 anni,60-69 anni,70-79 anni,80-89 anni,oltre 90 anni,Tutte le età,0-9 anni,10-19 anni,20-29 anni,30-39 anni,40-49 anni,50-59 anni,60-69 anni,70-79 anni,80-89 anni,oltre 90 anni,Labels
Casi 26/8/2021,585,1107,1127,979,953,806,502,303,164,51,6577,8.894632811,16.83138209,17.1354721,14.88520602,14.48988901,12.25482743,7.632659267,4.606963661,2.493538087,0.775429527,Casi
Casi ultimi 26 giorni,11923,31541,32405,22013,21441,18926,10538,6278,3967,1076,160108,7.446848377,19.69982762,20.23946336,13.74884453,13.39158568,11.82077098,6.58180728,3.921103255,2.477702551,0.672046369,Casi
Casi cumulativi,250497,463093,559719,565254,715290,766464,483771,349414,259701,89184,4502387,5.563648793,10.28549967,12.43160572,12.55454051,15.88690621,17.02350331,10.74476716,7.760638968,5.768073691,1.980815954,Casi
Decessi 26/8/2021,0,0,0,0,1,2,8,13,16,6,46,0,0,0,0,2.173913043,4.347826087,17.39130435,28.26086957,34.7826087,13.04347826,Decessi
Decessi ultimi 26 giorni,0,1,5,4,22,51,99,199,266,127,774,0,0.129198966,0.645994832,0.516795866,2.842377261,6.589147287,12.79069767,25.71059432,34.36692506,16.40826873,Decessi
Decessi cumulativi,14,17,72,265,1149,4590,13233,32320,51609,24777,128046,0.010933571,0.013276479,0.056229792,0.206956875,0.897333771,3.584649267,10.33456726,25.24092904,40.30504662,19.35007732,Decessi
Vaccini 26/8/2021,0,65630,60527,51343,42877,29901,14794,6937,2134,418,274561,0,23.9036134,22.04501003,18.70003387,15.61656608,10.89047607,5.388237951,2.526578793,0.777240759,0.152243035,Vaccini
Vaccini ultimi 26 giorni,0,1499457,1821637,1539624,1233208,859661,573287,201683,44836,9743,7783136,0,19.26546061,23.40492316,19.78153793,15.84461585,11.04517511,7.365758481,2.591281972,0.576065997,0.125180904,Vaccini
Vaccini cumulativi,0,3796966,7629891,8269223,11689661,14231910,12090195,10427424,6800927,1557684,76493881,0,4.963751284,9.974511556,10.81030651,15.28182496,18.6052921,15.8054407,13.63170997,8.890811802,2.036351117,Vaccini
