Categoria,0-9 anni,10-19 anni,20-29 anni,30-39 anni,40-49 anni,50-59 anni,60-69 anni,70-79 anni,80-89 anni,oltre 90 anni,Tutte le età,0-9 anni,10-19 anni,20-29 anni,30-39 anni,40-49 anni,50-59 anni,60-69 anni,70-79 anni,80-89 anni,oltre 90 anni,Labels
Casi 15/3/2021,2174,3275,3408,3566,4680,4976,3032,2258,1331,305,29005,7.495259438,11.2911567,11.74969833,12.29443199,16.13514911,17.15566282,10.45337011,7.784864679,4.588863989,1.051542837,Casi
Casi ultimi 23 giorni,30480,49598,52116,55633,72398,74034,46971,33135,20164,4680,439209,6.939748502,11.29257369,11.86587707,12.66663479,16.48372415,16.85621196,10.69445298,7.544244312,4.590980604,1.065551935,Casi
Casi cumulativi,152170,290284,380918,397275,513456,565049,356948,264423,214692,77270,3212485,4.736831456,9.036120013,11.85742502,12.36659471,15.98314078,17.58915606,11.11127367,8.231104581,6.68305066,2.40530306,Casi
Decessi 15/3/2021,0,0,-1,2,2,39,59,153,178,83,515,0,0,-0.194174757,0.388349515,0.388349515,7.572815534,11.45631068,29.70873786,34.5631068,16.11650485,Decessi
Decessi ultimi 23 giorni,0,4,2,11,78,278,686,1870,3021,1390,7340,0,0.054495913,0.027247956,0.14986376,1.0626703,3.78746594,9.346049046,25.47683924,41.15803815,18.9373297,Decessi
Decessi cumulativi,6,14,51,191,851,3306,9537,24551,42021,20604,101132,0.00593284,0.013843294,0.050429142,0.188862081,0.841474509,3.268994977,9.430249575,24.27619349,41.55064668,20.37337341,Decessi
Vaccini 15/3/2021,0,45,1867,2558,3866,5193,3461,2806,23270,4475,47541,0,0.09465514,3.927136577,5.380618834,8.13192823,10.92320313,7.280031972,5.902273827,48.9472245,9.412927789,Vaccini
Vaccini ultimi 23 giorni,0,2960,176717,264311,400102,514621,292925,94962,1226924,289828,3263350,0,0.090704338,5.41520217,8.099376408,12.26046854,15.76971517,8.976205433,2.909954495,37.5970705,8.881302956,Vaccini
Vaccini cumulativi,0,6710,533645,778400,1045056,1344818,797499,227824,1577400,458440,6769792,0,0.099116782,7.882738495,11.49813761,15.4370474,19.86498256,11.78025854,3.365302804,23.30056817,6.771847643,Vaccini
