Categoria,0-9 anni,10-19 anni,20-29 anni,30-39 anni,40-49 anni,50-59 anni,60-69 anni,70-79 anni,80-89 anni,oltre 90 anni,Tutte le età,0-9 anni,10-19 anni,20-29 anni,30-39 anni,40-49 anni,50-59 anni,60-69 anni,70-79 anni,80-89 anni,oltre 90 anni,Labels
Casi 22/9-24/9/2021,1035,1040,914,1150,1255,997,683,505,342,90,8011,12.91973536,12.98214954,11.4093122,14.35526152,15.66595931,12.44538759,8.525777057,6.303832231,4.269129946,1.123455249,Casi
Casi ultimi 28 giorni,14408,31061,32203,25331,25392,21842,12319,7660,4822,1353,176391,8.168217199,17.60917507,18.25660039,14.36071001,14.39529228,12.38271794,6.983916413,4.342625191,2.733699565,0.767045938,Casi
Casi cumulativi,266009,484681,580610,588096,739112,786282,495802,357407,265021,90765,4653785,5.715970978,10.41476991,12.4760813,12.63693961,15.88195415,16.89553772,10.65373669,7.679920753,5.694740947,1.950347943,Casi
Decessi 22/9-24/9/2021,0,0,1,6,2,10,19,33,46,29,146,0,0,0.684931507,4.109589041,1.369863014,6.849315068,13.01369863,22.60273973,31.50684932,19.8630137,Decessi
Decessi ultimi 28 giorni,0,0,4,12,37,99,211,352,498,245,1458,0,0,0.274348422,0.823045267,2.537722908,6.790123457,14.47187929,24.14266118,34.1563786,16.80384088,Decessi
Decessi cumulativi,15,19,76,287,1195,4730,13528,32795,52267,25140,130052,0.011533848,0.014609541,0.058438163,0.220680958,0.918863224,3.637006736,10.40199305,25.21683634,40.18930889,19.33072925,Decessi
Vaccini 24/9/2021,0,32558,27083,30030,28416,22611,10050,4551,1649,334,157282,0,20.70039801,17.21938938,19.09309393,18.06691166,14.37608881,6.389796671,2.893528821,1.048435295,0.212357422,Vaccini
Vaccini ultimi 28 giorni,0,1661820,1349327,1245825,1086579,759604,331499,155220,53108,10588,6653570,0,24.97636607,20.27974456,18.72415861,16.33076679,11.41648769,4.982272675,2.332882949,0.79818804,0.159132616,Vaccini
Vaccini cumulativi,0,5532470,9065411,9593525,12843916,15044268,12451442,10598501,6863103,1570734,83563370,0,6.620687988,10.84854644,11.48053866,15.37027049,18.00342423,14.90059819,12.68319001,8.213051963,1.879692023,Vaccini
