Categoria,0-9 anni,10-19 anni,20-29 anni,30-39 anni,40-49 anni,50-59 anni,60-69 anni,70-79 anni,80-89 anni,oltre 90 anni,Tutte le età,0-9 anni,10-19 anni,20-29 anni,30-39 anni,40-49 anni,50-59 anni,60-69 anni,70-79 anni,80-89 anni,oltre 90 anni,Labels
Casi 8/12/2021,1579,1563,961,1441,1914,1616,1044,701,300,89,11208,14.08815132,13.94539615,8.574232691,12.85688794,17.07708779,14.41827266,9.314775161,6.254461099,2.676659529,0.79407566,Casi
Casi ultimi 28 giorni,14408,31061,32203,25331,25392,21842,12319,7660,4822,1353,176391,8.168217199,17.60917507,18.25660039,14.36071001,14.39529228,12.38271794,6.983916413,4.342625191,2.733699565,0.767045938,Casi
Casi cumulativi,327249,550898,624959,648999,822385,857370,543663,391371,282815,95889,5145598,6.359785588,10.70619975,12.14550767,12.61270313,15.98230177,16.6622033,10.56559413,7.605938124,5.496251359,1.863515183,Casi
Decessi 8/12/2021,0,0,0,0,1,1,7,16,36,15,76,0,0,0,0,1.315789474,1.315789474,9.210526316,21.05263158,47.36842105,19.73684211,Decessi
Decessi ultimi 28 giorni,0,0,4,12,37,99,211,352,498,245,1458,0,0,0.274348422,0.823045267,2.537722908,6.790123457,14.47187929,24.14266118,34.1563786,16.80384088,Decessi
Decessi cumulativi,14,20,80,303,1254,4920,13936,33635,53670,25931,133763,0.010466272,0.014951818,0.059807271,0.226520039,0.937478974,3.678147171,10.41842662,25.14521953,40.12320298,19.38577933,Decessi
Vaccini 8/12/2021,0,11596,18184,24401,35080,64195,52526,50020,13532,2193,271727,0,4.267518502,6.692010731,8.979968866,12.9100163,23.62481461,19.33043091,18.40818174,4.979998307,0.807060027,Vaccini
Vaccini ultimi 28 giorni,0,319879,482507,632344,974634,1573243,1617689,1580556,1072640,205661,8459153,0,3.781454243,5.703963506,7.475263776,11.52164998,18.59811496,19.123534,18.6845657,12.68022933,2.431224497,Vaccini
Vaccini cumulativi,0,6714916,10589380,11455426,15011178,17680412,14749326,12666374,9182804,2033601,100083417,0,6.709319287,10.58055402,11.44587819,14.99866656,17.66567582,14.73703281,12.6558169,9.175150365,2.031906045,Vaccini
