Categoria,0-9 anni,10-19 anni,20-29 anni,30-39 anni,40-49 anni,50-59 anni,60-69 anni,70-79 anni,80-89 anni,oltre 90 anni,Tutte le età,0-9 anni,10-19 anni,20-29 anni,30-39 anni,40-49 anni,50-59 anni,60-69 anni,70-79 anni,80-89 anni,oltre 90 anni,Labels
Casi 12/9/2021,382,467,496,583,565,479,298,187,101,46,3604,10.59933407,12.95782464,13.76248613,16.17647059,15.67702553,13.29078801,8.268590455,5.188679245,2.802441731,1.2763596,Casi
Casi ultimi 28 giorni,14408,31061,32203,25331,25392,21842,12319,7660,4822,1353,176391,8.168217199,17.60917507,18.25660039,14.36071001,14.39529228,12.38271794,6.983916413,4.342625191,2.733699565,0.767045938,Casi
Casi cumulativi,259613,477727,574536,580257,730749,779288,491112,354244,262816,90102,4600444,5.643216177,10.38436725,12.48870761,12.61306517,15.88431464,16.93940846,10.67531743,7.700213284,5.712839891,1.958550088,Casi
Decessi 12/9/2021,0,0,0,0,1,1,3,3,14,8,30,0,0,0,0,3.333333333,3.333333333,10,10,46.66666667,26.66666667,Decessi
Decessi ultimi 28 giorni,0,0,4,12,37,99,211,352,498,245,1458,0,0,0.274348422,0.823045267,2.537722908,6.790123457,14.47187929,24.14266118,34.1563786,16.80384088,Decessi
Decessi cumulativi,14,19,73,276,1177,4679,13415,32626,52046,24994,129319,0.010825942,0.01469235,0.056449555,0.213425715,0.910152414,3.61818449,10.37357233,25.22908467,40.24621285,19.32739969,Decessi
Vaccini 12/9/2021,0,31670,25228,25044,23696,15066,5272,2346,735,111,129168,0,24.51845658,19.53115323,19.38870308,18.34510095,11.6638796,4.081506255,1.816239316,0.569026384,0.085934597,Vaccini
Vaccini ultimi 28 giorni,0,1705536,1491289,1289679,1128796,752213,374917,163629,50534,10049,6966642,0,24.48146467,21.40613799,18.5122043,16.20287077,10.79735402,5.381602787,2.348749943,0.725370989,0.14424453,Vaccini
Vaccini cumulativi,0,4919598,8557560,9087315,12397685,14706165,12304426,10528725,6836294,1565008,80902776,0,6.080876631,10.57758513,11.2323896,15.3241775,18.17757774,15.20890457,13.01404664,8.450011653,1.934430532,Vaccini
