Categoria,0-9 anni,10-19 anni,20-29 anni,30-39 anni,40-49 anni,50-59 anni,60-69 anni,70-79 anni,80-89 anni,oltre 90 anni,Tutte le età,0-9 anni,10-19 anni,20-29 anni,30-39 anni,40-49 anni,50-59 anni,60-69 anni,70-79 anni,80-89 anni,oltre 90 anni,Labels
Casi 13/1/2022,11317,19467,20582,20228,22931,21231,11221,6364,3131,817,137289,8.243195012,14.17957739,14.99173277,14.73388254,16.702722,15.46445819,8.173269526,4.635476987,2.280590579,0.595095019,Casi
Casi ultimi 28 giorni,14408,31061,32203,25331,25392,21842,12319,7660,4822,1353,176391,8.168217199,17.60917507,18.25660039,14.36071001,14.39529228,12.38271794,6.983916413,4.342625191,2.733699565,0.767045938,Casi
Casi cumulativi,517022,917402,1080828,1041281,1257483,1245249,745073,504976,332055,107354,7748723,6.672351044,11.83939599,13.94846609,13.43809812,16.2282611,16.07037702,9.615429536,6.516893171,4.28528675,1.385441188,Casi
Decessi 13/1/2022,0,1,0,0,1,20,34,73,90,38,257,0,0.389105058,0,0,0.389105058,7.782101167,13.22957198,28.40466926,35.01945525,14.78599222,Decessi
Decessi ultimi 28 giorni,0,0,4,12,37,99,211,352,498,245,1458,0,0,0.274348422,0.823045267,2.537722908,6.790123457,14.47187929,24.14266118,34.1563786,16.80384088,Decessi
Decessi cumulativi,15,23,82,323,1313,5153,14501,34994,55635,26863,138902,0.010798981,0.016558437,0.059034427,0.232538048,0.945270766,3.709809794,10.43973449,25.19330175,40.05341896,19.33953435,Decessi
