Categoria,0-9 anni,10-19 anni,20-29 anni,30-39 anni,40-49 anni,50-59 anni,60-69 anni,70-79 anni,80-89 anni,oltre 90 anni,Tutte le età,0-9 anni,10-19 anni,20-29 anni,30-39 anni,40-49 anni,50-59 anni,60-69 anni,70-79 anni,80-89 anni,oltre 90 anni,Labels
Casi 24 ore,1090,1585,1948,2024,2649,2880,1915,1464,1040,404,16999,6.412141891,9.324077887,11.45949762,11.90658274,15.5832696,16.94217307,11.26536855,8.61227131,6.118006942,2.376610389,Casi
Casi ultimi 24 giorni,18011,33275,44959,46891,58272,64229,42855,32016,24934,8628,374070,4.8,8.89539391,12.01887347,12.53535435,15.57783303,17.17031572,11.4564119,8.558825888,6.665597348,2.30652017,Casi
Casi cumulativi,97681,205228,293212,301176,388545,436894,274776,206122,176444,67227,2447305,4,8.385877527,11.98101585,12.30643504,15.87644368,17.85204541,11.22769741,8.422407505,7.209726618,2.746980863,Casi
Decessi 24 ore,0,0,0,1,3,10,29,79,134,68,324,0,0,0,0.308641975,0.925925926,3.086419753,8.950617284,24.38271605,41.35802469,20.98765432,Decessi
Decessi ultimi 24 giorni,0,0,9,20,90,338,1014,2773,5245,2704,12193,0,0,0.073812843,0.164028541,0.738128434,2.772082342,8.316247027,22.7425572,43.01648487,22.17665874,Decessi
Decessi cumulativi,5,5,44,171,698,2740,7919,20450,34837,16994,83863,0,0.005962105,0.052466523,0.203903986,0.832309839,3.267233464,9.44278168,24.38500888,41.54036941,20.264002,Decessi
Vaccini 48 ore,0,28,7962,14313,17871,23863,15119,1921,2460,2102,85639,0,0.032695384,9.297166011,16.71317974,20.86782891,27.86464111,17.65433973,2.243136889,2.872523033,2.454489193,Vaccini
Vaccini ultimi 20 giorni,0,1171,127113,193381,240800,326983,206080,46383,65719,50875,1258505,0,0.093046909,10.10031744,15.36593021,19.13381353,25.98185943,16.3749846,3.685563426,5.221989583,4.042494865,Vaccini
Vaccini cumulativi,0,1342,143719,221292,277146,372371,229413,48681,69203,53517,1416684,0,0.094728253,10.14474646,15.62042064,19.5630077,26.28469016,16.19366069,3.436263839,4.884857879,3.777624368,Vaccini
