Categoria,0-9 anni,10-19 anni,20-29 anni,30-39 anni,40-49 anni,50-59 anni,60-69 anni,70-79 anni,80-89 anni,oltre 90 anni,Tutte le età,0-9 anni,10-19 anni,20-29 anni,30-39 anni,40-49 anni,50-59 anni,60-69 anni,70-79 anni,80-89 anni,oltre 90 anni,Labels
Casi 12/2/2022,10325,10836,7092,10644,12692,10022,5549,3528,2215,713,73616,14.02548359,14.71962617,9.633775266,14.4588133,17.24081721,13.61388829,7.53776353,4.792436427,3.00885677,0.968539448,Casi
Casi ultimi 28 giorni,14408,31061,32203,25331,25392,21842,12319,7660,4822,1353,176391,8.168217199,17.60917507,18.25660039,14.36071001,14.39529228,12.38271794,6.983916413,4.342625191,2.733699565,0.767045938,Casi
Casi cumulativi,1054579,1518955,1526483,1607731,1925871,1786588,1033996,673234,429363,136775,11693575,9.018448165,12.98965458,13.05403181,13.74884071,16.46948003,15.27837295,8.842428428,5.757298345,3.671785575,1.169659407,Casi
Decessi 12/2/2022,2,-1,1,1,4,10,31,70,105,83,306,0.653594771,-0.326797386,0.326797386,0.326797386,1.307189542,3.267973856,10.13071895,22.87581699,34.31372549,27.12418301,Decessi
Decessi ultimi 28 giorni,0,0,4,12,37,99,211,352,498,245,1458,0,0,0.274348422,0.823045267,2.537722908,6.790123457,14.47187929,24.14266118,34.1563786,16.80384088,Decessi
Decessi cumulativi,20,26,101,363,1417,5486,15405,37146,59311,28859,148134,0.013501289,0.017551676,0.068181511,0.245048402,0.956566352,3.703403675,10.39936814,25.07594475,40.0387487,19.4816855,Decessi
