Categoria,0-9 anni,10-19 anni,20-29 anni,30-39 anni,40-49 anni,50-59 anni,60-69 anni,70-79 anni,80-89 anni,oltre 90 anni,Tutte le età,0-9 anni,10-19 anni,20-29 anni,30-39 anni,40-49 anni,50-59 anni,60-69 anni,70-79 anni,80-89 anni,oltre 90 anni,Labels
Casi 7/1/2022,7695,17955,25976,20515,21378,19175,9724,5305,2361,530,130614,5.891405209,13.74661215,19.88760776,15.70658582,16.36731131,14.6806621,7.44483746,4.061586047,1.807616335,0.405775797,Casi
Casi ultimi 28 giorni,14408,31061,32203,25331,25392,21842,12319,7660,4822,1353,176391,8.168217199,17.60917507,18.25660039,14.36071001,14.39529228,12.38271794,6.983916413,4.342625191,2.733699565,0.767045938,Casi
Casi cumulativi,450782,778518,917195,895021,1091250,1090204,668195,463695,313203,102950,6771013,6.657526725,11.4978069,13.54590517,13.21842094,16.11649542,16.10104721,9.86846429,6.848236741,4.625644641,1.520451962,Casi
Decessi 7/1/2022,0,0,0,2,1,12,30,55,86,36,222,0,0,0,0.900900901,0.45045045,5.405405405,13.51351351,24.77477477,38.73873874,16.21621622,Decessi
Decessi ultimi 28 giorni,0,0,4,12,37,99,211,352,498,245,1458,0,0,0.274348422,0.823045267,2.537722908,6.790123457,14.47187929,24.14266118,34.1563786,16.80384088,Decessi
Decessi cumulativi,15,21,81,317,1293,5089,14342,34660,55164,26637,137619,0.010899658,0.015259521,0.058858152,0.2303461,0.939550498,3.697890553,10.4215261,25.18547584,40.08458134,19.35561223,Decessi
