Categoria,0-9 anni,10-19 anni,20-29 anni,30-39 anni,40-49 anni,50-59 anni,60-69 anni,70-79 anni,80-89 anni,oltre 90 anni,Tutte le età,0-9 anni,10-19 anni,20-29 anni,30-39 anni,40-49 anni,50-59 anni,60-69 anni,70-79 anni,80-89 anni,oltre 90 anni,Labels
Casi 6/3/2021,1813,2952,3327,3385,4407,4675,2799,1996,1195,292,26841,6.754591856,10.99809992,12.39521627,12.6113036,16.41891137,17.41738385,10.42807645,7.436384635,4.452144108,1.087887933,Casi
Casi ultimi 28 giorni,30406,48947,48958,53601,69459,70286,44753,31784,20256,5196,423646,7.177218716,11.55375006,11.55634657,12.65230877,16.39552834,16.59073849,10.56377258,7.502490287,4.781350467,1.226495706,Casi
Casi cumulativi,138940,269271,358280,373231,481927,532261,336329,249808,205909,75321,3021277,4.598717695,8.912489653,11.85856179,12.35341877,15.9511028,17.61708708,11.13201471,8.268291851,6.815296975,2.493018681,Casi
Decessi 6/3/2021,0,0,0,0,4,12,19,84,130,49,298,0,0,0,0,1.342281879,4.026845638,6.375838926,28.18791946,43.62416107,16.44295302,Decessi
Decessi ultimi 28 giorni,1,2,6,9,87,291,852,2142,3661,1772,8823,0.011334013,0.022668027,0.06800408,0.10200612,0.986059164,3.298197892,9.656579395,24.27745665,41.49382296,20.0838717,Decessi
Decessi cumulativi,6,11,51,184,817,3170,9246,23752,40716,19993,97946,0.006125824,0.011230678,0.052069508,0.187858616,0.834133094,3.236477243,9.439895453,24.25009699,41.56984461,20.41226798,Decessi
Vaccini 6/3/2021,0,63,3920,6198,9418,12112,8423,2751,22731,4219,69835,0,0.090212644,5.613231188,8.875205842,13.48607432,17.34373881,12.06128732,3.939285459,32.54958116,6.041383261,Vaccini
Vaccini ultimi 28 giorni,0,2660,188263,257299,366071,441684,238750,81524,866493,226997,2669741,0,0.099635133,7.051732734,9.63760155,13.71185445,16.54407675,8.942815052,3.053629547,32.45606971,8.502585082,Vaccini
Vaccini cumulativi,0,5190,450580,654646,862378,1109038,652975,173598,995197,328106,5231708,0,0.099202784,8.612483724,12.51304545,16.4836799,21.19839257,12.4811056,3.318189777,19.02241104,6.271489158,Vaccini
