Categoria,0-9 anni,10-19 anni,20-29 anni,30-39 anni,40-49 anni,50-59 anni,60-69 anni,70-79 anni,80-89 anni,oltre 90 anni,Tutte le età,0-9 anni,10-19 anni,20-29 anni,30-39 anni,40-49 anni,50-59 anni,60-69 anni,70-79 anni,80-89 anni,oltre 90 anni,Labels
Casi 4/2/2022,19741,20897,12880,18656,21703,16090,9215,5642,3698,1275,129797,15.20913426,16.09975577,9.923187747,14.37321356,16.72072544,12.39628035,7.099547755,4.346787676,2.849064308,0.982303135,Casi
Casi ultimi 28 giorni,14408,31061,32203,25331,25392,21842,12319,7660,4822,1353,176391,8.168217199,17.60917507,18.25660039,14.36071001,14.39529228,12.38271794,6.983916413,4.342625191,2.733699565,0.767045938,Casi
Casi cumulativi,964824,1430354,1470550,1525052,1826975,1710034,990931,645927,411044,130358,11106049,8.687373881,12.87905357,13.24098246,13.73172404,16.45026958,15.39732087,8.922443976,5.815992708,3.701082176,1.173756752,Casi
Decessi 4/2/2022,0,0,1,1,5,31,45,139,260,136,618,0,0,0.161812298,0.161812298,0.809061489,5.01618123,7.281553398,22.49190939,42.07119741,22.00647249,Decessi
Decessi ultimi 28 giorni,0,0,4,12,37,99,211,352,498,245,1458,0,0,0.274348422,0.823045267,2.537722908,6.790123457,14.47187929,24.14266118,34.1563786,16.80384088,Decessi
Decessi cumulativi,17,27,96,351,1396,5411,15188,36632,58390,28301,145809,0.011659088,0.018517375,0.065839557,0.240725881,0.957416895,3.71101921,10.41636662,25.12327771,40.04553903,19.40963864,Decessi
