Categoria,0-9 anni,10-19 anni,20-29 anni,30-39 anni,40-49 anni,50-59 anni,60-69 anni,70-79 anni,80-89 anni,oltre 90 anni,Tutte le età,0-9 anni,10-19 anni,20-29 anni,30-39 anni,40-49 anni,50-59 anni,60-69 anni,70-79 anni,80-89 anni,oltre 90 anni,Labels
Casi 1/9-3/9/2021,1333,2002,2068,2236,2266,1745,984,661,412,130,13837,9.633591096,14.46845414,14.94543615,16.15957216,16.37638216,12.61111513,7.111368071,4.777047048,2.97752403,0.939510009,Casi
Casi ultimi 27 giorni,14086,30679,31732,24871,24936,21435,12081,7495,4730,1330,173375,8.124585436,17.69516943,18.30252343,14.34520548,14.38269647,12.36337419,6.96813266,4.322999279,2.728190339,0.767123288,Casi
Casi cumulativi,255294,471480,568316,573531,723808,773396,487636,351974,261298,89634,4556367,5.603016614,10.34771782,12.47300755,12.58746277,15.88563871,16.97396193,10.70229856,7.724882565,5.734788264,1.967225204,Casi
Decessi 1/9-3/9/2021,-1,0,0,3,6,9,15,32,36,17,117,-0.854700855,0,0,2.564102564,5.128205128,7.692307692,12.82051282,27.35042735,30.76923077,14.52991453,Decessi
Decessi ultimi 27 giorni,0,0,4,11,37,99,207,345,487,243,1433,0,0,0.279134682,0.767620377,2.581995813,6.908583391,14.44521982,24.07536636,33.98464759,16.95743196,Decessi
Decessi cumulativi,14,17,73,272,1168,4645,13348,32501,51873,24910,128821,0.010867793,0.013196606,0.056667779,0.211145698,0.906684469,3.605778561,10.36166464,25.22958213,40.26750297,19.33690935,Decessi
Vaccini 3/9/2021,0,53448,46538,39363,32406,23104,11138,5618,1777,342,213734,0,25.00678413,21.77379359,18.41681717,15.16183668,10.80969804,5.211150308,2.628500847,0.831407263,0.160011978,Vaccini
Vaccini ultimi 27 giorni,0,1573162,1586794,1316713,1105553,779138,429237,171113,47358,9778,7018846,0,22.41339958,22.60761954,18.7596793,15.75120753,11.10065672,6.11549249,2.437907884,0.674726301,0.13931065,Vaccini
Vaccini cumulativi,0,4337586,8112884,8686213,12043923,14471965,12205224,10480536,6818748,1561396,78718475,0,5.510251564,10.30620067,11.03452906,15.29999533,18.38445803,15.50490403,13.31394695,8.662195247,1.983519117,Vaccini
