Categoria,0-9 anni,10-19 anni,20-29 anni,30-39 anni,40-49 anni,50-59 anni,60-69 anni,70-79 anni,80-89 anni,oltre 90 anni,Tutte le età,0-9 anni,10-19 anni,20-29 anni,30-39 anni,40-49 anni,50-59 anni,60-69 anni,70-79 anni,80-89 anni,oltre 90 anni,Labels
Casi 4/11/2021,415,402,305,388,587,508,343,257,128,48,3381,12.27447501,11.88997338,9.020999704,11.47589471,17.3617273,15.02514049,10.14492754,7.60130139,3.785862171,1.419698314,Casi
Casi ultimi 28 giorni,14408,31061,32203,25331,25392,21842,12319,7660,4822,1353,176391,8.168217199,17.60917507,18.25660039,14.36071001,14.39529228,12.38271794,6.983916413,4.342625191,2.733699565,0.767045938,Casi
Casi cumulativi,283145,501668,592981,606064,761479,804990,508791,366453,270920,92641,4789132,5.912240464,10.47513412,12.3818053,12.65498633,15.90014641,16.80868266,10.6238667,7.651762365,5.656975001,1.934400639,Casi
Decessi 4/11/2021,0,0,0,0,1,3,2,11,25,18,60,0,0,0,0,1.666666667,5,3.333333333,18.33333333,41.66666667,30,Decessi
Decessi ultimi 28 giorni,0,0,4,12,37,99,211,352,498,245,1458,0,0,0.274348422,0.823045267,2.537722908,6.790123457,14.47187929,24.14266118,34.1563786,16.80384088,Decessi
Decessi cumulativi,15,21,79,293,1230,4825,13731,33113,52853,25459,131619,0.011396531,0.015955143,0.060021729,0.222612237,0.934515533,3.665884105,10.43238438,25.15822184,40.1560565,19.34295201,Decessi
Vaccini 4/11/2021,0,3748,9534,11989,12462,12554,12990,12732,27128,4230,107367,0,3.490830516,8.879823409,11.16637328,11.60691833,11.69260574,12.09868954,11.85839224,25.26660892,3.939758026,Vaccini
Vaccini ultimi 28 giorni,0,364831,545274,662715,643473,571695,364317,236248,817372,173519,4379444,0,8.330532369,12.45075859,15.13240037,14.69302953,13.05405435,8.318795719,5.394474732,18.66383039,3.962123959,Vaccini
Vaccini cumulativi,0,6331949,9997547,10689631,13894841,15947711,12985518,10936321,7806025,1769683,90359226,0,7.007529037,11.06422381,11.83014892,15.37733513,17.64923374,14.37099295,12.10315923,8.638879886,1.958497298,Vaccini
