Categoria,0-9 anni,10-19 anni,20-29 anni,30-39 anni,40-49 anni,50-59 anni,60-69 anni,70-79 anni,80-89 anni,oltre 90 anni,Tutte le età,0-9 anni,10-19 anni,20-29 anni,30-39 anni,40-49 anni,50-59 anni,60-69 anni,70-79 anni,80-89 anni,oltre 90 anni,Labels
Casi 16/2/2021,949,1471,1356,1567,2022,2059,1386,968,611,148,12537,7.569594002,11.73326952,10.81598469,12.49900295,16.12826035,16.42338678,11.05527638,7.72114541,4.87357422,1.180505703,Casi
Casi ultimi 18 giorni,16263,24013,23591,27062,35114,36010,23602,16838,12000,3458,217951,7.46176893,11.01761405,10.82399255,12.41655234,16.11096072,16.5220623,10.82903955,7.725589697,5.505824704,1.586595152,Casi
Casi cumulativi,118159,234919,323147,335416,433099,483042,304993,227788,192393,72033,2724989,4.336127595,8.620915534,11.85865337,12.30889372,15.89360544,17.72638348,11.19244885,8.359226404,7.060322078,2.643423515,Casi
Decessi 16/2/2021,0,0,2,0,3,14,48,110,156,64,397,0,0,0.503778338,0,0.755667506,3.526448363,12.0906801,27.70780856,39.29471033,16.1209068,Decessi
Decessi ultimi 18 giorni,1,1,4,7,44,192,592,1468,2670,1417,6396,0.015634772,0.015634772,0.062539087,0.109443402,0.687929956,3.001876173,9.255784866,22.9518449,41.74484053,22.15447154,Decessi
Decessi cumulativi,6,10,49,178,757,2991,8721,22419,38467,18919,92517,0.006485295,0.010808824,0.052963239,0.192397073,0.818228001,3.232919355,9.426375693,24.23230325,41.57830453,20.44921474,Decessi
Vaccini 16/2/2021,0,50,3676,5411,6931,6830,3994,1782,15579,2793,47046,0,0.106278961,7.813629214,11.50150916,14.73238958,14.51770607,8.489563406,3.787782171,33.11439867,5.936742762,Vaccini
Vaccini ultimi 18 giorni,0,1841,141061,178300,221065,277889,174946,58295,142997,64235,1260629,0,0.146038208,11.18973148,14.14373301,17.53608714,22.0436782,13.87767535,4.624278832,11.3433056,5.095472181,Vaccini
Vaccini cumulativi,0,3382,323603,469719,584419,768018,476811,119376,229686,133386,3108400,0,0.108801956,10.41059709,15.11127911,18.8012804,24.70782396,15.33943508,3.840432377,7.389203449,4.291146571,Vaccini
