Categoria,0-9 anni,10-19 anni,20-29 anni,30-39 anni,40-49 anni,50-59 anni,60-69 anni,70-79 anni,80-89 anni,oltre 90 anni,Tutte le età,0-9 anni,10-19 anni,20-29 anni,30-39 anni,40-49 anni,50-59 anni,60-69 anni,70-79 anni,80-89 anni,oltre 90 anni,Labels
Casi 1/2/2022,8822,9814,5771,7972,10453,7787,4132,2291,1438,462,58942,14.96725595,16.65026636,9.790980964,13.52516033,17.73438295,13.21129246,7.010281293,3.88687184,2.439686471,0.783821384,Casi
Casi ultimi 28 giorni,14408,31061,32203,25331,25392,21842,12319,7660,4822,1353,176391,8.168217199,17.60917507,18.25660039,14.36071001,14.39529228,12.38271794,6.983916413,4.342625191,2.733699565,0.767045938,Casi
Casi cumulativi,867247,1321245,1397611,1426935,1706357,1613679,939937,616436,394625,125580,10409652,8.331181484,12.69249923,13.42610685,13.70780695,16.39206575,15.50175741,9.029475721,5.92177337,3.790952858,1.206380386,Casi
Decessi 1/2/2022,0,0,0,1,1,9,9,34,60,28,142,0,0,0,0.704225352,0.704225352,6.338028169,6.338028169,23.94366197,42.25352113,19.71830986,Decessi
Decessi ultimi 28 giorni,0,0,4,12,37,99,211,352,498,245,1458,0,0,0.274348422,0.823045267,2.537722908,6.790123457,14.47187929,24.14266118,34.1563786,16.80384088,Decessi
Decessi cumulativi,17,28,95,351,1378,5352,15072,36312,57814,28042,144461,0.011767882,0.019382394,0.065761693,0.242972152,0.953890669,3.704806141,10.43326573,25.13619593,40.02048996,19.41146745,Decessi
