Categoria,0-9 anni,10-19 anni,20-29 anni,30-39 anni,40-49 anni,50-59 anni,60-69 anni,70-79 anni,80-89 anni,oltre 90 anni,Tutte le età,0-9 anni,10-19 anni,20-29 anni,30-39 anni,40-49 anni,50-59 anni,60-69 anni,70-79 anni,80-89 anni,oltre 90 anni,Labels
Casi 19/7/2021,174,1019,1239,502,389,367,185,82,47,16,4020,4.328358209,25.34825871,30.82089552,12.48756219,9.676616915,9.129353234,4.60199005,2.039800995,1.169154229,0.39800995,Casi
Casi ultimi 23 giorni,2620,8842,10779,6750,6575,6268,3462,1880,836,196,48208,5.434782609,18.34135413,22.35935944,14.00182542,13.63881513,13.00199137,7.181380684,3.899767673,1.734152008,0.406571523,Casi
Casi cumulativi,235670,418183,513570,535951,687308,741758,470539,341710,254839,87911,4287439,5.496754589,9.753678128,11.97847946,12.50049272,16.03073536,17.30072428,10.9748267,7.970025929,5.943851329,2.050431505,Casi
Decessi 19/7/2021,0,0,0,0,0,0,2,4,6,2,14,0,0,0,0,0,0,14.28571429,28.57142857,42.85714286,14.28571429,Decessi
Decessi ultimi 23 giorni,-1,-1,1,5,2,43,60,127,190,86,512,-0.1953125,-0.1953125,0.1953125,0.9765625,0.390625,8.3984375,11.71875,24.8046875,37.109375,16.796875,Decessi
Decessi cumulativi,12,16,69,258,1123,4525,13101,32058,51260,24595,127017,0.009447554,0.012596739,0.054323437,0.203122417,0.88413362,3.562515254,10.31436737,25.23914122,40.35680263,19.36354976,Decessi
Vaccini 19/7/2021,0,43053,81940,85748,141102,81406,77829,42033,2575,584,556270,0,7.739586891,14.73025689,15.41481655,25.36573966,14.63426034,13.99122728,7.556222698,0.462904705,0.104984989,Vaccini
Vaccini ultimi 23 giorni,0,844857,1603128,1551982,2458463,2710462,1543221,1522837,97915,23696,12356561,0,6.83731501,12.97390107,12.55998332,19.89601314,21.93540743,12.48908171,12.32411672,0.792413035,0.191768567,Vaccini
Vaccini cumulativi,0,1667117,4577280,5510771,9130565,12552927,10658153,9790584,6702187,1533618,62123202,0,2.683565796,7.368068375,8.870713071,14.69751189,20.20650352,17.15647722,15.75994747,10.78854081,2.46867185,Vaccini
