Categoria,0-9 anni,10-19 anni,20-29 anni,30-39 anni,40-49 anni,50-59 anni,60-69 anni,70-79 anni,80-89 anni,oltre 90 anni,Tutte le età,0-9 anni,10-19 anni,20-29 anni,30-39 anni,40-49 anni,50-59 anni,60-69 anni,70-79 anni,80-89 anni,oltre 90 anni,Labels
Casi 10/8/2021,539,1474,1598,1038,1027,891,470,281,192,57,7567,7.123034228,19.47931809,21.11801242,13.71745738,13.57208934,11.77481168,6.211180124,3.713492798,2.537333157,0.753270781,Casi
Casi ultimi 24 giorni,7062,28022,28763,15954,14528,12819,6410,3544,2196,527,119825,5.893594826,23.38577092,24.00417275,13.31441686,12.12434801,10.6981014,5.349467974,2.957646568,1.832672648,0.439808053,Casi
Casi cumulativi,242467,444615,540544,551159,701220,754023,476688,345118,256952,88416,4401202,5.509108648,10.10212665,12.28173576,12.52291988,15.93246572,17.13220616,10.83085939,7.841448768,5.838223285,2.008905749,Casi
Decessi 10/8/2021,0,0,0,0,3,0,5,9,10,2,29,0,0,0,0,10.34482759,0,17.24137931,31.03448276,34.48275862,6.896551724,Decessi
Decessi ultimi 24 giorni,2,1,0,3,11,24,50,121,154,83,449,0.445434298,0.222717149,0,0.668151448,2.449888641,5.345211581,11.13585746,26.94877506,34.29844098,18.48552339,Decessi
Decessi cumulativi,14,17,69,261,1134,4549,13149,32172,51406,24675,127446,0.010985045,0.013338983,0.054140577,0.204792618,0.889788616,3.569354864,10.31731086,25.2436326,40.33551465,19.36114119,Decessi
Vaccini 10/8/2021,0,52954,63216,48964,36236,29624,19420,7112,1641,320,259487,0,20.40718803,24.36191408,18.86953874,13.96447606,11.41637153,7.483997272,2.74079241,0.632401623,0.123320243,Vaccini
Vaccini ultimi 24 giorni,0,1334877,2278880,2139336,2142732,1340434,1275476,575113,55446,12795,11155089,0,11.96652936,20.42906157,19.17811682,19.20856033,12.01634519,11.434028,5.15561104,0.497046684,0.114701012,Vaccini
Vaccini cumulativi,0,2934625,6733197,7509460,11039262,13766758,11822457,10315169,6765874,1549560,72436362,0,4.051314725,9.295327394,10.36697564,15.23994537,19.00531393,16.3211634,14.24031897,9.340438715,2.139201856,Vaccini
