Categoria,0-9 anni,10-19 anni,20-29 anni,30-39 anni,40-49 anni,50-59 anni,60-69 anni,70-79 anni,80-89 anni,oltre 90 anni,Tutte le età,0-9 anni,10-19 anni,20-29 anni,30-39 anni,40-49 anni,50-59 anni,60-69 anni,70-79 anni,80-89 anni,oltre 90 anni,Labels
Casi 17/7/2021,1035,2404,3470,2864,3174,3348,1994,1059,376,87,19811,5.224370299,12.13467266,17.51552168,14.45661501,16.02140225,16.89970219,10.06511534,5.345515118,1.89793549,0.439149967,Casi
Casi ultimi 28 giorni,2809,8136,10162,6920,6972,6572,3621,2039,914,219,48364,5.808039037,16.82242991,21.01149615,14.3081631,14.41568109,13.58861963,7.486973782,4.215945745,1.889835415,0.452816144,Casi
Casi cumulativi,235405,416593,511781,535205,686692,741204,470278,341574,254756,87889,4281377,5.498347845,9.730350773,11.95365416,12.50076786,16.03904538,17.31228061,10.98426978,7.978134138,5.950328598,2.052820856,Casi
Decessi 17/7/2021,0,0,0,0,-6,-14,-17,-32,-25,-4,-98,0,0,0,0,6.12244898,14.28571429,17.34693878,32.65306122,25.51020408,4.081632653,Decessi
Decessi ultimi 28 giorni,0,1,2,3,4,55,90,186,261,123,725,0,0.137931034,0.275862069,0.413793103,0.551724138,7.586206897,12.4137931,25.65517241,36,16.96551724,Decessi
Decessi cumulativi,12,16,69,258,1123,4525,13099,32051,51252,24592,126997,0.009449042,0.012598723,0.054331992,0.203154405,0.884272857,3.563076293,10.31441688,25.23760404,40.35685882,19.36423695,Decessi
Vaccini 17/7/2021,0,32260,65583,81355,139676,97071,65936,39366,2577,487,524311,0,6.152836771,12.50841581,15.51655411,26.6399141,18.51401172,12.57574226,7.508139253,0.491502181,0.092883804,Vaccini
Vaccini ultimi 28 giorni,0,966399,1942274,1999772,2932953,3431662,1918084,1877678,144314,35744,15248880,0,6.337508066,12.7371584,13.11422216,19.23389128,22.50435442,12.5785238,12.31354696,0.946390817,0.2344041,Vaccini
Vaccini cumulativi,0,1590342,4431470,5347949,8867865,12394956,10523670,9716937,6697322,1532438,61102949,0,2.602725443,7.252465016,8.752358254,14.5129902,20.28536462,17.22285122,15.90256634,10.96071812,2.507960786,Vaccini
