Categoria,0-9 anni,10-19 anni,20-29 anni,30-39 anni,40-49 anni,50-59 anni,60-69 anni,70-79 anni,80-89 anni,oltre 90 anni,Tutte le età,0-9 anni,10-19 anni,20-29 anni,30-39 anni,40-49 anni,50-59 anni,60-69 anni,70-79 anni,80-89 anni,oltre 90 anni,Labels
Casi 5/10/2021,380,364,271,356,449,363,254,155,90,29,2711,14.01696791,13.42677979,9.996311324,13.13168572,16.56215419,13.38989303,9.369236444,5.717447436,3.319808189,1.069715972,Casi
Casi ultimi 28 giorni,14408,31061,32203,25331,25392,21842,12319,7660,4822,1353,176391,8.168217199,17.60917507,18.25660039,14.36071001,14.39529228,12.38271794,6.983916413,4.342625191,2.733699565,0.767045938,Casi
Casi cumulativi,270510,489044,583807,592797,744355,790488,498712,359351,266400,91174,4686638,5.771941422,10.43485757,12.45684006,12.648662,15.88249402,16.8668457,10.64114617,7.667564681,5.684245295,1.94540308,Casi
Decessi 5/10/2021,0,0,0,1,0,2,2,7,11,11,34,0,0,0,2.941176471,0,5.882352941,5.882352941,20.58823529,32.35294118,32.35294118,Decessi
Decessi ultimi 28 giorni,0,0,4,12,37,99,211,352,498,245,1458,0,0,0.274348422,0.823045267,2.537722908,6.790123457,14.47187929,24.14266118,34.1563786,16.80384088,Decessi
Decessi cumulativi,15,20,76,288,1202,4759,13584,32886,52429,25207,130466,0.011497248,0.015329664,0.058252725,0.220747168,0.921312832,3.647693652,10.41190808,25.20656723,40.18594883,19.32074257,Decessi
Vaccini 5/10/2021,0,16412,18156,20381,18271,13960,6634,3216,1248,256,98534,0,16.65617959,18.42612702,20.68423082,18.54283801,14.16769846,6.732701403,3.263848012,1.266567885,0.259808797,Vaccini
Vaccini ultimi 28 giorni,0,1293621,1038802,1050429,945591,700654,293966,135170,49605,10404,5518242,0,23.44262901,18.82487212,19.03557329,17.1357291,12.69705098,5.327167602,2.449512,0.898927593,0.188538306,Vaccini
Vaccini cumulativi,0,5909820,9379488,9942186,13166643,15292826,12553415,10644492,6881851,1575057,85345778,0,6.924560463,10.98998477,11.64930033,15.42740989,17.91866728,14.70888812,12.47219517,8.063493194,1.845500782,Vaccini
