Categoria,0-9 anni,10-19 anni,20-29 anni,30-39 anni,40-49 anni,50-59 anni,60-69 anni,70-79 anni,80-89 anni,oltre 90 anni,Tutte le età,0-9 anni,10-19 anni,20-29 anni,30-39 anni,40-49 anni,50-59 anni,60-69 anni,70-79 anni,80-89 anni,oltre 90 anni,Labels
Casi 4/10/2021,347,323,270,387,378,366,250,172,160,73,2726,12.72927366,11.8488628,9.904622157,14.19662509,13.86647102,13.42626559,9.170946442,6.309611152,5.869405723,2.677916361,Casi
Casi ultimi 28 giorni,14408,31061,32203,25331,25392,21842,12319,7660,4822,1353,176391,8.168217199,17.60917507,18.25660039,14.36071001,14.39529228,12.38271794,6.983916413,4.342625191,2.733699565,0.767045938,Casi
Casi cumulativi,270130,488680,583536,592441,743906,790125,498458,359196,266310,91145,4683927,5.7671693,10.43312588,12.45826419,12.64838244,15.88210064,16.86885812,10.64188234,7.668693385,5.685613802,1.945909917,Casi
Decessi 4/10/2021,0,1,0,0,0,4,11,17,16,6,55,0,1.818181818,0,0,0,7.272727273,20,30.90909091,29.09090909,10.90909091,Decessi
Decessi ultimi 28 giorni,0,0,4,12,37,99,211,352,498,245,1458,0,0,0.274348422,0.823045267,2.537722908,6.790123457,14.47187929,24.14266118,34.1563786,16.80384088,Decessi
Decessi cumulativi,15,20,76,287,1202,4757,13582,32879,52418,25196,130432,0.011500245,0.01533366,0.05826791,0.220038027,0.921552993,3.647111138,10.41308881,25.2077711,40.18799068,19.31734544,Decessi
Vaccini 4/10/2021,0,18493,19427,21428,18637,14333,6788,3248,1273,313,103940,0,17.79199538,18.69059073,20.61573985,17.93053685,13.78968636,6.530690783,3.124879738,1.224745045,0.30113527,Vaccini
Vaccini ultimi 28 giorni,0,1347559,1072481,1072803,963518,710293,298165,137606,50146,10418,5662989,0,23.79589648,18.93842633,18.94411238,17.0143011,12.54272258,5.265152378,2.429918193,0.885504104,0.183966453,Vaccini
Vaccini cumulativi,0,5884556,9353201,9913719,13141305,15273502,12544522,10640174,6879877,1574520,85205376,0,6.906320089,10.9772428,11.63508626,15.42309373,17.92551447,14.72268839,12.48767918,8.074463517,1.847911568,Vaccini
