Categoria,0-9 anni,10-19 anni,20-29 anni,30-39 anni,40-49 anni,50-59 anni,60-69 anni,70-79 anni,80-89 anni,oltre 90 anni,Tutte le età,0-9 anni,10-19 anni,20-29 anni,30-39 anni,40-49 anni,50-59 anni,60-69 anni,70-79 anni,80-89 anni,oltre 90 anni,Labels
Casi 17/3/2021,1564,2816,2876,3308,4375,4474,3000,2103,1165,297,25978,6.020478867,10.83994149,11.07090615,12.73385172,16.8411733,17.22226499,11.54823312,8.095311417,4.484563862,1.143275079,Casi
Casi ultimi 25 giorni,33065,54073,56815,60896,79403,81382,51711,36458,22010,5137,480950,6.874935024,11.24295665,11.81307828,12.66160724,16.50961638,16.92109367,10.75184531,7.580413764,4.576359289,1.068094397,Casi
Casi cumulativi,154755,294759,385617,402538,520461,572397,361688,267746,216538,77727,3254226,4.755508683,9.057729857,11.84973017,12.3697002,15.99338829,17.58934383,11.11440939,8.227639998,6.654055373,2.388494223,Casi
Decessi 17/3/2021,0,0,0,-1,6,16,57,99,151,74,402,0,0,0,-0.248756219,1.492537313,3.980099502,14.17910448,24.62686567,37.56218905,18.4079602,Decessi
Decessi ultimi 25 giorni,0,4,2,11,90,311,785,2092,3354,1560,8209,0,0.048727007,0.024363503,0.133999269,1.096357656,3.78852479,9.562675113,25.48422463,40.85759532,19.00353271,Decessi
Decessi cumulativi,6,14,51,191,863,3339,9636,24773,42354,20774,102001,0.005882295,0.013725356,0.04999951,0.187253066,0.846070137,3.273497319,9.446966206,24.28701679,41.52312232,20.366467,Decessi
Vaccini 17/3/2021,0,122,3310,3758,4996,6674,6005,4983,69782,17378,117008,0,0.104266375,2.828866402,3.211746205,4.269793518,5.703883495,5.132127718,4.258683167,59.63865719,14.85197593,Vaccini
Vaccini ultimi 25 giorni,0,3414,192511,284215,426848,549226,318449,113073,1431804,338891,3658431,0,0.093318693,5.262119198,7.76876754,11.66751539,15.0126106,8.704523879,3.090751199,39.1371055,9.263288005,Vaccini
Vaccini cumulativi,0,7165,549742,798565,1072140,1379787,823236,246057,1782614,507745,7167051,0,0.099971383,7.670407257,11.14216991,14.95929079,19.25180943,11.48639796,3.433169375,24.87234987,7.08443403,Vaccini
