Categoria,0-9 anni,10-19 anni,20-29 anni,30-39 anni,40-49 anni,50-59 anni,60-69 anni,70-79 anni,80-89 anni,oltre 90 anni,Tutte le età,0-9 anni,10-19 anni,20-29 anni,30-39 anni,40-49 anni,50-59 anni,60-69 anni,70-79 anni,80-89 anni,oltre 90 anni,Labels
Casi 11/8/2021,584,1582,1642,1015,1009,934,489,300,166,46,7767,7.518990601,20.36822454,21.14072357,13.06810866,12.99085876,12.02523497,6.29586713,3.862495172,2.137247328,0.59224926,Casi
Casi ultimi 25 giorni,7646,29604,30405,16969,15537,13753,6899,3844,2362,573,127592,5.992538717,23.20208164,23.82986394,13.29942316,12.17709574,10.77888896,5.407078814,3.012728071,1.851213242,0.449087717,Casi
Casi cumulativi,243051,446197,542186,552174,702229,754957,477177,345418,257118,88462,4408969,5.512649329,10.12021178,12.29734208,12.5238803,15.92728368,17.12320953,10.82287038,7.834439299,5.831703512,2.006410115,Casi
Decessi 11/8/2021,0,0,0,0,1,3,2,5,11,6,28,0,0,0,0,3.571428571,10.71428571,7.142857143,17.85714286,39.28571429,21.42857143,Decessi
Decessi ultimi 25 giorni,2,1,0,3,12,27,52,126,165,89,477,0.419287212,0.209643606,0,0.628930818,2.51572327,5.660377358,10.90146751,26.41509434,34.59119497,18.65828092,Decessi
Decessi cumulativi,14,17,69,261,1135,4552,13151,32177,51417,24681,127474,0.010982632,0.013336053,0.054128685,0.204747635,0.890377646,3.570924267,10.31661358,25.24201014,40.33528406,19.36159531,Decessi
Vaccini 11/8/2021,0,71288,84724,65885,50412,38997,23887,9435,2042,414,347084,0,20.53912021,24.41022922,18.98243653,14.52443789,11.23560867,6.882195664,2.718362126,0.588330202,0.119279483,Vaccini
Vaccini ultimi 25 giorni,0,1431830,2395140,2231134,2212311,1393133,1308056,587512,58307,13445,11630868,0,12.31060313,20.59296004,19.18286752,19.02103093,11.97789365,11.24641772,5.051316892,0.501312542,0.115597563,Vaccini
Vaccini cumulativi,0,3031814,6850481,7602357,11110278,13821514,11856038,10328610,6769433,1550404,72920929,0,4.157673307,9.394396223,10.42548018,15.23606206,18.95411124,16.25875885,14.1641229,9.283251177,2.126144059,Vaccini
