Categoria,0-9 anni,10-19 anni,20-29 anni,30-39 anni,40-49 anni,50-59 anni,60-69 anni,70-79 anni,80-89 anni,oltre 90 anni,Tutte le età,0-9 anni,10-19 anni,20-29 anni,30-39 anni,40-49 anni,50-59 anni,60-69 anni,70-79 anni,80-89 anni,oltre 90 anni,Labels
Casi 18/3/2021,1274,2063,2278,2566,3100,3403,2118,1486,930,213,19431,6.556533375,10.61705522,11.72353456,13.20570223,15.95388812,17.51325202,10.90010807,7.647573465,4.786166435,1.096186506,Casi
Casi ultimi 26 giorni,34339,56136,59093,63462,82503,84785,53829,37944,22940,5350,500381,6.862570721,11.21865139,11.80960108,12.68273576,16.48803612,16.9440886,10.75760271,7.583021737,4.584506606,1.069185281,Casi
Casi cumulativi,156029,296822,387895,405104,523561,575800,363806,269232,217468,77940,3273657,4.76619878,9.066985332,11.84898112,12.37466234,15.99315383,17.58889218,11.11313739,8.224196976,6.642968399,2.380823648,Casi
Decessi 18/3/2021,0,0,0,3,2,15,42,103,144,63,372,0,0,0,0.806451613,0.537634409,4.032258065,11.29032258,27.68817204,38.70967742,16.93548387,Decessi
Decessi ultimi 26 giorni,0,4,2,14,92,326,827,2195,3498,1623,8581,0,0.046614614,0.023307307,0.163151148,1.072136115,3.799091015,9.637571379,25.57976926,40.76447966,18.9138795,Decessi
Decessi cumulativi,6,14,51,194,865,3354,9678,24876,42498,20837,102373,0.00586092,0.013675481,0.049817823,0.189503092,0.844949352,3.276254481,9.45366454,24.29937581,41.51289891,20.35399959,Decessi
Vaccini 18/3/2021,0,145,3002,3456,4628,6449,6285,6392,70865,14440,115662,0,0.125365289,2.595493766,2.988016808,4.001314174,5.57572928,5.433936816,5.526447753,61.26904256,12.48465356,Vaccini
Vaccini ultimi 26 giorni,0,3623,197019,289479,433859,558958,327476,121775,1528632,360030,3820851,0,0.094821808,5.156416725,7.576296485,11.35503583,14.62914937,8.570760807,3.187117216,40.00763181,9.422769954,Vaccini
Vaccini cumulativi,0,7374,554289,803902,1079249,1389646,832316,254806,1879549,528973,7330104,0,0.100598846,7.561816313,10.96712953,14.72351552,18.95806662,11.35476386,3.476158046,25.64150522,7.216446042,Vaccini
