Categoria,0-9 anni,10-19 anni,20-29 anni,30-39 anni,40-49 anni,50-59 anni,60-69 anni,70-79 anni,80-89 anni,oltre 90 anni,Tutte le età,0-9 anni,10-19 anni,20-29 anni,30-39 anni,40-49 anni,50-59 anni,60-69 anni,70-79 anni,80-89 anni,oltre 90 anni,Labels
Casi 1/12/2021,2635,3095,2004,2618,3681,3217,1971,1422,683,201,21527,12.24044224,14.37729363,9.30923956,12.16147164,17.0994565,14.94402378,9.155943699,6.605658011,3.17275979,0.933711153,Casi
Casi ultimi 28 giorni,14408,31061,32203,25331,25392,21842,12319,7660,4822,1353,176391,8.168217199,17.60917507,18.25660039,14.36071001,14.39529228,12.38271794,6.983916413,4.342625191,2.733699565,0.767045938,Casi
Casi cumulativi,314242,536332,615733,636429,804325,842327,534010,384662,280044,95134,5043238,6.230957175,10.63467558,12.20908075,12.61945203,15.94858303,16.70210686,10.58863373,7.627282313,5.552861079,1.886367449,Casi
Decessi 1/12/2021,0,0,0,1,1,5,13,38,55,29,142,0,0,0,0.704225352,0.704225352,3.521126761,9.154929577,26.76056338,38.73239437,20.42253521,Decessi
Decessi ultimi 28 giorni,0,0,4,12,37,99,211,352,498,245,1458,0,0,0.274348422,0.823045267,2.537722908,6.790123457,14.47187929,24.14266118,34.1563786,16.80384088,Decessi
Decessi cumulativi,15,20,80,300,1250,4905,13893,33505,53493,25818,133279,0.011254586,0.015006115,0.06002446,0.225091725,0.937882187,3.680249702,10.42399778,25.13899414,40.13610546,19.37139384,Decessi
Vaccini 1/12/2021,0,12826,22642,29997,57251,95661,83593,82400,38824,7420,430614,0,2.978537623,5.258073356,6.966099569,13.29520174,22.2150232,19.41251329,19.13546703,9.015963252,1.723120939,Vaccini
Vaccini ultimi 28 giorni,0,266925,400601,512967,709838,1023068,1171956,1154009,1147295,210789,6597448,0,4.04588259,6.072059984,7.775233696,10.75928147,15.50702635,17.76377775,17.49174832,17.3899817,3.19500813,Vaccini
Vaccini cumulativi,0,6598503,10401421,11204897,14607873,16979073,14148633,12082813,8945229,1983200,96951642,0,6.805973436,10.72846296,11.55720189,15.06717442,17.5129298,14.59349497,12.46272136,9.226485303,2.045555866,Vaccini
