Categoria,0-9 anni,10-19 anni,20-29 anni,30-39 anni,40-49 anni,50-59 anni,60-69 anni,70-79 anni,80-89 anni,oltre 90 anni,Tutte le età,0-9 anni,10-19 anni,20-29 anni,30-39 anni,40-49 anni,50-59 anni,60-69 anni,70-79 anni,80-89 anni,oltre 90 anni,Labels
Casi 23/8/2021,350,718,671,517,544,516,286,158,115,33,3908,8.955987718,18.37256909,17.16990788,13.22927329,13.92016377,13.20368475,7.318321392,4.042988741,2.942681679,0.844421699,Casi
Casi ultimi 23 giorni,10095,27971,28767,18915,18329,16304,8923,5317,3305,874,138800,7.273054755,20.15201729,20.72550432,13.62752161,13.20533141,11.74639769,6.428674352,3.830691643,2.381123919,0.629682997,Casi
Casi cumulativi,248669,459523,556081,562156,712178,763842,482156,348453,259039,88982,4481079,5.54931078,10.25473999,12.40953351,12.54510353,15.89300256,17.04593916,10.75981923,7.776095891,5.780728258,1.985727098,Casi
Decessi 23/8/2021,0,0,0,0,0,5,5,8,8,7,33,0,0,0,0,0,15.15151515,15.15151515,24.24242424,24.24242424,21.21212121,Decessi
Decessi ultimi 23 giorni,0,1,3,5,18,45,81,161,211,102,627,0,0.159489633,0.4784689,0.797448166,2.870813397,7.177033493,12.91866029,25.67783094,33.6523126,16.26794258,Decessi
Decessi cumulativi,14,17,70,266,1145,4584,13215,32282,51554,24752,127899,0.010946137,0.013291738,0.054730686,0.207976607,0.895237648,3.584078062,10.33237164,25.24022862,40.30836832,19.35277055,Decessi
Vaccini 23/8/2021,0,52313,49558,39791,34767,27985,14657,6300,1606,312,227289,0,23.01607205,21.80395884,17.50678651,15.29638478,12.31251842,6.448618279,2.771801539,0.706589408,0.137270171,Vaccini
Vaccini ultimi 23 giorni,0,1279202,1613459,1366248,1084172,754435,523077,178645,37583,8270,6845091,0,18.68787427,23.57103799,19.95953012,15.83867914,11.02154814,7.641636904,2.609826517,0.549050407,0.120816509,Vaccini
Vaccini cumulativi,0,3576204,7420212,8094191,11538798,14124772,12038457,10403159,6792591,1555834,75544218,0,4.733921529,9.822342724,10.71450763,15.27423052,18.69735682,15.93564315,13.77095332,8.991543205,2.059501099,Vaccini
