Categoria,0-9 anni,10-19 anni,20-29 anni,30-39 anni,40-49 anni,50-59 anni,60-69 anni,70-79 anni,80-89 anni,oltre 90 anni,Tutte le età,0-9 anni,10-19 anni,20-29 anni,30-39 anni,40-49 anni,50-59 anni,60-69 anni,70-79 anni,80-89 anni,oltre 90 anni,Labels
Casi 24 ore,644,731,818,957,1237,1316,815,591,469,145,7723,8.338728473,9.465233717,10.59173896,12.39155768,16.0170918,17.04001036,10.55289395,7.652466658,6.072769649,1.87750874,Casi
Casi ultimi 28 giorni,21344,37766,50017,52529,65676,72298,48045,35856,28120,9739,421390,5.1,8.962244002,11.86952704,12.4656494,15.58556207,17.15702793,11.40155201,8.508982178,6.673153136,2.311160683,Casi
Casi cumulativi,101014,209719,298270,306814,395949,444963,279966,209962,179630,68338,2494625,4,8.406834695,11.95650649,12.29900286,15.87208498,17.83686927,11.22276895,8.416575638,7.200681465,2.739409731,Casi
Decessi 24 ore,0,0,0,0,1,8,30,47,101,59,246,0,0,0,0,0.406504065,3.25203252,12.19512195,19.10569106,41.05691057,23.98373984,Decessi
Decessi ultimi 28 giorni,0,0,10,20,100,380,1181,3165,6017,3113,13986,0,0,0.071500072,0.143000143,0.715000715,2.717002717,8.444158444,22.62977263,43.02159302,22.25797226,Decessi
Decessi cumulativi,5,5,45,171,708,2782,8086,20842,35609,17403,85656,0,0.005837303,0.052535724,0.199635752,0.826562062,3.247875222,9.440085925,24.33221257,41.57210236,20.31731577,Decessi
Vaccini 24 ore,0,39,7253,12943,15377,21214,13820,2285,2554,2284,77769,0,0.050148517,9.326338258,16.64287827,19.77266006,27.2782214,17.77057697,2.938188738,3.284084918,2.936902879,Vaccini
Vaccini ultimi 23 giorni,0,1251,148363,233201,288454,392075,246818,52653,73946,58087,1494848,0,0.083687438,9.924955581,15.60031522,19.29654386,26.22841921,16.51124395,3.522297919,4.94672368,3.88581314,Vaccini
Vaccini cumulativi,0,1422,164969,261112,324800,437463,270151,54951,77430,60729,1653027,0,0.086024003,9.979812792,15.79599123,19.64880186,26.46435902,16.34280626,3.324265121,4.684134016,3.673805691,Vaccini
