Categoria,0-9 anni,10-19 anni,20-29 anni,30-39 anni,40-49 anni,50-59 anni,60-69 anni,70-79 anni,80-89 anni,oltre 90 anni,Tutte le età,0-9 anni,10-19 anni,20-29 anni,30-39 anni,40-49 anni,50-59 anni,60-69 anni,70-79 anni,80-89 anni,oltre 90 anni,Labels
Casi 6/6/2021,110,242,236,241,298,275,105,80,29,6,1622,6.781750925,14.91985203,14.54993835,14.85819975,18.37237978,16.95437731,6.473489519,4.932182491,1.787916153,0.369913687,Casi
Casi ultimi 22 giorni,8193,12502,10793,11539,14553,13335,7562,4309,1878,616,85280,9.60717636,14.65994371,12.65595685,13.53072233,17.06496248,15.63672608,8.867260788,5.052767355,2.202157598,0.722326454,Casi
Casi cumulativi,230638,405379,498126,525079,676069,731495,465042,338608,253368,87509,4211313,5.47662926,9.625952761,11.82828253,12.4682967,16.05363933,17.36976093,11.04268431,8.040437745,6.016365917,2.077950511,Casi
Decessi 6/6/2021,0,0,0,0,1,2,10,17,12,4,46,0,0,0,0,2.173913043,4.347826087,21.73913043,36.95652174,26.08695652,8.695652174,Decessi
Decessi ultimi 22 giorni,1,1,2,12,30,136,432,791,715,329,2449,0.040832993,0.040832993,0.081665986,0.489995917,1.224989792,5.553287056,17.639853,32.29889751,29.19559004,13.43405472,Decessi
Decessi cumulativi,7,17,67,242,1090,4348,12727,31417,50504,24248,124667,0.005614958,0.013636327,0.053743172,0.194117128,0.874329213,3.487691209,10.20879623,25.20073476,40.51112163,19.45021537,Decessi
Vaccini 6/6/2021,0,13179,37117,43160,81301,115577,34685,21152,2892,655,349718,0,3.768464877,10.61340852,12.34137219,23.24758806,33.04862775,9.917991067,6.048301775,0.826952001,0.187293762,Vaccini
Vaccini ultimi 22 giorni,0,197096,571429,719016,1820105,3470005,2417163,1318827,253626,82656,10849923,0,1.816565887,5.266664104,6.626922606,16.77528034,31.98183987,22.2781581,12.15517382,2.33758341,0.761811858,Vaccini
Vaccini cumulativi,0,269235,1650003,2208088,4024227,7136852,7649568,7193393,6440907,1460242,38032515,0,0.707907431,4.338400971,5.805790125,10.58101732,18.76513294,20.11323206,18.91379784,16.93526447,3.839456844,Vaccini
