Categoria,0-9 anni,10-19 anni,20-29 anni,30-39 anni,40-49 anni,50-59 anni,60-69 anni,70-79 anni,80-89 anni,oltre 90 anni,Tutte le età,0-9 anni,10-19 anni,20-29 anni,30-39 anni,40-49 anni,50-59 anni,60-69 anni,70-79 anni,80-89 anni,oltre 90 anni,Labels
Casi in aggiornamento,0,0,0,0,0,0,0,0,0,0,0,#DIV/0!,#DIV/0!,#DIV/0!,#DIV/0!,#DIV/0!,#DIV/0!,#DIV/0!,#DIV/0!,#DIV/0!,#DIV/0!,Casi
Casi ultimi 27 giorni,20982,36164,46179,48560,61240,67029,44567,33166,26030,9035,392952,5.3,9.203159673,11.75181702,12.35774344,15.58460066,17.05780859,11.34158879,8.440216617,6.624218734,2.299263014,Casi
Casi cumulativi,103567,213424,302233,311403,401879,451030,284157,212843,181816,69033,2531385,4.1,8.431115773,11.93943237,12.30168465,15.87585452,17.81751887,11.22535687,8.40816391,7.182471256,2.727084185,Casi
Decessi in aggiornamento,0,0,0,0,0,0,0,0,0,0,0,#DIV/0!,#DIV/0!,#DIV/0!,#DIV/0!,#DIV/0!,#DIV/0!,#DIV/0!,#DIV/0!,#DIV/0!,#DIV/0!,Decessi
Decessi ultimi 27 giorni,0,-2,8,19,101,338,1066,2776,5305,2776,12387,0,-0.016145959,0.064583838,0.153386615,0.815370953,2.728667151,8.605796399,22.41059175,42.8271575,22.41059175,Decessi
Decessi cumulativi,5,5,45,172,719,2812,8177,21079,36069,17670,86753,0,0.005763489,0.051871405,0.198264037,0.828789782,3.241386465,9.425610642,24.29771881,41.57666017,20.36817171,Decessi
Vaccini 24 ore,0,60,3694,5148,6225,8758,5731,1255,1214,925,33010,#DIV/0!,0.181763102,11.19054832,15.59527416,18.85792184,26.53135414,17.36140563,3.801878219,3.677673432,2.802181157,Vaccini
Vaccini ultimi 27 giorni,0,1554,182439,287466,355463,483637,306688,63260,85396,67619,1833522,0,0.084754914,9.950194216,15.67835019,19.38689582,26.37748552,16.72671503,3.450190399,4.657484339,3.687929569,Vaccini
Vaccini cumulativi,0,1725,199045,315377,391809,529025,330021,65558,88880,70261,1991701,0,0.086609386,9.993718937,15.83455549,19.67207929,26.56146681,16.56980641,3.291558321,4.462517215,3.527688142,Vaccini
