Categoria,0-9 anni,10-19 anni,20-29 anni,30-39 anni,40-49 anni,50-59 anni,60-69 anni,70-79 anni,80-89 anni,oltre 90 anni,Tutte le età,0-9 anni,10-19 anni,20-29 anni,30-39 anni,40-49 anni,50-59 anni,60-69 anni,70-79 anni,80-89 anni,oltre 90 anni,Labels
Casi 21/4/2021,1481,2016,1895,2149,2621,2737,1811,1252,604,141,16707,8.864547794,12.06679835,11.34255103,12.86287185,15.68803496,16.3823547,10.83976776,7.493864847,3.615251092,0.843957623,Casi
Casi ultimi 25 giorni,28686,45044,49452,51874,66608,71677,47596,34155,18416,4758,418266,6.858315044,10.76922341,11.82309822,12.40215557,15.92479427,17.13670248,11.37936146,8.165856178,4.402939756,1.137553614,Casi
Casi cumulativi,196012,360588,458376,479549,619965,679115,431460,317813,244294,84790,3871962,5.062343071,9.312798008,11.83833932,12.38516804,16.01164991,17.5392992,11.14318787,8.208060926,6.309307788,2.189845871,Casi
Decessi 21/4/2021,0,0,1,0,7,44,161,408,489,179,1289,0,0,0.077579519,0,0.543056633,3.413498836,12.49030256,31.65244375,37.93638479,13.8867339,Decessi
Decessi ultimi 25 giorni,0,-2,4,8,103,458,1360,3069,3994,1636,10630,0,-0.018814675,0.037629351,0.075258702,0.968955786,4.308560677,12.7939793,28.87111947,37.57290687,15.39040452,Decessi
Decessi cumulativi,6,12,57,211,995,3914,11426,28849,47945,23077,116492,0.005150568,0.010301137,0.048930399,0.181128318,0.854135906,3.359887374,9.80839886,24.76479072,41.15733269,19.80994403,Decessi
Vaccini 20/4/2021,0,673,4818,6235,10434,17836,63312,126584,58580,11667,300139,0,0.22422944,1.605256231,2.077370818,3.476389273,5.942579938,21.09422634,42.17512553,19.5176235,3.887198931,Vaccini
Vaccini ultimi 25 giorni,0,14768,149679,196281,303907,469236,860346,2197056,2181577,395153,6768003,0,0.218203213,2.211568169,2.900131693,4.490349664,6.933152955,12.71196245,32.46239696,32.23368843,5.838546466,Vaccini
Vaccini cumulativi,0,24974,772091,1097424,1517388,2036444,1843228,2701754,4813440,1087789,15894532,0,0.157123217,4.857588761,6.904412159,9.546603826,12.81223002,11.596617,16.99800913,30.28362207,6.843793828,Vaccini
