Categoria,0-9 anni,10-19 anni,20-29 anni,30-39 anni,40-49 anni,50-59 anni,60-69 anni,70-79 anni,80-89 anni,oltre 90 anni,Tutte le età,0-9 anni,10-19 anni,20-29 anni,30-39 anni,40-49 anni,50-59 anni,60-69 anni,70-79 anni,80-89 anni,oltre 90 anni,Labels
Casi 30/1/2022,9279,9449,5801,8183,9766,7446,3914,2440,1454,510,58242,15.93180179,16.22368737,9.960166203,14.04999828,16.76796813,12.78458844,6.720236256,4.189416572,2.496480203,0.875656743,Casi
Casi ultimi 28 giorni,14408,31061,32203,25331,25392,21842,12319,7660,4822,1353,176391,8.168217199,17.60917507,18.25660039,14.36071001,14.39529228,12.38271794,6.983916413,4.342625191,2.733699565,0.767045938,Casi
Casi cumulativi,842079,1296013,1382428,1405358,1680425,1594471,929186,610184,390709,124349,10255202,8.211237575,12.63761552,13.48026104,13.70385488,16.38607411,15.54792387,9.060630888,5.949994939,3.809861571,1.212545594,Casi
Decessi 30/1/2022,0,0,0,1,0,5,11,28,59,32,136,0,0,0,0.735294118,0,3.676470588,8.088235294,20.58823529,43.38235294,23.52941176,Decessi
Decessi ultimi 28 giorni,0,0,4,12,37,99,211,352,498,245,1458,0,0,0.274348422,0.823045267,2.537722908,6.790123457,14.47187929,24.14266118,34.1563786,16.80384088,Decessi
Decessi cumulativi,17,27,91,346,1375,5328,15020,36157,57579,27932,143872,0.011816059,0.018766681,0.063250667,0.240491548,0.955710632,3.703291815,10.43983541,25.13136677,40.02099088,19.41447954,Decessi
