Categoria,0-9 anni,10-19 anni,20-29 anni,30-39 anni,40-49 anni,50-59 anni,60-69 anni,70-79 anni,80-89 anni,oltre 90 anni,Tutte le età,0-9 anni,10-19 anni,20-29 anni,30-39 anni,40-49 anni,50-59 anni,60-69 anni,70-79 anni,80-89 anni,oltre 90 anni,Labels
Casi 15/6/2021,163,273,280,319,358,301,161,90,52,19,2016,8.08531746,13.54166667,13.88888889,15.8234127,17.75793651,14.93055556,7.986111111,4.464285714,2.579365079,0.942460317,Casi
Casi ultimi 24 giorni,5973,9632,9099,9189,11323,10137,5395,3000,1476,471,65695,9.092016135,14.66169419,13.85036913,13.98736586,17.23571048,15.43039805,8.212192709,4.566557577,2.246746328,0.71694954,Casi
Casi cumulativi,232141,407783,500772,527555,678929,733962,466293,339304,253746,87623,4228108,5.490422667,9.644573885,11.84387911,12.47733029,16.0575132,17.35911192,11.02840798,8.024960573,6.001407722,2.072392664,Casi
Decessi 15/6/2021,1,0,0,0,1,5,14,16,11,9,57,1.754385965,0,0,0,1.754385965,8.771929825,24.56140351,28.07017544,19.29824561,15.78947368,Decessi
Decessi ultimi 24 giorni,2,-2,2,17,43,186,513,852,787,350,2750,0.072727273,-0.072727273,0.072727273,0.618181818,1.563636364,6.763636364,18.65454545,30.98181818,28.61818182,12.72727273,Decessi
Decessi cumulativi,12,15,67,251,1116,4448,12981,31829,50937,24437,126093,0.009516785,0.011895982,0.053135384,0.199059424,0.885061026,3.527555059,10.29478242,25.24247976,40.3963741,19.38014006,Decessi
Vaccini 15/6/2021,0,7745,29080,44965,89818,63948,53661,34229,4256,927,328629,0,2.356760968,8.848884304,13.68260257,27.33112416,19.45902522,16.32874762,10.41569673,1.295077428,0.282081009,Vaccini
Vaccini ultimi 24 giorni,0,357668,956306,1267153,2706509,3745688,1969218,1124657,208687,63989,12399875,0,2.884448432,7.712222905,10.21907882,21.82690551,30.2074658,15.88095041,9.069905947,1.682976643,0.516045525,Vaccini
Vaccini cumulativi,0,450696,2181548,2955460,5357845,8400677,8197214,7567488,6505905,1480870,43097703,0,1.045754109,5.061866058,6.85758125,12.43185745,19.49216876,19.02007167,17.55891259,15.09571171,3.436076396,Vaccini
