Categoria,0-9 anni,10-19 anni,20-29 anni,30-39 anni,40-49 anni,50-59 anni,60-69 anni,70-79 anni,80-89 anni,oltre 90 anni,Tutte le età,0-9 anni,10-19 anni,20-29 anni,30-39 anni,40-49 anni,50-59 anni,60-69 anni,70-79 anni,80-89 anni,oltre 90 anni,Labels
Casi in aggiornamento,0,0,0,0,0,0,0,0,0,0,0,#DIV/0!,#DIV/0!,#DIV/0!,#DIV/0!,#DIV/0!,#DIV/0!,#DIV/0!,#DIV/0!,#DIV/0!,#DIV/0!,Casi
Casi ultimi 41 giorni,264161,343073,260184,336582,404959,353611,229402,157268,91783,24262,2465285,10.71523171,13.91615979,10.55391162,13.65286366,16.42645779,14.34361544,9.305293303,6.379303001,3.723017826,0.984145849,Casi
Casi cumulativi,1446122,1993975,1869955,2065176,2471528,2248879,1327572,871613,547309,169549,15011678,9.633313478,13.28282554,12.45666873,13.75712962,16.46403553,14.98086357,8.843594967,5.806232987,3.645888221,1.129447354,Casi
Decessi in aggiornamento,0,0,0,0,0,0,0,0,0,0,0,#DIV/0!,#DIV/0!,#DIV/0!,#DIV/0!,#DIV/0!,#DIV/0!,#DIV/0!,#DIV/0!,#DIV/0!,#DIV/0!,Decessi
Decessi ultimi 41 giorni,3,2,12,26,61,212,566,1415,2793,1592,6682,0.044896738,0.029931158,0.17958695,0.389105058,0.912900329,3.172702784,8.470517809,21.17629452,41.79886262,23.82520204,Decessi
Decessi cumulativi,24,29,118,401,1511,5822,16264,39264,63363,31203,157999,0.01518997,0.018354547,0.074684017,0.253799075,0.956335167,3.684833448,10.29373604,24.85079019,40.10341838,19.74885917,Decessi
