Categoria,0-9 anni,10-19 anni,20-29 anni,30-39 anni,40-49 anni,50-59 anni,60-69 anni,70-79 anni,80-89 anni,oltre 90 anni,Tutte le età,0-9 anni,10-19 anni,20-29 anni,30-39 anni,40-49 anni,50-59 anni,60-69 anni,70-79 anni,80-89 anni,oltre 90 anni,Labels
Casi 23/2/2021,1163,1846,1942,2144,2817,2866,1888,1378,895,206,17145,6.783318752,10.76698746,11.32691747,12.50510353,16.43044619,16.7162438,11.01195684,8.037328667,5.220180811,1.201516477,Casi
Casi ultimi 25 giorni,23070,35029,34465,38965,50513,51265,33464,23843,16446,4596,311656,7.402392381,11.23963601,11.05866725,12.50256693,16.20793439,16.44922607,10.73747979,7.65042226,5.276972046,1.474702878,Casi
Casi cumulativi,124966,245935,334021,347319,448498,498297,314855,234793,196839,73171,2818694,4.433471672,8.725140083,11.85020439,12.32198316,15.91155336,17.67829356,11.17024409,8.329850633,6.983340512,2.595918535,Casi
Decessi 23/2/2021,0,0,0,1,0,14,32,100,143,73,363,0,0,0,0.275482094,0,3.856749311,8.815426997,27.54820937,39.39393939,20.11019284,Decessi
Decessi ultimi 25 giorni,1,2,4,12,70,262,806,1981,3554,1876,8568,0.011671335,0.02334267,0.046685341,0.140056022,0.816993464,3.057889823,9.407096172,23.12091503,41.4799253,21.89542484,Decessi
Decessi cumulativi,6,11,49,183,783,3061,8935,22932,39351,19378,94689,0.006336533,0.011616978,0.051748355,0.193264265,0.826917593,3.232688063,9.436154147,24.21823021,41.55815353,20.46489033,Decessi
Vaccini 23/2/2021,0,75,4947,7118,11506,11468,3378,1687,36394,8661,85234,0,0.087993054,5.804021869,8.351127484,13.49930779,13.45472464,3.963207171,1.979257104,42.69892297,10.16143792,Vaccini
Vaccini ultimi 25 giorni,0,2356,183902,237103,305525,362169,209648,75044,358583,117939,1852269,0,0.127195348,9.928471513,12.80067852,16.49463442,19.55272155,11.31844241,4.051463367,19.35912116,6.367271708,Vaccini
Vaccini cumulativi,0,3898,366569,528802,669323,852795,511723,136198,445507,187264,3702079,0,0.105292189,9.901706582,14.28391993,18.079652,23.03557001,13.82258455,3.678959849,12.03396794,5.058346945,Vaccini
