Categoria,0-9 anni,10-19 anni,20-29 anni,30-39 anni,40-49 anni,50-59 anni,60-69 anni,70-79 anni,80-89 anni,oltre 90 anni,Tutte le età,0-9 anni,10-19 anni,20-29 anni,30-39 anni,40-49 anni,50-59 anni,60-69 anni,70-79 anni,80-89 anni,oltre 90 anni,Labels
Casi 2/4/2021,1776,3097,3433,3515,4613,4894,3236,2224,1163,337,28288,6.278280543,10.9481052,12.13588801,12.42576357,16.3072681,17.30062217,11.43947964,7.86199095,4.111283937,1.191317873,Casi
Casi ultimi 27 giorni,36315,59770,66102,70393,92460,98159,62436,44335,26149,6335,562454,6.456528001,10.6266468,11.75242775,12.51533459,16.43867765,17.45191607,11.10064112,7.882422385,4.649091303,1.12631433,Casi
Casi cumulativi,175255,329041,424382,443624,574387,630420,398765,294143,232058,81656,3583731,4.8902945,9.1815206,11.84190443,12.37883089,16.02762596,17.59116407,11.12709073,8.207730993,6.4753186,2.27851923,Casi
Decessi 2/4/2021,0,0,0,0,5,20,59,136,216,71,507,0,0,0,0,0.986193294,3.944773176,11.63708087,26.82445759,42.6035503,14.00394477,Decessi
Decessi ultimi 27 giorni,0,3,3,22,103,391,1135,2708,4197,1843,10405,0,0.028832292,0.028832292,0.211436809,0.989908698,3.757808746,10.9082172,26.02594906,40.33637674,17.71263815,Decessi
Decessi cumulativi,6,14,54,206,920,3561,10381,26460,44913,21836,108351,0.005537558,0.01292097,0.049838026,0.190122842,0.849092302,3.286540964,9.580899115,24.42063294,41.45139408,20.1530212,Decessi
Vaccini 2/4/2021,0,340,4709,5946,8689,12453,15912,40453,75982,13339,177823,0,0.191201363,2.64813888,3.343774427,4.886319542,7.003031104,8.948223796,22.74902572,42.72900581,7.501279362,Vaccini
Vaccini ultimi 27 giorni,0,7490,205289,289523,412042,547491,454030,650160,2240357,471962,5278344,0,0.141900566,3.889269059,5.485110482,7.806274089,10.37240089,8.601750852,12.31749958,42.44431587,8.941478615,Vaccini
Vaccini cumulativi,0,12897,668172,961836,1299674,1688744,1125518,829643,3294029,816946,10697459,0,0.120561341,6.246081429,8.991256709,12.14937117,15.78640311,10.52135839,7.755514651,30.79263029,7.636822913,Vaccini
