Categoria,0-9 anni,10-19 anni,20-29 anni,30-39 anni,40-49 anni,50-59 anni,60-69 anni,70-79 anni,80-89 anni,oltre 90 anni,Tutte le età,0-9 anni,10-19 anni,20-29 anni,30-39 anni,40-49 anni,50-59 anni,60-69 anni,70-79 anni,80-89 anni,oltre 90 anni,Labels
Casi 29/6/2021,51,101,102,91,93,81,33,28,12,8,600,8.5,16.83333333,17,15.16666667,15.5,13.5,5.5,4.666666667,2,1.333333333,Casi
Casi ultimi 24 giorni,2691,4512,5300,4659,5271,4530,2291,1400,729,232,31615,8.511782382,14.27170647,16.76419421,14.73667563,16.6724656,14.32864147,7.246560177,4.428277716,2.305867468,0.733828879,Casi
Casi cumulativi,233219,409649,503190,529497,681042,735750,467228,339928,254068,87735,4241306,5.498754393,9.658558001,11.86403433,12.4842914,16.05736535,17.34725106,11.01613512,8.014701132,5.990324678,2.068584535,Casi
Decessi 29/6/2021,0,0,0,0,0,4,4,1,10,1,20,0,0,0,0,0,20,20,5,50,5,Decessi
Decessi ultimi 28 giorni,3,-1,3,14,39,174,420,679,715,336,2382,0.125944584,-0.041981528,0.125944584,0.587741394,1.637279597,7.304785894,17.63224181,28.5054576,30.01679261,14.10579345,Decessi
Decessi cumulativi,13,17,68,253,1121,4487,13047,31941,51085,24515,126547,0.010272863,0.013433744,0.053734976,0.199925719,0.885836883,3.545718192,10.3100034,25.24042451,40.36840067,19.37224905,Decessi
Vaccini 29/6/2021,0,14388,45126,50715,47287,72050,41677,62311,4224,1076,338854,0,4.246076481,13.31723987,14.96662279,13.95497766,21.26284477,12.29939738,18.3887456,1.246554563,0.317540888,Vaccini
Vaccini ultimi 24 giorni,0,480032,1512259,1951847,2847442,3034462,1612542,1252804,167438,44809,12903635,0,3.720130025,11.71963559,15.12633456,22.0669757,23.51633474,12.4968042,9.708923106,1.29760335,0.347258738,Vaccini
Vaccini cumulativi,0,738747,3148989,4155705,6848339,10101176,9252873,8439532,6612293,1510221,50807875,0,1.454000979,6.197836457,8.179253708,13.47889279,19.88112276,18.21149379,16.61067699,13.01430733,2.972415201,Vaccini
