Categoria,0-9 anni,10-19 anni,20-29 anni,30-39 anni,40-49 anni,50-59 anni,60-69 anni,70-79 anni,80-89 anni,oltre 90 anni,Tutte le età,0-9 anni,10-19 anni,20-29 anni,30-39 anni,40-49 anni,50-59 anni,60-69 anni,70-79 anni,80-89 anni,oltre 90 anni,Labels
Casi 17/6/2021,70,128,167,127,138,122,74,58,18,10,912,7.675438596,14.03508772,18.31140351,13.9254386,15.13157895,13.37719298,8.114035088,6.359649123,1.973684211,1.096491228,Casi
Casi ultimi 26 giorni,6215,9992,9540,9542,11746,10506,5604,3132,1531,497,68305,9.098894664,14.6285045,13.96676671,13.96969475,17.19639851,15.38101164,8.204377425,4.585315863,2.241417173,0.727618769,Casi
Casi cumulativi,232383,408143,501213,527908,679352,734331,466502,339436,253801,87649,4230718,5.492755603,9.647133182,11.84699618,12.47797655,16.05760535,17.35712472,11.02654443,8.02312988,5.99900537,2.071728723,Casi
Decessi 17/6/2021,0,0,0,2,2,5,7,16,19,6,57,0,0,0,3.50877193,3.50877193,8.771929825,12.28070175,28.07017544,33.33333333,10.52631579,Decessi
Decessi ultimi 26 giorni,2,-2,2,21,46,196,531,878,820,365,2859,0.06995453,-0.06995453,0.06995453,0.73452256,1.60895418,6.855543896,18.5729276,30.71003847,28.68135712,12.76670164,Decessi
Decessi cumulativi,12,15,67,255,1119,4458,12999,31855,50970,24452,126202,0.009508566,0.011885707,0.053089491,0.20205702,0.886673745,3.532432133,10.30015372,25.24127985,40.38763253,19.37528724,Decessi
Vaccini 17/6/2021,0,10761,39450,53751,75807,84786,61889,39107,4978,1270,371799,0,2.894305794,10.61057184,14.45700499,20.38924257,22.80425714,16.64582207,10.51831769,1.338895478,0.341582414,Vaccini
Vaccini ultimi 26 giorni,0,388785,1075911,1430933,2962887,3979486,2138247,1242830,225901,68965,13513945,0,2.87691714,7.96148719,10.58856611,21.92466375,29.44725615,15.82252259,9.196648351,1.671614025,0.510324705,Vaccini
Vaccini cumulativi,0,481865,2301802,3120205,5615383,8635641,8367222,7686412,6523455,1486051,44218036,0,1.089747631,5.205572676,7.056407933,12.69930442,19.52968015,18.92264505,17.3829792,14.75292797,3.360734972,Vaccini
