Categoria,0-9 anni,10-19 anni,20-29 anni,30-39 anni,40-49 anni,50-59 anni,60-69 anni,70-79 anni,80-89 anni,oltre 90 anni,Tutte le età,0-9 anni,10-19 anni,20-29 anni,30-39 anni,40-49 anni,50-59 anni,60-69 anni,70-79 anni,80-89 anni,oltre 90 anni,Labels
Casi 3/2/2022,11021,11288,6962,10567,11846,9413,5412,3248,1988,641,72386,15.22531981,15.59417567,9.617881911,14.59812671,16.36504296,13.00389578,7.47658387,4.487055508,2.746387423,0.885530351,Casi
Casi ultimi 28 giorni,14408,31061,32203,25331,25392,21842,12319,7660,4822,1353,176391,8.168217199,17.60917507,18.25660039,14.36071001,14.39529228,12.38271794,6.983916413,4.342625191,2.733699565,0.767045938,Casi
Casi cumulativi,945083,1409457,1457670,1506396,1805272,1693944,981716,640285,407346,129083,10976252,8.610252389,12.84096794,13.28021623,13.72413826,16.44707137,15.43280894,8.944000192,5.833366435,3.711157506,1.17602074,Casi
Decessi 3/2/2022,0,0,0,0,7,11,19,47,78,32,194,0,0,0,0,3.608247423,5.670103093,9.793814433,24.22680412,40.20618557,16.49484536,Decessi
Decessi ultimi 28 giorni,0,0,4,12,37,99,211,352,498,245,1458,0,0,0.274348422,0.823045267,2.537722908,6.790123457,14.47187929,24.14266118,34.1563786,16.80384088,Decessi
Decessi cumulativi,17,27,95,350,1391,5380,15143,36493,58130,28165,145191,0.011708715,0.018596194,0.065431053,0.241061774,0.958048364,3.705463837,10.42970983,25.13447803,40.03691689,19.39858531,Decessi
