Categoria,0-9 anni,10-19 anni,20-29 anni,30-39 anni,40-49 anni,50-59 anni,60-69 anni,70-79 anni,80-89 anni,oltre 90 anni,Tutte le età,0-9 anni,10-19 anni,20-29 anni,30-39 anni,40-49 anni,50-59 anni,60-69 anni,70-79 anni,80-89 anni,oltre 90 anni,Labels
Casi 28/7/2021,358,1370,1315,736,669,621,254,125,98,11,5557,6.442324996,24.65359007,23.6638474,13.24455642,12.03886989,11.17509448,4.570811589,2.249415152,1.763541479,0.197948533,Casi
Casi ultimi 25 giorni,4338,17793,19840,11354,10503,9883,5089,2711,1386,319,83216,5.212939819,21.38170544,23.84156893,13.64401077,12.62137089,11.87632186,6.115410498,3.257786964,1.665545087,0.383339742,Casi
Casi cumulativi,237749,427969,523682,541301,691999,745994,472487,342742,255510,88066,4327499,5.493912304,9.889522794,12.10126218,12.50840266,15.99073738,17.23845575,10.91824631,7.920094262,5.90433412,2.035032244,Casi
Decessi 28/7/2021,0,0,-1,1,-2,5,18,22,35,2,80,0,0,-1.25,1.25,-2.5,6.25,22.5,27.5,43.75,2.5,Decessi
Decessi ultimi 25 giorni,1,-1,-1,3,4,43,66,131,200,99,545,0.183486239,-0.183486239,-0.183486239,0.550458716,0.733944954,7.889908257,12.11009174,24.03669725,36.69724771,18.16513761,Decessi
Decessi cumulativi,14,16,67,259,1125,4539,13130,32109,51328,24635,127222,0.011004386,0.012576441,0.052663847,0.203581142,0.884281021,3.567779158,10.32054204,25.23855937,40.34522331,19.36378928,Decessi
Vaccini 28/7/2021,0,39992,81071,77149,66506,45074,47493,19516,1886,471,379158,0,10.54758175,21.38185137,20.3474541,17.54044488,11.88792008,12.52591268,5.147194573,0.497417963,0.12422262,Vaccini
Vaccini ultimi 25 giorni,0,974967,1849175,1911279,2902614,2490831,1777111,1293591,82282,19398,13301248,0,7.32989115,13.90226692,14.36917047,21.82211774,18.72629546,13.36048317,9.725335547,0.618603608,0.14583594,Vaccini
Vaccini cumulativi,0,2082531,5396981,6355893,10147924,13155473,11318145,10137118,6730418,1540538,66865021,0,3.114529793,8.071456375,9.505557472,15.17673045,19.67467116,16.92685478,15.16056953,10.06567844,2.303952017,Vaccini
