Categoria,0-9 anni,10-19 anni,20-29 anni,30-39 anni,40-49 anni,50-59 anni,60-69 anni,70-79 anni,80-89 anni,oltre 90 anni,Tutte le età,0-9 anni,10-19 anni,20-29 anni,30-39 anni,40-49 anni,50-59 anni,60-69 anni,70-79 anni,80-89 anni,oltre 90 anni,Labels
Casi 14/9/2021,613,759,637,837,937,732,453,289,229,56,5542,11.06098881,13.69541682,11.49404547,15.10285096,16.9072537,13.20822808,8.173944424,5.214723926,4.132082281,1.010465536,Casi
Casi ultimi 28 giorni,14408,31061,32203,25331,25392,21842,12319,7660,4822,1353,176391,8.168217199,17.60917507,18.25660039,14.36071001,14.39529228,12.38271794,6.983916413,4.342625191,2.733699565,0.767045938,Casi
Casi cumulativi,260778,479104,575720,581763,732473,780671,491977,354806,263234,90222,4610748,5.655871889,10.39102549,12.48647725,12.61754058,15.88620762,16.93154777,10.67022097,7.695193925,5.709138734,1.956775777,Casi
Decessi 14/9/2021,0,0,0,1,1,12,13,20,33,11,91,0,0,0,1.098901099,1.098901099,13.18681319,14.28571429,21.97802198,36.26373626,12.08791209,Decessi
Decessi ultimi 28 giorni,0,0,4,12,37,99,211,352,498,245,1458,0,0,0.274348422,0.823045267,2.537722908,6.790123457,14.47187929,24.14266118,34.1563786,16.80384088,Decessi
Decessi cumulativi,14,19,73,277,1181,4696,13437,32660,52089,25017,129463,0.0108139,0.014676008,0.056386767,0.213960746,0.912229749,3.627291195,10.37902721,25.22728502,40.23466164,19.32366777,Decessi
Vaccini 14/9/2021,0,43711,35770,32822,26620,19850,9797,4897,1764,344,175575,0,24.89591343,20.37305995,18.69400541,15.16161185,11.30570981,5.579951588,2.789121458,1.004698847,0.195927666,Vaccini
Vaccini ultimi 28 giorni,0,1711039,1477931,1283687,1115158,749585,361237,163253,51360,10288,6923538,0,24.71336187,21.34647055,18.54091073,16.10676507,10.82661784,5.217520291,2.35794185,0.741817262,0.148594548,Vaccini
Vaccini cumulativi,0,5034836,8649439,9170020,12464676,14755354,12327951,10540682,6840735,1566005,81349698,0,6.189126848,10.63241685,11.2723467,15.32233838,18.1381792,15.15426769,12.95724786,8.409047812,1.925028658,Vaccini
