Categoria,0-9 anni,10-19 anni,20-29 anni,30-39 anni,40-49 anni,50-59 anni,60-69 anni,70-79 anni,80-89 anni,oltre 90 anni,Tutte le età,0-9 anni,10-19 anni,20-29 anni,30-39 anni,40-49 anni,50-59 anni,60-69 anni,70-79 anni,80-89 anni,oltre 90 anni,Labels
Casi 30/8/2021,585,974,916,852,959,736,448,289,192,48,5999,9.751625271,16.23603934,15.26921154,14.20236706,15.98599767,12.26871145,7.467911319,4.817469578,3.200533422,0.800133356,Casi
Casi ultimi 23 giorni,11368,26106,27085,20120,20132,17526,9976,6026,3822,1063,143224,7.937217226,18.22739206,18.91093671,14.04792493,14.05630341,12.23677596,6.965313076,4.207395409,2.668547171,0.742194046,Casi
Casi cumulativi,252576,466907,563669,568780,719004,769487,485531,350505,260390,89367,4526216,5.580290468,10.31561463,12.45342688,12.56634681,15.88532231,17.00066899,10.72708417,7.743885842,5.752929158,1.974430739,Casi
Decessi 30/8/2021,0,0,0,0,2,7,18,24,18,15,84,0,0,0,0,2.380952381,8.333333333,21.42857143,28.57142857,21.42857143,17.85714286,Decessi
Decessi ultimi 23 giorni,0,0,4,5,25,67,155,259,381,197,1093,0,0,0.365965233,0.457456542,2.287282708,6.129917658,14.18115279,23.69624886,34.85818847,18.02378774,Decessi
Decessi cumulativi,14,17,73,266,1156,4613,13296,32415,51767,24864,128481,0.010896553,0.013231528,0.05681774,0.207034503,0.899743931,3.590414147,10.34861186,25.22941135,40.29156062,19.35227777,Decessi
Vaccini 30/8/2021,0,86713,73507,64729,54625,35719,17201,7782,2265,409,342950,0,25.2844438,21.4337367,18.87417991,15.92797784,10.41522088,5.015599942,2.269135442,0.660446129,0.119259367,Vaccini
Vaccini ultimi 23 giorni,0,1280495,1331330,1105063,928332,657495,370323,142639,38216,7830,5861723,0,21.84502748,22.71226395,18.85218732,15.83718644,11.21675316,6.317647559,2.433397143,0.651958477,0.133578472,Vaccini
Vaccini cumulativi,0,4043783,7854031,8469986,11861211,14344150,12141326,10450335,6808349,1559124,77532295,0,5.215611121,10.13001227,10.92446186,15.29841339,18.50087115,15.65970155,13.47868653,8.781307196,2.010934927,Vaccini
