Categoria,0-9 anni,10-19 anni,20-29 anni,30-39 anni,40-49 anni,50-59 anni,60-69 anni,70-79 anni,80-89 anni,oltre 90 anni,Tutte le età,0-9 anni,10-19 anni,20-29 anni,30-39 anni,40-49 anni,50-59 anni,60-69 anni,70-79 anni,80-89 anni,oltre 90 anni,Labels
Casi 25/4/2021,1014,1250,1216,1413,1642,1755,1053,652,330,90,10415,9.735957753,12.00192031,11.67546807,13.56697072,15.76572252,16.85069611,10.11041767,6.260201632,3.168506961,0.864138262,Casi
Casi ultimi 22 giorni,24243,35347,37430,39935,50257,53375,35788,25381,13010,3331,318097,7.621260182,11.11201929,11.76685099,12.55434663,15.79926878,16.77947293,11.25065625,7.979012691,4.089947406,1.047164859,Casi
Casi cumulativi,200633,366358,464173,485955,627792,687257,436750,321238,246012,85222,3921390,5.116374551,9.342554553,11.83695067,12.39241697,16.00942523,17.5258518,11.13763232,8.191942143,6.273591762,2.173259992,Casi
Decessi 25/4/2021,0,0,1,-1,2,4,23,39,62,27,157,0,0,0.636942675,-0.636942675,1.27388535,2.547770701,14.64968153,24.84076433,39.49044586,17.19745223,Decessi
Decessi ultimi 22 giorni,0,-1,4,6,84,403,1170,2619,3338,1410,9033,0,-0.011070519,0.044282077,0.066423115,0.929923613,4.461419241,12.95250747,28.9936898,36.95339311,15.60943208,Decessi
Decessi cumulativi,6,13,59,212,1009,3966,11557,29130,48274,23251,117477,0.005107383,0.011065996,0.050222597,0.180460856,0.858891528,3.375979979,9.837670352,24.79634311,41.09229892,19.79195928,Decessi
Vaccini 25/4/2021,0,616,3415,4348,7650,12893,53090,82516,25228,3861,193617,0,0.318153881,1.763791403,2.245670576,3.951099335,6.65902271,27.4201129,42.61815853,13.02984759,1.994143076,Vaccini
Vaccini ultimi 22 giorni,0,16046,122561,161367,265937,436505,1070779,2455026,1721205,307262,6556688,0,0.244727216,1.869251671,2.461105363,4.055965451,6.65740081,16.33109582,37.44308102,26.25113472,4.68623793,Vaccini
Vaccini cumulativi,0,29832,802461,1138598,1588437,2160696,2237456,3383582,5182591,1159168,17682821,0,0.168706113,4.53808247,6.439006536,8.982938865,12.21918154,12.65327518,19.13485411,29.30862106,6.555334129,Vaccini
