Categoria,0-9 anni,10-19 anni,20-29 anni,30-39 anni,40-49 anni,50-59 anni,60-69 anni,70-79 anni,80-89 anni,oltre 90 anni,Tutte le età,0-9 anni,10-19 anni,20-29 anni,30-39 anni,40-49 anni,50-59 anni,60-69 anni,70-79 anni,80-89 anni,oltre 90 anni,Labels
Casi 3/1/2022,4490,9731,14348,11512,11490,9576,5138,2667,1281,275,70508,6.368071708,13.80127078,20.34946389,16.32722528,16.29602315,13.58143757,7.287116356,3.782549498,1.816815113,0.390026664,Casi
Casi ultimi 28 giorni,14408,31061,32203,25331,25392,21842,12319,7660,4822,1353,176391,8.168217199,17.60917507,18.25660039,14.36071001,14.39529228,12.38271794,6.983916413,4.342625191,2.733699565,0.767045938,Casi
Casi cumulativi,418333,701052,806273,806224,996766,1003432,624496,439506,302751,100589,6199422,6.747935533,11.30834455,13.00561568,13.00482529,16.07836989,16.18589604,10.07345524,7.089467373,4.883535917,1.62255449,Casi
Decessi 3/1/2022,0,0,0,1,2,9,21,47,64,26,170,0,0,0,0.588235294,1.176470588,5.294117647,12.35294118,27.64705882,37.64705882,15.29411765,Decessi
Decessi ultimi 28 giorni,0,0,4,12,37,99,211,352,498,245,1458,0,0,0.274348422,0.823045267,2.537722908,6.790123457,14.47187929,24.14266118,34.1563786,16.80384088,Decessi
Decessi cumulativi,14,21,80,313,1285,5052,14246,34425,54880,26502,136818,0.010232572,0.015348858,0.058471839,0.228771068,0.939203906,3.692496601,10.41237264,25.161163,40.11168121,19.3702583,Decessi
