Categoria,0-9 anni,10-19 anni,20-29 anni,30-39 anni,40-49 anni,50-59 anni,60-69 anni,70-79 anni,80-89 anni,oltre 90 anni,Tutte le età,0-9 anni,10-19 anni,20-29 anni,30-39 anni,40-49 anni,50-59 anni,60-69 anni,70-79 anni,80-89 anni,oltre 90 anni,Labels
Casi 27/2-2/3/2021,3881,6610,6475,7052,8921,8943,5726,3940,2418,602,54568,7.112226946,12.11332649,11.86592875,12.92332503,16.34840932,16.38872599,10.49332942,7.220348922,4.43116845,1.103210673,Casi
Casi ultimi 24 giorni,24542,39222,38517,42543,55125,55467,35330,25308,16304,4243,336601,7.291125101,11.6523718,11.44292501,12.63899988,16.37695669,16.47856067,10.49610667,7.51869424,4.843717042,1.260542898,Casi
Casi cumulativi,133076,259546,347839,362173,467593,517442,326906,243332,201957,74368,2934232,4.53529237,8.845449167,11.85451593,12.34302536,15.93578831,17.63466556,11.1411095,8.292868458,6.882789091,2.53449625,Casi
Decessi 27/2-2/3/2021,0,0,1,2,7,33,98,271,376,181,969,0,0,0.103199174,0.206398349,0.722394221,3.405572755,10.11351909,27.96697626,38.80288958,18.67905057,Decessi
Decessi ultimi 24 giorni,1,2,5,8,75,253,739,1826,3091,1510,7510,0.013315579,0.026631158,0.066577896,0.106524634,0.998668442,3.368841545,9.840213049,24.31424767,41.15845539,20.10652463,Decessi
Decessi cumulativi,6,11,50,183,805,3132,9133,23436,40146,19731,96633,0.006209059,0.011383275,0.051742158,0.1893763,0.833048751,3.241128807,9.451222667,24.25258452,41.54481388,20.41849058,Decessi
Vaccini 1/3/2021,0,85,6570,9158,14820,20286,10430,2171,47606,9372,120498,0,0.07054059,5.452372653,7.600126143,12.29895932,16.83513419,8.655745324,1.801689655,39.50770967,7.777722452,Vaccini
Vaccini ultimi 24 giorni,0,2156,151065,200106,277478,317878,165104,61608,613481,160865,1949741,0,0.11057879,7.747952164,10.26320932,14.23153126,16.30360135,8.467996519,3.159804302,31.46474327,8.250583026,Vaccini
Vaccini cumulativi,0,4495,403524,586496,760325,968027,567280,149506,736113,258365,4434131,0,0.101372738,9.100407724,13.22685324,17.14710278,21.8312675,12.79348761,3.371709135,16.60106569,5.826733581,Vaccini
