Categoria,0-9 anni,10-19 anni,20-29 anni,30-39 anni,40-49 anni,50-59 anni,60-69 anni,70-79 anni,80-89 anni,oltre 90 anni,Tutte le età,0-9 anni,10-19 anni,20-29 anni,30-39 anni,40-49 anni,50-59 anni,60-69 anni,70-79 anni,80-89 anni,oltre 90 anni,Labels
Casi 4/9/2021,322,382,471,460,456,407,238,165,92,23,3016,10.67639257,12.66578249,15.61671088,15.25198939,15.1193634,13.49469496,7.891246684,5.470822281,3.050397878,0.762599469,Casi
Casi ultimi 28 giorni,14408,31061,32203,25331,25392,21842,12319,7660,4822,1353,176391,8.168217199,17.60917507,18.25660039,14.36071001,14.39529228,12.38271794,6.983916413,4.342625191,2.733699565,0.767045938,Casi
Casi cumulativi,255616,471862,568787,573991,724264,773803,487874,352139,261390,89657,4559383,5.606372617,10.3492512,12.47508709,12.58922534,15.88513183,16.97166042,10.70043907,7.72339152,5.733012559,1.966428352,Casi
Decessi 4/9/2021,0,0,0,1,0,0,4,7,11,2,25,0,0,0,4,0,0,16,28,44,8,Decessi
Decessi ultimi 28 giorni,0,0,4,12,37,99,211,352,498,245,1458,0,0,0.274348422,0.823045267,2.537722908,6.790123457,14.47187929,24.14266118,34.1563786,16.80384088,Decessi
Decessi cumulativi,14,17,73,273,1168,4645,13352,32508,51884,24912,128846,0.010865685,0.013194046,0.056656784,0.21188085,0.906508545,3.605078931,10.36275864,25.23011968,40.26822719,19.33470965,Decessi
Vaccini 4/9/2021,0,55055,43568,41600,36495,23655,9909,4369,1370,205,216226,0,25.46178535,20.14928824,19.23912943,16.87817376,10.93994247,4.582705133,2.020571069,0.63359633,0.09480821,Vaccini
Vaccini ultimi 28 giorni,0,1647912,1648354,1373999,1154906,811298,442466,176872,49273,10113,7315193,0,22.52725253,22.53329475,18.7828127,15.78777211,11.09058913,6.048589559,2.417871955,0.673570745,0.138246523,Vaccini
Vaccini cumulativi,0,4412530,8174874,8744007,12093780,14504882,12219077,10486689,6821014,1561864,79018717,0,5.584157991,10.34549068,11.06574155,15.30495617,18.35626109,15.4635224,13.27114562,8.632149773,1.97657474,Vaccini
