Categoria,0-9 anni,10-19 anni,20-29 anni,30-39 anni,40-49 anni,50-59 anni,60-69 anni,70-79 anni,80-89 anni,oltre 90 anni,Tutte le età,0-9 anni,10-19 anni,20-29 anni,30-39 anni,40-49 anni,50-59 anni,60-69 anni,70-79 anni,80-89 anni,oltre 90 anni,Labels
Casi 14/6/2021,101,192,216,188,213,163,97,49,33,14,1266,7.977883096,15.16587678,17.06161137,14.84992101,16.82464455,12.87519747,7.66192733,3.870458136,2.606635071,1.105845182,Casi
Casi ultimi 23 giorni,5810,9359,8819,8870,10965,9836,5234,2910,1424,452,63679,9.123886996,14.69715291,13.84914964,13.92923884,17.21917744,15.44622246,8.219350178,4.56979538,2.236216021,0.709810141,Casi
Casi cumulativi,231978,407510,500492,527236,678571,733661,466132,339214,253694,87604,4226092,5.489184807,9.64271483,11.84290356,12.47573408,16.05670203,17.36027043,11.02985926,8.026659145,6.003040161,2.072931683,Casi
Decessi 14/6/2021,0,0,0,1,0,5,8,11,15,7,47,0,0,0,2.127659574,0,10.63829787,17.0212766,23.40425532,31.91489362,14.89361702,Decessi
Decessi ultimi 23 giorni,1,-2,2,17,42,181,499,836,776,341,2693,0.037133309,-0.074266617,0.074266617,0.631266246,1.55959896,6.721128853,18.52952098,31.04344597,28.81544746,12.66245823,Decessi
Decessi cumulativi,7,15,67,251,1115,4443,12967,31813,50926,24428,126032,0.005554145,0.011901739,0.053161102,0.19915577,0.88469595,3.525295163,10.28865685,25.24200203,40.40719817,19.38237908,Decessi
Vaccini 14/6/2021,0,14844,50803,72830,140284,108834,68574,47347,7192,1691,512399,0,2.896961157,9.914734416,14.21353281,27.37788325,21.24008829,13.3829301,9.240260032,1.403593684,0.330016257,Vaccini
Vaccini ultimi 23 giorni,0,347829,919709,1215956,2611100,3677594,1913195,1088800,203735,62645,12040563,0,2.8888101,7.638421891,10.0988301,21.68586303,30.54337243,15.88958091,9.042766522,1.69207204,0.52028298,Vaccini
Vaccini cumulativi,0,440826,2144275,2903699,5261436,8332122,8140923,7531375,6500568,1479285,42734509,0,1.031545723,5.017666168,6.794740522,12.31191401,19.49740899,19.04999774,17.62363761,15.2115191,3.461570133,Vaccini
