Categoria,0-9 anni,10-19 anni,20-29 anni,30-39 anni,40-49 anni,50-59 anni,60-69 anni,70-79 anni,80-89 anni,oltre 90 anni,Tutte le età,0-9 anni,10-19 anni,20-29 anni,30-39 anni,40-49 anni,50-59 anni,60-69 anni,70-79 anni,80-89 anni,oltre 90 anni,Labels
Casi 3/4/2021,1135,1970,2361,2396,3148,3462,2197,1714,944,235,19562,5.802065229,10.07054493,12.06931807,12.24823638,16.09242409,17.69757693,11.23095798,8.761885288,4.825682446,1.20130866,Casi
Casi ultimi 28 giorni,37450,61740,68463,72789,95608,101621,64633,46049,27093,6570,582016,6.434531009,10.6079558,11.76307868,12.50635721,16.42703981,17.46017292,11.10502117,7.911981801,4.655026666,1.128834946,Casi
Casi cumulativi,176390,331011,426743,446020,577535,633882,400962,295857,233002,81891,3603293,4.895244433,9.186347044,11.84313904,12.3781219,16.02797774,17.59174178,11.12765462,8.210739454,6.466362852,2.272671137,Casi
Decessi 3/4/2021,0,0,1,0,5,2,6,51,23,5,93,0,0,1.075268817,0,5.376344086,2.150537634,6.451612903,54.83870968,24.7311828,5.376344086,Decessi
Decessi ultimi 28 giorni,0,3,4,22,108,393,1141,2759,4220,1848,10498,0,0.028576872,0.038102496,0.209563726,1.028767384,3.743570204,10.8687369,26.28119642,40.19813298,17.60335302,Decessi
Decessi cumulativi,6,14,55,206,925,3563,10387,26511,44936,21841,108444,0.00553281,0.012909889,0.050717421,0.189959795,0.852974807,3.285566744,9.578215484,24.44671904,41.43705507,20.14034894,Decessi
Vaccini 3/4/2021,0,306,3553,4577,7114,11047,16373,42231,73104,11508,169813,0,0.180198218,2.092301532,2.695317791,4.189314128,6.505391224,9.641782431,24.86912074,43.04970762,6.776866318,Vaccini
Vaccini ultimi 28 giorni,0,7954,211445,297241,423672,565000,478000,713382,2343408,489802,5529904,0,0.143836132,3.823664932,5.375156603,7.661471158,10.21717556,8.643911359,12.90044095,42.37701052,8.857332786,Vaccini
Vaccini cumulativi,0,13361,674369,969618,1311390,1706366,1149540,892884,3397153,834829,10949510,0,0.122023725,6.158896608,8.855355171,11.97670033,15.58394851,10.49855199,8.154556688,31.02561667,7.624350313,Vaccini
