Categoria,0-9 anni,10-19 anni,20-29 anni,30-39 anni,40-49 anni,50-59 anni,60-69 anni,70-79 anni,80-89 anni,oltre 90 anni,Tutte le età,0-9 anni,10-19 anni,20-29 anni,30-39 anni,40-49 anni,50-59 anni,60-69 anni,70-79 anni,80-89 anni,oltre 90 anni,Labels
Casi 24 ore,551,813,878,927,1200,1228,802,620,460,121,7600,7.25,10.69736842,11.55263158,12.19736842,15.78947368,16.15789474,10.55263158,8.157894737,6.052631579,1.592105263,Casi
Casi ultimi 20 giorni,15623,24557,29116,31106,40032,43443,28865,21378,16884,5925,256929,6.1,9.557893426,11.3323136,12.10684664,15.58095816,16.90856229,11.23462124,8.320586621,6.571465269,2.30608456,Casi
Casi cumulativi,105177,215663,304677,314071,405354,454592,286582,214528,183162,69429,2553235,4.1,8.446656888,11.93297914,12.30090454,15.87609444,17.80454991,11.22427039,8.402203479,7.173722748,2.719256159,Casi
Decessi 24 ore,0,0,0,2,3,15,39,102,147,95,403,0,0,0,0.496277916,0.744416873,3.722084367,9.677419355,25.3101737,36.4764268,23.57320099,Decessi
Decessi ultimi 20 giorni,0,0,4,17,67,223,753,1999,3829,2054,8946,0,0,0.044712721,0.190029063,0.748938073,2.492734183,8.417169685,22.3451822,42.80125196,22.95998211,Decessi
Decessi cumulativi,5,5,45,174,723,2834,8245,21274,36378,17847,87530,0,0.005712327,0.051410945,0.198788987,0.826002513,3.237747058,9.419627556,24.30480978,41.56060779,20.38958072,Decessi
Vaccini 24 ore,0,48,7176,9846,12766,17392,10056,2564,2608,2208,64664,0,0.074229865,11.09736484,15.22640109,19.74205122,26.89595447,15.55115675,3.965111963,4.033156006,3.414573797,Vaccini
Vaccini ultimi 20 giorni,0,124,122304,198303,241021,331880,218463,48572,67513,54454,1282634,0,0.009667606,9.53537798,15.46060684,18.79109707,25.87487935,17.03237245,3.786894781,5.263621579,4.245482343,Vaccini
Vaccini cumulativi,0,1816,209000,329250,409844,553697,344695,69157,92565,73340,2083364,0,0.087166717,10.03185233,15.80376737,19.67222242,26.57706479,16.54511646,3.319487137,4.443054598,3.520268182,Vaccini
