Categoria,0-9 anni,10-19 anni,20-29 anni,30-39 anni,40-49 anni,50-59 anni,60-69 anni,70-79 anni,80-89 anni,oltre 90 anni,Tutte le età,0-9 anni,10-19 anni,20-29 anni,30-39 anni,40-49 anni,50-59 anni,60-69 anni,70-79 anni,80-89 anni,oltre 90 anni,Labels
Casi 5/1/2022,10938,26380,38122,30941,32697,30372,15392,8592,3709,863,198006,5.524075028,13.3228286,19.25295193,15.62629415,16.51313597,15.33892912,7.773501813,4.339262447,1.87317556,0.435845378,Casi
Casi ultimi 28 giorni,14408,31061,32203,25331,25392,21842,12319,7660,4822,1353,176391,8.168217199,17.60917507,18.25660039,14.36071001,14.39529228,12.38271794,6.983916413,4.342625191,2.733699565,0.767045938,Casi
Casi cumulativi,436872,745222,869819,857524,1051751,1054445,650061,453758,308857,101930,6530239,6.689984854,11.4118641,13.31986471,13.13158676,16.10585769,16.14711192,9.954628001,6.948566507,4.729643126,1.560892335,Casi
Decessi 5/1/2022,1,0,0,2,2,16,33,81,94,44,273,0.366300366,0,0,0.732600733,0.732600733,5.860805861,12.08791209,29.67032967,34.43223443,16.11721612,Decessi
Decessi ultimi 28 giorni,0,0,4,12,37,99,211,352,498,245,1458,0,0,0.274348422,0.823045267,2.537722908,6.790123457,14.47187929,24.14266118,34.1563786,16.80384088,Decessi
Decessi cumulativi,15,21,81,315,1290,5073,14300,34566,55039,26581,137281,0.010926494,0.015297091,0.059003067,0.229456371,0.93967847,3.695340215,10.41659079,25.17901239,40.09221961,19.36247551,Decessi
