Categoria,0-9 anni,10-19 anni,20-29 anni,30-39 anni,40-49 anni,50-59 anni,60-69 anni,70-79 anni,80-89 anni,oltre 90 anni,Tutte le età,0-9 anni,10-19 anni,20-29 anni,30-39 anni,40-49 anni,50-59 anni,60-69 anni,70-79 anni,80-89 anni,oltre 90 anni,Labels
Casi 13/5-15/5/2021,1689,2175,2040,2212,2762,2477,1601,878,385,113,16332,10.34166054,13.31741367,12.49081558,13.54396277,16.91158462,15.16654421,9.802841048,5.375949057,2.357335293,0.691893216,Casi
Casi ultimi 28 giorni,31482,39197,35763,41386,50617,48430,32389,20960,9350,2625,312199,10.08395286,12.5551331,11.45519364,13.25628846,16.21305642,15.51254168,10.37447269,6.713666604,2.994884673,0.840809868,Casi
Casi cumulativi,222445,392877,487333,513540,661516,718160,457480,334299,251490,86893,4126033,5.391255959,9.521906393,11.81117553,12.44633768,16.03273653,17.40558061,11.08764763,8.102189197,6.095200887,2.105969584,Casi
Decessi 13/5-15/5/2021,0,0,2,-1,4,13,36,105,89,29,277,0,0,0.722021661,-0.36101083,1.444043321,4.693140794,12.99638989,37.90613718,32.1299639,10.46931408,Decessi
Decessi ultimi 28 giorni,1,4,9,20,87,399,1161,2463,2643,1145,7932,0.012607161,0.050428643,0.113464448,0.252143217,1.096822995,5.030257186,14.63691377,31.05143722,33.32072617,14.43519919,Decessi
Decessi cumulativi,11,16,65,230,1060,4212,12295,30626,49789,23919,122223,0.008999943,0.013090826,0.05318148,0.188180621,0.867267208,3.446159888,10.05948144,25.05747691,40.73619532,19.56996637,Decessi
Vaccini 15/5/2021,0,3243,18557,24140,50269,138235,156110,92798,21197,5716,510265,0,0.635552115,3.636737774,4.730875134,9.851547725,27.09082536,30.59390709,18.18623656,4.154115999,1.120202248,Vaccini
Vaccini ultimi 28 giorni,0,47902,310930,396713,694568,1643062,3494318,3475557,1481781,298185,11843016,0,0.404474671,2.625429198,3.34976327,5.864789847,13.8736788,29.50530507,29.34689103,12.51185509,2.51781303,Vaccini
Vaccini cumulativi,0,71573,1072958,1481567,2190628,3638524,5180402,5845955,6163156,1366353,27011116,0,0.264976094,3.972283115,5.485026979,8.11009808,13.47046897,19.1787781,21.64277477,22.81710982,5.05848407,Vaccini
