Categoria,0-9 anni,10-19 anni,20-29 anni,30-39 anni,40-49 anni,50-59 anni,60-69 anni,70-79 anni,80-89 anni,oltre 90 anni,Tutte le età,0-9 anni,10-19 anni,20-29 anni,30-39 anni,40-49 anni,50-59 anni,60-69 anni,70-79 anni,80-89 anni,oltre 90 anni,Labels
Casi 21/6/2021,52,136,160,128,146,109,52,59,40,16,898,5.79064588,15.14476615,17.81737194,14.25389755,16.25835189,12.13808463,5.79064588,6.570155902,4.454342984,1.781737194,Casi
Casi ultimi 23 giorni,4017,6563,6730,6549,7616,6670,3508,2020,1026,358,45057,8.91537386,14.56599419,14.93663582,14.53492243,16.90303393,14.80347116,7.785693677,4.483210156,2.277115654,0.794549127,Casi
Casi cumulativi,232731,408749,501946,528560,680013,734853,466785,339648,253901,87697,4234883,5.495570952,9.651954965,11.85265331,12.48110042,16.05742118,17.35238022,11.02238244,8.020245187,5.995466699,2.070824625,Casi
Decessi 21/6/2021,0,0,0,0,0,1,6,13,16,9,45,0,0,0,0,0,2.222222222,13.33333333,28.88888889,35.55555556,20,Decessi
Decessi ultimi 23 giorni,2,-3,2,16,37,163,398,627,655,306,2203,0.090785293,-0.136177939,0.090785293,0.726282342,1.679527916,7.399001362,18.06627326,28.46118929,29.73218339,13.8901498,Decessi
Decessi cumulativi,12,15,67,255,1119,4471,13019,31879,51010,24479,126326,0.009499232,0.01187404,0.053037379,0.201858683,0.885803398,3.539255577,10.30587528,25.2355018,40.37965264,19.37764197,Decessi
Vaccini 21/6/2021,0,16868,57854,80015,117073,119165,74798,63336,7955,2088,539152,0,3.128616791,10.73055465,14.8408983,21.71428465,22.10230139,13.87326765,11.74733656,1.475465175,0.387274832,Vaccini
Vaccini ultimi 23 giorni,0,434868,1189121,1558138,2895812,3345221,1631083,1034656,175049,49784,12313732,0,3.531569471,9.656869258,12.65366178,23.51693215,27.1665893,13.24604921,8.402456704,1.421575522,0.404296602,Vaccini
Vaccini cumulativi,0,560181,2582539,3473130,6120021,9153047,8728742,7929861,6558332,1495536,46601389,0,1.20206932,5.541764002,7.452846524,13.13270083,19.64114632,18.73064771,17.01636189,14.07325434,3.209209065,Vaccini
