Categoria,0-9 anni,10-19 anni,20-29 anni,30-39 anni,40-49 anni,50-59 anni,60-69 anni,70-79 anni,80-89 anni,oltre 90 anni,Tutte le età,0-9 anni,10-19 anni,20-29 anni,30-39 anni,40-49 anni,50-59 anni,60-69 anni,70-79 anni,80-89 anni,oltre 90 anni,Labels
Casi 13/2-15/2/2022,32279,31405,18021,28263,33019,25776,15343,9923,6207,1943,202179,15.96555528,15.53326508,8.913388631,13.97919665,16.33156757,12.74909857,7.588819808,4.908027045,3.070051786,0.961029583,Casi
Casi ultimi 28 giorni,14408,31061,32203,25331,25392,21842,12319,7660,4822,1353,176391,8.168217199,17.60917507,18.25660039,14.36071001,14.39529228,12.38271794,6.983916413,4.342625191,2.733699565,0.767045938,Casi
Casi cumulativi,1094564,1557898,1549488,1642993,1967016,1818601,1053139,685566,437237,139324,11945826,9.162731819,13.04135855,12.97095739,13.75369941,16.46613637,15.22373589,8.815957976,5.738958528,3.660165484,1.166298588,Casi
Decessi 13/2-15/2/2022,1,0,2,1,8,37,72,170,333,178,802,0.124688279,0,0.249376559,0.124688279,0.997506234,4.613466334,8.97755611,21.19700748,41.52119701,22.19451372,Decessi
Decessi ultimi 28 giorni,0,0,4,12,37,99,211,352,498,245,1458,0,0,0.274348422,0.823045267,2.537722908,6.790123457,14.47187929,24.14266118,34.1563786,16.80384088,Decessi
Decessi cumulativi,20,26,103,364,1426,5526,15490,37358,59709,29084,149106,0.013413276,0.017437259,0.069078374,0.244121632,0.956366612,3.706088286,10.38858262,25.0546591,40.04466621,19.50558663,Decessi
