Categoria,0-9 anni,10-19 anni,20-29 anni,30-39 anni,40-49 anni,50-59 anni,60-69 anni,70-79 anni,80-89 anni,oltre 90 anni,Tutte le età,0-9 anni,10-19 anni,20-29 anni,30-39 anni,40-49 anni,50-59 anni,60-69 anni,70-79 anni,80-89 anni,oltre 90 anni,Labels
Casi 31/1-2/2/2022,75637,86738,58868,76866,97522,78639,40499,22892,12171,3324,553156,13.67371953,15.68056751,10.64220582,13.89589917,17.63010796,14.21642358,7.321442776,4.138434727,2.200283464,0.600915474,Casi
Casi ultimi 28 giorni,14408,31061,32203,25331,25392,21842,12319,7660,4822,1353,176391,8.168217199,17.60917507,18.25660039,14.36071001,14.39529228,12.38271794,6.983916413,4.342625191,2.733699565,0.767045938,Casi
Casi cumulativi,934062,1398169,1450708,1495829,1793426,1684531,976304,637037,405358,128442,10903866,8.566337848,12.82269059,13.30452887,13.71833623,16.44761592,15.44893343,8.953741728,5.842304005,3.717562193,1.177949179,Casi
Decessi 31/1-2/2/2022,0,-1,0,0,7,26,61,168,298,119,678,0,-0.147492625,0,0,1.032448378,3.83480826,8.997050147,24.77876106,43.95280236,17.55162242,Decessi
Decessi ultimi 28 giorni,0,0,4,12,37,99,211,352,498,245,1458,0,0,0.274348422,0.823045267,2.537722908,6.790123457,14.47187929,24.14266118,34.1563786,16.80384088,Decessi
Decessi cumulativi,17,27,95,350,1384,5369,15124,36446,58052,28133,144997,0.011724381,0.018621075,0.065518597,0.241384305,0.954502507,3.702835231,10.43056063,25.13569246,40.03669041,19.4024704,Decessi
