Categoria,0-9 anni,10-19 anni,20-29 anni,30-39 anni,40-49 anni,50-59 anni,60-69 anni,70-79 anni,80-89 anni,oltre 90 anni,Tutte le età,0-9 anni,10-19 anni,20-29 anni,30-39 anni,40-49 anni,50-59 anni,60-69 anni,70-79 anni,80-89 anni,oltre 90 anni,Labels
Casi 19/9/2021,342,377,295,385,445,355,211,164,126,34,2734,12.50914411,13.78931968,10.79005121,14.08193124,16.27651792,12.98463789,7.717629846,5.998536942,4.608632041,1.243599122,Casi
Casi ultimi 28 giorni,14408,31061,32203,25331,25392,21842,12319,7660,4822,1353,176391,8.168217199,17.60917507,18.25660039,14.36071001,14.39529228,12.38271794,6.983916413,4.342625191,2.733699565,0.767045938,Casi
Casi cumulativi,263276,481802,578025,584899,735638,783377,493869,356049,264112,90520,4631567,5.684382845,10.40257002,12.48011742,12.62853371,15.88313415,16.91386522,10.66310819,7.687441421,5.702432892,1.954414132,Casi
Decessi 19/9/2021,0,0,0,0,1,-1,3,3,6,5,17,0,0,0,0,5.882352941,-5.882352941,17.64705882,17.64705882,35.29411765,29.41176471,Decessi
Decessi ultimi 28 giorni,0,0,4,12,37,99,211,352,498,245,1458,0,0,0.274348422,0.823045267,2.537722908,6.790123457,14.47187929,24.14266118,34.1563786,16.80384088,Decessi
Decessi cumulativi,0,5,29,278,1188,4714,13483,32723,52169,25070,129659,0,0.003856269,0.022366361,0.214408564,0.916249547,3.635690542,10.39881535,25.23773899,40.23554092,19.33533345,Decessi
Vaccini 18/9/2021,0,47392,33662,38218,36901,27879,10061,3964,1479,241,199797,0,23.72007588,16.84810082,19.12841534,18.46924628,13.95366297,5.035611145,1.984013774,0.740251355,0.120622432,Vaccini
Vaccini ultimi 28 giorni,0,1747092,1461743,1293180,1116287,766019,346347,161803,53166,10621,6956258,0,25.11539969,21.01335229,18.5901673,16.04723402,11.01194062,4.978926889,2.32600631,0.764290226,0.152682664,Vaccini
Vaccini cumulativi,0,5257016,8825074,9346968,12619058,14869967,12377784,10564856,6849912,1567995,82278630,0,6.3892848,10.72583975,11.36014054,15.33698118,18.0726964,15.04374101,12.8403402,8.325262586,1.905713549,Vaccini
