Categoria,0-9 anni,10-19 anni,20-29 anni,30-39 anni,40-49 anni,50-59 anni,60-69 anni,70-79 anni,80-89 anni,oltre 90 anni,Tutte le età,0-9 anni,10-19 anni,20-29 anni,30-39 anni,40-49 anni,50-59 anni,60-69 anni,70-79 anni,80-89 anni,oltre 90 anni,Labels
Casi 8/9/2021,710,1137,1070,1133,1237,1041,578,394,242,53,7595,9.348255431,14.97037525,14.08821593,14.91770902,16.28703094,13.70638578,7.610269914,5.187623436,3.186306781,0.697827518,Casi
Casi ultimi 28 giorni,14408,31061,32203,25331,25392,21842,12319,7660,4822,1353,176391,8.168217199,17.60917507,18.25660039,14.36071001,14.39529228,12.38271794,6.983916413,4.342625191,2.733699565,0.767045938,Casi
Casi cumulativi,257757,475168,571892,577364,727783,776790,489545,353259,262148,89880,4581586,5.625933901,10.37125572,12.48240238,12.60183701,15.88495774,16.95460917,10.68505535,7.710408579,5.721774076,1.961766078,Casi
Decessi 8/9/2021,0,0,0,0,1,5,7,19,17,7,56,0,0,0,0,1.785714286,8.928571429,12.5,33.92857143,30.35714286,12.5,Decessi
Decessi ultimi 28 giorni,0,0,4,12,37,99,211,352,498,245,1458,0,0,0.274348422,0.823045267,2.537722908,6.790123457,14.47187929,24.14266118,34.1563786,16.80384088,Decessi
Decessi cumulativi,14,17,73,276,1173,4662,13383,32566,51958,24941,129063,0.010847416,0.013171862,0.056561524,0.21384905,0.908858464,3.612189396,10.3693545,25.23263832,40.25785857,19.3246709,Decessi
Vaccini 8/9/2021,0,73750,55144,47806,40785,27151,12250,6154,2074,435,265549,0,27.77265213,20.76603565,18.00270383,15.35874735,10.22447834,4.613084591,2.317463067,0.781023465,0.163811575,Vaccini
Vaccini ultimi 28 giorni,0,1637195,1499005,1283714,1108108,758848,388415,164035,48900,9932,6898152,0,23.7338203,21.73053015,18.60953484,16.06383855,11.00074339,5.63071095,2.377955719,0.70888551,0.143980591,Vaccini
Vaccini cumulativi,0,4683348,8381889,8925544,12249494,14607209,12264155,10509058,6829091,1563572,80013360,0,5.853207514,10.47561182,11.1550671,15.30931085,18.2559625,15.32763404,13.1341291,8.534938415,1.954138659,Vaccini
