Categoria,0-9 anni,10-19 anni,20-29 anni,30-39 anni,40-49 anni,50-59 anni,60-69 anni,70-79 anni,80-89 anni,oltre 90 anni,Tutte le età,0-9 anni,10-19 anni,20-29 anni,30-39 anni,40-49 anni,50-59 anni,60-69 anni,70-79 anni,80-89 anni,oltre 90 anni,Labels
Casi 6/9/2021,446,611,576,633,629,522,281,208,150,46,4102,10.872745,14.89517309,14.04193077,15.43149683,15.33398342,12.72549976,6.850316919,5.070697221,3.656752804,1.121404193,Casi
Casi ultimi 28 giorni,14408,31061,32203,25331,25392,21842,12319,7660,4822,1353,176391,8.168217199,17.60917507,18.25660039,14.36071001,14.39529228,12.38271794,6.983916413,4.342625191,2.733699565,0.767045938,Casi
Casi cumulativi,256441,473082,569912,575245,725518,774852,488445,352525,261687,89755,4567462,5.614518523,10.35765596,12.4776517,12.59441239,15.88448902,16.96460748,10.69401344,7.718181344,5.729374432,1.965095714,Casi
Decessi 6/9/2021,0,0,0,0,1,6,8,15,25,7,62,0,0,0,0,1.612903226,9.677419355,12.90322581,24.19354839,40.32258065,11.29032258,Decessi
Decessi ultimi 28 giorni,0,0,4,12,37,99,211,352,498,245,1458,0,0,0.274348422,0.823045267,2.537722908,6.790123457,14.47187929,24.14266118,34.1563786,16.80384088,Decessi
Decessi cumulativi,14,17,73,274,1171,4651,13365,32528,51924,24920,128937,0.010858016,0.013184734,0.056616797,0.212506883,0.908195475,3.607188007,10.36552735,25.22782444,40.27082994,19.32726836,Decessi
Vaccini 6/9/2021,0,59845,44170,38956,33555,21773,10285,5104,1604,282,215574,0,27.76076892,20.48948389,18.07082487,15.56542069,10.10001206,4.770983514,2.36763246,0.744060044,0.130813549,Vaccini
Vaccini ultimi 28 giorni,0,1614590,1547844,1311865,1118294,778188,412590,169769,48740,9939,7011819,0,23.0266925,22.07478544,18.70933919,15.94870033,11.09823286,5.884207793,2.421183433,0.695112067,0.141746386,Vaccini
Vaccini cumulativi,0,4509674,8250582,8812155,12152935,14542605,12235255,10494523,6823635,1562340,79383704,0,5.680856111,10.39329432,11.10071029,15.30910551,18.31938328,15.41280437,13.21999664,8.595762929,1.968086548,Vaccini
