Categoria,0-9 anni,10-19 anni,20-29 anni,30-39 anni,40-49 anni,50-59 anni,60-69 anni,70-79 anni,80-89 anni,oltre 90 anni,Tutte le età,0-9 anni,10-19 anni,20-29 anni,30-39 anni,40-49 anni,50-59 anni,60-69 anni,70-79 anni,80-89 anni,oltre 90 anni,Labels
Casi 9/3/2021,1066,1715,1989,1990,2717,2830,1826,1254,742,175,16304,6.538272816,10.51889107,12.19946026,12.20559372,16.66462218,17.35770363,11.19970559,7.691364082,4.551030422,1.073356232,Casi
Casi ultimi 24 giorni,26937,43961,44766,48212,62344,63288,40153,28256,17471,4238,379626,7.095667842,11.58008145,11.79213226,12.69986776,16.42247897,16.67114476,10.57698893,7.443115066,4.602161074,1.116361893,Casi
Casi cumulativi,142457,274715,364027,379210,489800,540546,341418,253373,208133,75825,3069504,4.641042983,8.949817299,11.85947306,12.35411324,15.95697546,17.61020673,11.12290455,8.254525813,6.780672056,2.470268812,Casi
Decessi 9/3/2021,0,3,1,1,3,18,48,158,385,240,857,0,0.350058343,0.116686114,0.116686114,0.350058343,2.100350058,5.600933489,18.43640607,44.92415403,28.00466744,Decessi
Decessi ultimi 24 giorni,0,4,5,10,73,245,701,1813,3140,1529,7520,0,0.053191489,0.066489362,0.132978723,0.970744681,3.257978723,9.321808511,24.10904255,41.75531915,20.33244681,Decessi
Decessi cumulativi,6,14,52,187,824,3204,9322,24018,41266,20296,99189,0.006049058,0.014114468,0.052425168,0.18852897,0.830737279,3.230196897,9.398219561,24.21437861,41.6034036,20.46194639,Decessi
Vaccini 9/3/2021,0,128,6881,10905,16399,21181,11890,3633,51918,9480,132415,0,0.096665786,5.196541177,8.235471812,12.38454858,15.99592191,8.97934524,2.743646868,39.20854888,7.159309746,Vaccini
Vaccini ultimi 24 giorni,0,2542,166006,243209,361003,441772,234575,72746,979853,237611,2739317,0,0.092796854,6.060123746,8.878454009,13.178577,16.12708569,8.563265953,2.655625472,35.76997478,8.674096499,Vaccini
Vaccini cumulativi,0,5765,479444,699570,929240,1194754,703009,188109,1176315,367434,5743640,0,0.10037189,8.34738946,12.17990682,16.17859058,20.80133852,12.23978174,3.275083397,20.48030517,6.397232417,Vaccini
