Categoria,0-9 anni,10-19 anni,20-29 anni,30-39 anni,40-49 anni,50-59 anni,60-69 anni,70-79 anni,80-89 anni,oltre 90 anni,Tutte le età,0-9 anni,10-19 anni,20-29 anni,30-39 anni,40-49 anni,50-59 anni,60-69 anni,70-79 anni,80-89 anni,oltre 90 anni,Labels
Casi 7/2/2022,13738,13397,8249,12080,13902,10671,6352,4066,2836,950,86241,15.92977818,15.5343746,9.565056064,14.00725873,16.11994295,12.37346506,7.365406245,4.714694867,3.288459086,1.101564221,Casi
Casi ultimi 28 giorni,14408,31061,32203,25331,25392,21842,12319,7660,4822,1353,176391,8.168217199,17.60917507,18.25660039,14.36071001,14.39529228,12.38271794,6.983916413,4.342625191,2.733699565,0.767045938,Casi
Casi cumulativi,999484,1465142,1492747,1557715,1865557,1739545,1007637,656509,418123,132767,11335226,8.817503947,12.92556496,13.16909782,13.74224916,16.45804856,15.34636363,8.889430171,5.791759247,3.688704575,1.171277926,Casi
Decessi 7/2/2022,0,0,0,0,2,6,16,36,100,47,207,0,0,0,0,0.966183575,2.898550725,7.729468599,17.39130435,48.30917874,22.70531401,Decessi
Decessi ultimi 28 giorni,0,0,4,12,37,99,211,352,498,245,1458,0,0,0.274348422,0.823045267,2.537722908,6.790123457,14.47187929,24.14266118,34.1563786,16.80384088,Decessi
Decessi cumulativi,17,27,97,352,1402,5429,15238,36759,58640,28434,146395,0.011612418,0.018443253,0.066259094,0.24044537,0.957682981,3.708459988,10.40882544,25.10946412,40.05601284,19.42279449,Decessi
