Categoria,0-9 anni,10-19 anni,20-29 anni,30-39 anni,40-49 anni,50-59 anni,60-69 anni,70-79 anni,80-89 anni,oltre 90 anni,Tutte le età,0-9 anni,10-19 anni,20-29 anni,30-39 anni,40-49 anni,50-59 anni,60-69 anni,70-79 anni,80-89 anni,oltre 90 anni,Labels
Casi 11/4/2021,995,1518,1753,1743,2195,2360,1611,1153,622,155,14105,7.054236086,10.76214108,12.42821694,12.3573201,15.5618575,16.73165544,11.42148174,8.174406239,4.409783765,1.098901099,Casi
Casi ultimi 22 giorni,25734,42688,48231,50619,66844,71586,46614,33466,19203,4978,409963,6.277151841,10.41264699,11.76472023,12.34721182,16.30488605,17.4615758,11.37029439,8.163175701,4.684081246,1.214255921,Casi
Casi cumulativi,184390,343739,441084,460908,597351,655064,415209,306184,238637,83360,3725926,4.94883688,9.22559922,11.83823833,12.37029399,16.03228298,17.58124021,11.1437801,8.217661864,6.40477025,2.237296178,Casi
Decessi 11/4/2021,0,0,0,0,0,6,16,57,85,38,202,0,0,0,0,0,2.97029703,7.920792079,28.21782178,42.07920792,18.81188119,Decessi
Decessi ultimi 22 giorni,0,-2,2,14,91,343,1116,2431,3599,1487,9081,0,-0.022024006,0.022024006,0.154168043,1.002092281,3.777117058,12.28939544,26.7701795,39.6321991,16.37484858,Decessi
Decessi cumulativi,6,12,53,208,956,3709,10839,27452,46294,22420,111949,0.005359583,0.010719167,0.047342987,0.185798891,0.853960285,3.313115794,9.682087379,24.5218805,41.35275885,20.02697657,Decessi
Vaccini 11/4/2021,0,426,3051,4131,6680,10559,18216,43306,51945,5795,144109,0,0.295609573,2.117147437,2.866580158,4.635380164,7.327092687,12.6404319,30.05086428,36.04563213,4.021261684,Vaccini
Vaccini ultimi 22 giorni,0,9605,149251,201572,291496,413133,487261,1204432,2065025,382041,5203816,0,0.184576088,2.868106789,3.873542031,5.601581609,7.939039351,9.363532454,23.14516885,39.68289809,7.341554736,Vaccini
Vaccini cumulativi,0,17706,720903,1030526,1405599,1847875,1352972,1505082,4159312,957048,12997023,0,0.136231197,5.546677882,7.928938804,10.81477658,14.21767893,10.40986078,11.58020571,32.00203616,7.363593955,Vaccini
