Categoria,0-9 anni,10-19 anni,20-29 anni,30-39 anni,40-49 anni,50-59 anni,60-69 anni,70-79 anni,80-89 anni,oltre 90 anni,Tutte le età,0-9 anni,10-19 anni,20-29 anni,30-39 anni,40-49 anni,50-59 anni,60-69 anni,70-79 anni,80-89 anni,oltre 90 anni,Labels
Casi 29/12-1/1/2022,16181,36806,53030,41712,42928,38560,19561,11021,4427,858,265084,6.10410285,13.88465543,20.00497955,15.73538954,16.19411206,14.54633248,7.379170376,4.15755006,1.670036668,0.323670987,Casi
Casi ultimi 28 giorni,14408,31061,32203,25331,25392,21842,12319,7660,4822,1353,176391,8.168217199,17.60917507,18.25660039,14.36071001,14.39529228,12.38271794,6.983916413,4.342625191,2.733699565,0.767045938,Casi
Casi cumulativi,409988,682132,779017,784520,974257,984052,614334,433963,300198,100063,6062524,6.762661888,11.25161731,12.84971408,12.94048485,16.07015494,16.23172131,10.13330421,7.15812424,4.951699985,1.650517177,Casi
Decessi 29/12-1/1/2022,0,0,0,1,2,17,41,71,111,63,306,0,0,0,0.326797386,0.653594771,5.555555556,13.39869281,23.20261438,36.2745098,20.58823529,Decessi
Decessi ultimi 28 giorni,0,0,4,12,37,99,211,352,498,245,1458,0,0,0.274348422,0.823045267,2.537722908,6.790123457,14.47187929,24.14266118,34.1563786,16.80384088,Decessi
Decessi cumulativi,14,21,80,311,1283,5041,14213,34353,54772,26461,136549,0.01025273,0.015379095,0.058587027,0.227757069,0.939589451,3.691715062,10.40871775,25.15800189,40.11160829,19.37839164,Decessi
