Categoria,0-9 anni,10-19 anni,20-29 anni,30-39 anni,40-49 anni,50-59 anni,60-69 anni,70-79 anni,80-89 anni,oltre 90 anni,Tutte le età,0-9 anni,10-19 anni,20-29 anni,30-39 anni,40-49 anni,50-59 anni,60-69 anni,70-79 anni,80-89 anni,oltre 90 anni,Labels
Casi 13/8/2021,428,1068,1152,799,730,683,397,238,146,40,5681,7.533884879,18.79950713,20.27812005,14.06442528,12.84985038,12.02253124,6.988206302,4.189403274,2.569970076,0.704101391,Casi
Casi ultimi 27 giorni,8388,31624,32451,18362,16832,14922,7585,4267,2607,643,137681,6.092343896,22.96903712,23.56970098,13.33662597,12.22536152,10.83809676,5.509111642,3.099193062,1.893507456,0.467021593,Casi
Casi cumulativi,243793,448217,544232,553567,703524,756126,477863,345841,257363,88532,4419058,5.516854497,10.14281777,12.3155659,12.52681001,15.92022553,17.11056972,10.81368473,7.826124934,5.823933517,2.003413397,Casi
Decessi 13/8/2021,0,0,0,0,1,3,3,9,13,2,31,0,0,0,0,3.225806452,9.677419355,9.677419355,29.03225806,41.93548387,6.451612903,Decessi
Decessi ultimi 27 giorni,2,1,0,3,14,31,56,138,183,94,522,0.383141762,0.191570881,0,0.574712644,2.681992337,5.938697318,10.72796935,26.43678161,35.05747126,18.00766284,Decessi
Decessi cumulativi,14,17,69,261,1137,4556,13155,32189,51435,24686,127519,0.010978756,0.013331347,0.054109584,0.204675382,0.891631835,3.572800916,10.31610976,25.24251288,40.33516574,19.3586838,Decessi
Vaccini 13/8/2021,0,62560,64978,53464,44573,36588,18499,6834,1826,415,289737,0,21.5919955,22.42654545,18.45259667,15.38395165,12.62800402,6.38475583,2.358690813,0.630226723,0.143233346,Vaccini
Vaccini ultimi 27 giorni,0,1568622,2546074,2353909,2309386,1472842,1352292,604173,62718,14529,12284545,0,12.76906878,20.72583071,19.16154811,18.7991171,11.98938992,11.00807559,4.918155292,0.51054394,0.118270559,Vaccini
Vaccini cumulativi,0,3168910,7002973,7726667,11209026,13902879,11902209,10351382,6776691,1552128,73592865,0,4.306001676,9.51583146,10.49920668,15.23113144,18.89161266,16.17304748,14.06574129,9.208353283,2.109074025,Vaccini
