Categoria,0-9 anni,10-19 anni,20-29 anni,30-39 anni,40-49 anni,50-59 anni,60-69 anni,70-79 anni,80-89 anni,oltre 90 anni,Tutte le età,0-9 anni,10-19 anni,20-29 anni,30-39 anni,40-49 anni,50-59 anni,60-69 anni,70-79 anni,80-89 anni,oltre 90 anni,Labels
Casi 19/1/2022,28254,33407,27723,32597,37565,32073,16865,9405,5105,1490,224484,12.58619768,14.88168422,12.34965521,14.52085672,16.73393204,14.28743251,7.512784876,4.189608168,2.274104168,0.663744409,Casi
Casi ultimi 28 giorni,14408,31061,32203,25331,25392,21842,12319,7660,4822,1353,176391,8.168217199,17.60917507,18.25660039,14.36071001,14.39529228,12.38271794,6.983916413,4.342625191,2.733699565,0.767045938,Casi
Casi cumulativi,627139,1071134,1223436,1190056,1428818,1398685,825530,549787,355610,113747,8783942,7.139607707,12.19422897,13.92809743,13.54808581,16.26625039,15.92320396,9.398172256,6.259000799,4.048410156,1.294942521,Casi
Decessi 19/1/2022,0,0,1,1,7,14,32,70,119,69,313,0,0,0.319488818,0.319488818,2.236421725,4.47284345,10.22364217,22.36421725,38.01916933,22.04472843,Decessi
Decessi ultimi 28 giorni,0,0,4,12,37,99,211,352,498,245,1458,0,0,0.274348422,0.823045267,2.537722908,6.790123457,14.47187929,24.14266118,34.1563786,16.80384088,Decessi
Decessi cumulativi,15,23,85,330,1335,5229,14708,35419,56274,27183,140601,0.010668487,0.016358347,0.060454762,0.234706723,0.949495381,3.719034715,10.46080753,25.19114373,40.02389741,19.33343291,Decessi
