Categoria,0-9 anni,10-19 anni,20-29 anni,30-39 anni,40-49 anni,50-59 anni,60-69 anni,70-79 anni,80-89 anni,oltre 90 anni,Tutte le età,0-9 anni,10-19 anni,20-29 anni,30-39 anni,40-49 anni,50-59 anni,60-69 anni,70-79 anni,80-89 anni,oltre 90 anni,Labels
Casi 30/6/2021,65,151,202,140,153,112,61,36,22,7,949,6.849315068,15.91148577,21.28556375,14.75237092,16.12223393,11.80189673,6.427818757,3.793466807,2.318229715,0.737618546,Casi
Casi ultimi 25 giorni,2756,4663,5502,4799,5424,4642,2352,1436,751,239,32564,8.463333743,14.31949392,16.89595873,14.73713303,16.65643041,14.25500553,7.222699914,4.409777669,2.306227736,0.733939319,Casi
Casi cumulativi,233284,409800,503392,529637,681195,735862,467289,339964,254090,87742,4242255,5.499056516,9.659956792,11.86614195,12.48479877,16.05737986,17.34601055,11.01510871,8.013756835,5.989503224,2.068286796,Casi
Decessi 30/6/2021,-1,0,0,2,0,8,10,17,18,9,63,-1.587301587,0,0,3.174603175,0,12.6984127,15.87301587,26.98412698,28.57142857,14.28571429,Decessi
Decessi ultimi 28 giorni,3,-1,3,14,39,174,420,679,715,336,2382,0.125944584,-0.041981528,0.125944584,0.587741394,1.637279597,7.304785894,17.63224181,28.5054576,30.01679261,14.10579345,Decessi
Decessi cumulativi,12,17,68,255,1121,4495,13057,31958,51103,24524,126610,0.009477924,0.013427059,0.053708238,0.201405892,0.885396098,3.55027249,10.3127715,25.24129216,40.36253061,19.36971803,Decessi
Vaccini 30/6/2021,0,18789,60645,38766,48831,69662,36243,71254,4216,950,349356,0,5.378181568,17.35908357,11.09641741,13.97743276,19.94011839,10.37423144,20.39581401,1.206791926,0.271928921,Vaccini
Vaccini ultimi 25 giorni,0,513431,1613571,2020452,2925601,3144883,1666950,1359028,174085,46619,13464620,0,3.813185964,11.98378417,15.005637,21.72806214,23.35664133,12.38022313,10.09332606,1.292906892,0.346233314,Vaccini
Vaccini cumulativi,0,772181,3250877,4224899,6927475,10212307,9307892,8546257,6619119,1512138,51373145,0,1.503082982,6.327969604,8.223944631,13.48462314,19.87868759,18.11820553,16.63565079,12.88439514,2.943440586,Vaccini
