Categoria,0-9 anni,10-19 anni,20-29 anni,30-39 anni,40-49 anni,50-59 anni,60-69 anni,70-79 anni,80-89 anni,oltre 90 anni,Tutte le età,0-9 anni,10-19 anni,20-29 anni,30-39 anni,40-49 anni,50-59 anni,60-69 anni,70-79 anni,80-89 anni,oltre 90 anni,Labels
Casi 29/9/2021,551,479,350,540,600,458,331,228,158,59,3754,14.67767714,12.75972296,9.323388386,14.38465637,15.98295152,12.20031966,8.817261588,6.073521577,4.2088439,1.571656899,Casi
Casi ultimi 28 giorni,14408,31061,32203,25331,25392,21842,12319,7660,4822,1353,176391,8.168217199,17.60917507,18.25660039,14.36071001,14.39529228,12.38271794,6.983916413,4.342625191,2.733699565,0.767045938,Casi
Casi cumulativi,268153,486736,582167,590303,741526,788189,497162,358338,265646,90938,4669158,5.743069735,10.42449195,12.46835082,12.64260066,15.88136448,16.88075238,10.64778703,7.674574302,5.689376971,1.947631671,Casi
Decessi 29/9/2021,0,0,0,0,1,5,3,10,12,7,38,0,0,0,0,2.631578947,13.15789474,7.894736842,26.31578947,31.57894737,18.42105263,Decessi
Decessi ultimi 28 giorni,0,0,4,12,37,99,211,352,498,245,1458,0,0,0.274348422,0.823045267,2.537722908,6.790123457,14.47187929,24.14266118,34.1563786,16.80384088,Decessi
Decessi cumulativi,16,19,76,286,1199,4747,13555,32840,52352,25165,130255,0.012283598,0.014586772,0.058347088,0.219569306,0.920502092,3.644389851,10.40651031,25.21208399,40.19193121,19.31979579,Decessi
Vaccini 29/9/2021,0,24403,21743,23752,22150,17414,8303,4127,1511,300,123703,0,19.72708827,17.57677663,19.20082779,17.90579048,14.07726571,6.71204417,3.336216583,1.221474014,0.24251635,Vaccini
Vaccini ultimi 28 giorni,0,1519674,1212219,1164187,1028745,740393,315051,146587,51534,10448,6188838,0,24.55507803,19.5871826,18.81107568,16.62258731,11.96336049,5.090632523,2.368570643,0.832692664,0.16882006,Vaccini
Vaccini cumulativi,0,5734953,9226098,9770352,13008195,15171450,12503054,10621595,6871652,1572600,84479949,0,6.788537479,10.92105063,11.56529107,15.39796739,17.9586401,14.80002551,12.57291834,8.134062676,1.861506806,Vaccini
