Categoria,0-9 anni,10-19 anni,20-29 anni,30-39 anni,40-49 anni,50-59 anni,60-69 anni,70-79 anni,80-89 anni,oltre 90 anni,Tutte le età,0-9 anni,10-19 anni,20-29 anni,30-39 anni,40-49 anni,50-59 anni,60-69 anni,70-79 anni,80-89 anni,oltre 90 anni,Labels
Casi 7/6/2021,244,375,444,395,467,394,176,112,70,15,2692,9.063893016,13.93016345,16.49331352,14.6731055,17.34769688,14.6359584,6.537890045,4.160475483,2.600297177,0.557206538,Casi
Casi ultimi 23 giorni,8437,12877,11237,11934,15020,13729,7738,4421,1948,631,87972,9.590551539,14.63761197,12.77338244,13.56567999,17.07361433,15.60610194,8.795980539,5.025462647,2.214340927,0.717273678,Casi
Casi cumulativi,230882,405754,498570,525474,676536,731889,465218,338720,253438,87524,4214005,5.478920884,9.628702386,11.83126266,12.46970519,16.054466,17.36801451,11.03980655,8.037959139,6.014183657,2.076979026,Casi
Decessi 7/6/2021,0,-1,0,2,3,7,22,39,38,18,128,0,-0.78125,0,1.5625,2.34375,5.46875,17.1875,30.46875,29.6875,14.0625,Decessi
Decessi ultimi 23 giorni,1,0,2,14,33,143,454,830,753,347,2577,0.038804812,0,0.077609624,0.543267365,1.280558789,5.549088087,17.61738456,32.20799379,29.22002328,13.46526969,Decessi
Decessi cumulativi,7,16,67,244,1093,4355,12749,31456,50542,24266,124795,0.005609199,0.012821026,0.053688048,0.195520654,0.875836372,3.489723146,10.21595416,25.20613807,40.50002003,19.44468929,Decessi
Vaccini 7/6/2021,0,16218,46012,60946,132615,182104,58182,38312,7053,1944,543386,0,2.984618669,8.467645467,11.21596802,24.40530304,33.51282514,10.70730567,7.050604911,1.297972344,0.357756733,Vaccini
Vaccini ultimi 23 giorni,0,220940,643459,806422,1992730,3700094,2495364,1365528,262802,85661,11573000,0,1.909098764,5.560001728,6.968132723,17.2187851,31.97177914,21.56194591,11.79925689,2.270820012,0.740179729,Vaccini
Vaccini cumulativi,0,293102,1722277,2295761,4197264,7367631,7729065,7241272,6451254,1463595,38761221,0,0.75617329,4.443299142,5.922829418,10.82851337,19.00773714,19.94020003,18.6817438,16.64357787,3.775925944,Vaccini
