Categoria,0-9 anni,10-19 anni,20-29 anni,30-39 anni,40-49 anni,50-59 anni,60-69 anni,70-79 anni,80-89 anni,oltre 90 anni,Tutte le età,0-9 anni,10-19 anni,20-29 anni,30-39 anni,40-49 anni,50-59 anni,60-69 anni,70-79 anni,80-89 anni,oltre 90 anni,Labels
Casi 13/9/2021,552,618,547,669,787,651,412,273,189,64,4762,11.59176816,12.97774045,11.48677026,14.04871903,16.52666947,13.67072659,8.651826963,5.732885342,3.968920622,1.343973121,Casi
Casi ultimi 28 giorni,14408,31061,32203,25331,25392,21842,12319,7660,4822,1353,176391,8.168217199,17.60917507,18.25660039,14.36071001,14.39529228,12.38271794,6.983916413,4.342625191,2.733699565,0.767045938,Casi
Casi cumulativi,260165,478345,575083,580926,731536,779939,491524,354517,263005,90166,4605206,5.64936726,10.38704892,12.48767156,12.61454971,15.88497887,16.93602849,10.67322504,7.698178974,5.711036596,1.957914586,Casi
Decessi 13/9/2021,0,0,0,0,3,5,9,14,10,12,53,0,0,0,0,5.660377358,9.433962264,16.98113208,26.41509434,18.86792453,22.64150943,Decessi
Decessi ultimi 28 giorni,0,0,4,12,37,99,211,352,498,245,1458,0,0,0.274348422,0.823045267,2.537722908,6.790123457,14.47187929,24.14266118,34.1563786,16.80384088,Decessi
Decessi cumulativi,14,19,73,276,1180,4684,13424,32640,52056,25006,129372,0.010821507,0.014686331,0.056426429,0.21333828,0.912098445,3.620567047,10.37627926,25.22957054,40.23745478,19.32875738,Decessi
Vaccini 13/9/2021,0,48033,38922,34445,28022,20720,9955,4999,1550,293,186939,0,25.69447788,20.82069552,18.42579665,14.9899165,11.08382948,5.325266531,2.674134343,0.829147476,0.15673562,Vaccini
Vaccini ultimi 28 giorni,0,1699361,1482839,1283498,1119181,748072,367717,163168,50698,10126,6924660,0,24.54071391,21.41388891,18.53517718,16.16225201,10.80301416,5.3102535,2.356332296,0.732137029,0.146231006,Vaccini
Vaccini cumulativi,0,4968932,8597990,9123107,12426861,14727887,12315046,10534142,6838177,1565406,81097548,0,6.127105101,10.60203448,11.24954727,15.32334985,18.16070567,15.18547269,12.98947041,8.432039154,1.930275377,Vaccini
