Categoria,0-9 anni,10-19 anni,20-29 anni,30-39 anni,40-49 anni,50-59 anni,60-69 anni,70-79 anni,80-89 anni,oltre 90 anni,Tutte le età,0-9 anni,10-19 anni,20-29 anni,30-39 anni,40-49 anni,50-59 anni,60-69 anni,70-79 anni,80-89 anni,oltre 90 anni,Labels
Casi 22/5/2021,342,504,421,443,561,547,313,166,65,14,3376,10.13033175,14.92890995,12.47037915,13.12203791,16.61729858,16.20260664,9.271327014,4.917061611,1.92535545,0.414691943,Casi
Casi ultimi 28 giorni,26549,33043,28716,33824,41456,38323,25201,15718,6588,2020,251438,10.55886541,13.14160946,11.42070809,13.45222281,16.48756353,15.24153072,10.02274915,6.251242851,2.620129018,0.803378964,Casi
Casi cumulativi,226168,398151,491673,518366,667606,723825,460898,336304,252270,87152,4162413,5.433579032,9.565389114,11.81221085,12.45349753,16.03891781,17.38955265,11.07285606,8.079544245,6.060667214,2.093785504,Casi
Decessi 22/5/2021,0,1,0,0,3,7,11,31,37,10,100,0,1,0,0,3,7,11,31,37,10,Decessi
Decessi ultimi 28 giorni,0,4,7,21,66,300,934,1886,1938,863,6019,0,0.066456222,0.116298388,0.348895165,1.096527662,4.984216647,15.51752783,31.33410866,32.19803954,14.33792989,Decessi
Decessi cumulativi,6,17,65,234,1073,4262,12468,30977,50150,24087,123339,0.004864641,0.013783151,0.052700281,0.189721013,0.869960029,3.455516909,10.10872473,25.11533254,40.66029399,19.52910272,Decessi
Vaccini 22/5/2021,0,3375,22225,31351,74455,141175,131977,66327,12558,3802,487245,0,0.692670012,4.561360301,6.434340014,15.28081355,28.97413006,27.08637339,13.61265893,2.577348151,0.780305596,Vaccini
Vaccini ultimi 28 giorni,0,62378,409140,522175,1017807,2449567,3985965,3085639,1093870,238443,12864984,0,0.484866518,3.180260465,4.058885732,7.911451736,19.04057557,30.98305447,23.98478692,8.502692269,1.853426324,Vaccini
Vaccini cumulativi,0,92492,1212325,1662875,2609712,4609709,6186749,6421732,6286419,1408611,30490624,0,0.30334571,3.976058345,5.453725709,8.559063927,15.11844756,20.2906605,21.06133348,20.61754787,4.619816898,Vaccini
