Categoria,0-9 anni,10-19 anni,20-29 anni,30-39 anni,40-49 anni,50-59 anni,60-69 anni,70-79 anni,80-89 anni,oltre 90 anni,Tutte le età,0-9 anni,10-19 anni,20-29 anni,30-39 anni,40-49 anni,50-59 anni,60-69 anni,70-79 anni,80-89 anni,oltre 90 anni,Labels
Casi 14/2/2022,5013,4700,3032,4500,5205,4188,2467,1564,1022,364,32055,15.63874591,14.66229917,9.458742786,14.03837155,16.23771642,13.06504445,7.696147247,4.879114023,3.188270161,1.135548276,Casi
Casi ultimi 28 giorni,14408,31061,32203,25331,25392,21842,12319,7660,4822,1353,176391,8.168217199,17.60917507,18.25660039,14.36071001,14.39529228,12.38271794,6.983916413,4.342625191,2.733699565,0.767045938,Casi
Casi cumulativi,1067298,1531193,1534499,1619230,1939202,1797013,1040263,677207,432052,137745,11775702,9.063561561,13.002987,13.03106176,13.75060272,16.46782502,15.26034711,8.833978645,5.750884321,3.669012684,1.16973918,Casi
Decessi 14/2/2022,0,0,0,0,0,7,13,25,77,40,162,0,0,0,0,0,4.320987654,8.024691358,15.43209877,47.5308642,24.69135802,Decessi
Decessi ultimi 28 giorni,0,0,4,12,37,99,211,352,498,245,1458,0,0,0.274348422,0.823045267,2.537722908,6.790123457,14.47187929,24.14266118,34.1563786,16.80384088,Decessi
Decessi cumulativi,19,26,101,363,1418,5496,15431,37213,59453,28946,148466,0.012797543,0.017512427,0.068029044,0.244500424,0.955100831,3.701857664,10.39362548,25.06499805,40.04485876,19.49671979,Decessi
