Categoria,0-9 anni,10-19 anni,20-29 anni,30-39 anni,40-49 anni,50-59 anni,60-69 anni,70-79 anni,80-89 anni,oltre 90 anni,Tutte le età,0-9 anni,10-19 anni,20-29 anni,30-39 anni,40-49 anni,50-59 anni,60-69 anni,70-79 anni,80-89 anni,oltre 90 anni,Labels
Casi 21/7/2021,175,1009,1012,525,422,395,181,88,49,15,3871,4.52079566,26.06561612,26.14311547,13.56238698,10.90157582,10.20408163,4.675794368,2.273314389,1.265822785,0.387496771,Casi
Casi ultimi 25 giorni,2928,10638,12682,7739,7318,6986,3778,2046,939,218,55272,5.297438124,19.24663482,22.9447098,14.0016645,13.23997684,12.63931104,6.835287306,3.701693443,1.698871038,0.394413084,Casi
Casi cumulativi,235978,419979,515473,536940,688051,742476,470855,341876,254942,87933,4294503,5.494884973,9.779455271,12.0030886,12.50296018,16.0216677,17.28898548,10.96413252,7.960781492,5.936472742,2.047571046,Casi
Decessi 21/7/2021,0,0,0,0,1,-2,1,-1,4,6,9,0,0,0,0,11.11111111,-22.22222222,11.11111111,-11.11111111,44.44444444,66.66666667,Decessi
Decessi ultimi 25 giorni,-1,-1,1,5,3,43,61,130,197,98,536,-0.186567164,-0.186567164,0.186567164,0.932835821,0.559701493,8.02238806,11.38059701,24.25373134,36.75373134,18.28358209,Decessi
Decessi cumulativi,12,16,69,258,1124,4525,13102,32061,51267,24607,127041,0.009445769,0.012594359,0.054313174,0.203084044,0.884753741,3.56184224,10.31320597,25.2367346,40.35468864,19.36933746,Decessi
Vaccini 21/7/2021,0,30185,60136,65958,91642,53668,69829,37587,2180,463,411648,0,7.33272116,14.60859764,16.02291278,22.26222404,13.0373523,16.96327931,9.130859375,0.529578669,0.112474736,Vaccini
Vaccini ultimi 25 giorni,0,917822,1747870,1710100,2696083,2845916,1693926,1609253,103343,24977,13349290,0,6.875436821,13.09335553,12.81041913,20.1964524,21.31885666,12.68925913,12.05497071,0.774146041,0.187103584,Vaccini
Vaccini cumulativi,0,1740302,4722720,5669808,9369157,12689843,10810045,9878075,6708355,1535107,63123412,0,2.756983415,7.481724847,8.982100017,14.8426023,20.10322731,17.12525457,15.64882931,10.62736438,2.431913852,Vaccini
