Categoria,0-9 anni,10-19 anni,20-29 anni,30-39 anni,40-49 anni,50-59 anni,60-69 anni,70-79 anni,80-89 anni,oltre 90 anni,Tutte le età,0-9 anni,10-19 anni,20-29 anni,30-39 anni,40-49 anni,50-59 anni,60-69 anni,70-79 anni,80-89 anni,oltre 90 anni,Labels
Casi 2/8/2021,347,1207,1143,760,607,562,298,170,101,29,5224,6.642419602,23.10490046,21.8797856,14.5482389,11.6194487,10.75803982,5.704441041,3.254211332,1.93338438,0.555130168,Casi
Casi ultimi 23 giorni,5353,22117,23836,13612,12582,11670,5948,3175,1655,385,100333,5.335233672,22.04359483,23.75688956,13.56682248,12.540241,11.63126788,5.928258898,3.16446234,1.649507141,0.383722205,Casi
Casi cumulativi,239174,433723,529457,544539,694950,748534,473770,343415,255900,88156,4351618,5.496208537,9.966936436,12.16689976,12.51348349,15.96992199,17.20128008,10.88721482,7.891662366,5.880571319,2.0258212,Casi
Decessi 2/8/2021,0,0,0,0,0,0,1,5,5,5,16,0,0,0,0,0,0,6.25,31.25,31.25,31.25,Decessi
Decessi ultimi 23 giorni,2,0,-2,3,5,24,47,132,173,100,484,0.41322314,0,-0.41322314,0.619834711,1.033057851,4.958677686,9.710743802,27.27272727,35.74380165,20.66115702,Decessi
Decessi cumulativi,14,16,67,261,1127,4539,13135,32130,51350,24657,127296,0.010997989,0.01256913,0.052633233,0.205033937,0.88533811,3.565705128,10.31847034,25.24038462,40.33905229,19.36981523,Decessi
Vaccini 2/8/2021,0,67725,98768,85575,69514,45307,43060,13590,1694,380,425613,0,15.9123429,23.20605809,20.10629375,16.33267781,10.64511657,10.11717217,3.193041566,0.398014158,0.089282987,Vaccini
Vaccini ultimi 23 giorni,0,1030800,1936302,2000816,2577481,1822463,1534525,851603,63424,15003,11832417,0,8.711660517,16.3643827,16.90961365,21.7832164,15.40228848,12.96882116,7.197202397,0.536018972,0.126795734,Vaccini
Vaccini cumulativi,0,2392206,5934874,6836767,10542374,13421334,11561490,10223272,6744333,1544080,69200730,0,3.456908619,8.576317042,9.879616877,15.2344838,19.39478673,16.70717925,14.7733586,9.746043141,2.231305941,Vaccini
