Categoria,0-9 anni,10-19 anni,20-29 anni,30-39 anni,40-49 anni,50-59 anni,60-69 anni,70-79 anni,80-89 anni,oltre 90 anni,Tutte le età,0-9 anni,10-19 anni,20-29 anni,30-39 anni,40-49 anni,50-59 anni,60-69 anni,70-79 anni,80-89 anni,oltre 90 anni,Labels
Casi 24/2/2021,825,1286,1328,1362,1858,1704,1085,808,477,115,10848,7.605088496,11.85471976,12.24188791,12.55530973,17.12758112,15.7079646,10.00184366,7.448377581,4.397123894,1.060103245,Casi
Casi ultimi 26 giorni,23895,36315,35793,40327,52371,52969,34549,24651,16923,4711,322504,7.409210428,11.26032545,11.098467,12.50434103,16.23886836,16.42429241,10.71273535,7.643626126,5.247376777,1.460757076,Casi
Casi cumulativi,125791,247221,335349,348681,450356,500001,315940,235601,197316,73286,2829542,4.44563113,8.737138378,11.85170604,12.3228777,15.91621542,17.67073965,11.16576464,8.32647121,6.973425381,2.590030471,Casi
Decessi 24/2/2021,0,0,0,0,3,8,23,60,93,58,245,0,0,0,0,1.224489796,3.265306122,9.387755102,24.48979592,37.95918367,23.67346939,Decessi
Decessi ultimi 26 giorni,1,2,4,12,73,270,829,2041,3647,1934,8813,0.011346874,0.022693748,0.045387496,0.136162487,0.828321797,3.063655963,9.406558493,23.1589697,41.38204925,21.94485419,Decessi
Decessi cumulativi,6,11,49,183,786,3069,8958,22992,39444,19436,94934,0.00632018,0.011586997,0.051614806,0.1927655,0.827943624,3.232772242,9.436029241,24.21893105,41.54886553,20.47317083,Decessi
Vaccini 24/2/2021,0,26,1805,2663,4351,4639,1595,787,17531,5046,38443,0,0.067632599,4.695263117,6.927138881,11.3180553,12.0672164,4.148999818,2.047186744,45.60258044,13.1259267,Vaccini
Vaccini ultimi 26 giorni,0,2395,186505,240928,311547,368743,211917,76167,381856,124501,1904559,0,0.125750896,9.792555652,12.65006755,16.35796003,19.36106994,11.12682779,3.999193514,20.04957578,6.536998854,Vaccini
Vaccini cumulativi,0,3937,369177,532647,675358,859388,514003,137325,468793,193835,3754463,0,0.104861867,9.833017398,14.18703554,17.98813838,22.88977145,13.6904532,3.657646912,12.48628632,5.162788926,Vaccini
