Categoria,0-9 anni,10-19 anni,20-29 anni,30-39 anni,40-49 anni,50-59 anni,60-69 anni,70-79 anni,80-89 anni,oltre 90 anni,Tutte le età,0-9 anni,10-19 anni,20-29 anni,30-39 anni,40-49 anni,50-59 anni,60-69 anni,70-79 anni,80-89 anni,oltre 90 anni,Labels
Casi 28/6/2021,61,84,161,89,117,96,56,35,31,6,736,8.288043478,11.41304348,21.875,12.0923913,15.89673913,13.04347826,7.608695652,4.755434783,4.211956522,0.815217391,Casi
Casi ultimi 23 giorni,2640,4411,5198,4568,5178,4449,2258,1372,717,224,31015,8.512010318,14.22215057,16.75963244,14.72835725,16.69514751,14.34467193,7.280348219,4.423665968,2.31178462,0.722231178,Casi
Casi cumulativi,233168,409548,503088,529406,680949,735669,467195,339900,254056,87727,4240706,5.498329759,9.657542871,11.86330767,12.48391188,16.05744421,17.34779539,11.01691558,8.015174832,5.990889253,2.068688563,Casi
Decessi 28/6/2021,0,0,0,0,0,0,2,7,4,3,16,0,0,0,0,0,0,12.5,43.75,25,18.75,Decessi
Decessi ultimi 28 giorni,3,-1,3,14,39,174,420,679,715,336,2382,0.125944584,-0.041981528,0.125944584,0.587741394,1.637279597,7.304785894,17.63224181,28.5054576,30.01679261,14.10579345,Decessi
Decessi cumulativi,13,17,68,253,1121,4483,13043,31940,51075,24514,126527,0.010274487,0.013435867,0.05374347,0.199957321,0.885976906,3.543117279,10.30847171,25.24362389,40.36687822,19.37452085,Decessi
Vaccini 28/6/2021,0,31138,83778,87785,77522,111757,60119,70392,5801,1386,529678,0,5.878665906,15.81677925,16.57327659,14.63568432,21.09904508,11.35010327,13.28958348,1.095193684,0.26166841,Vaccini
Vaccini ultimi 23 giorni,0,465187,1465471,1899173,2798013,2959258,1569292,1187299,162585,43387,12549665,0,3.706768268,11.67737147,15.13325655,22.29551944,23.58037446,12.50465251,9.46080234,1.29553259,0.345722376,Vaccini
Vaccini cumulativi,0,723886,3102091,4102891,6798696,10025661,9209303,8373801,6607226,1508659,50452214,0,1.434795309,6.148572588,8.132231818,13.47551566,19.87159771,18.25351609,16.59748966,13.09600804,2.990273133,Vaccini
