Categoria,0-9 anni,10-19 anni,20-29 anni,30-39 anni,40-49 anni,50-59 anni,60-69 anni,70-79 anni,80-89 anni,oltre 90 anni,Tutte le età,0-9 anni,10-19 anni,20-29 anni,30-39 anni,40-49 anni,50-59 anni,60-69 anni,70-79 anni,80-89 anni,oltre 90 anni,Labels
Casi 24 ore,1234,1690,1549,1951,2536,2579,1827,1243,947,229,15785,7.817548305,10.7063668,9.813113716,12.35983529,16.06588533,16.33829585,11.57427938,7.87456446,5.999366487,1.450744378,Casi
Casi ultimi 21 giorni,16857,26247,30665,33057,42568,46022,30692,22621,17831,6154,272714,6.2,9.624368386,11.24438056,12.12148991,15.60902631,16.87555461,11.25428104,8.294770345,6.538351533,2.256576487,Casi
Casi cumulativi,106411,217353,306226,316022,407890,457171,288409,215771,184109,69658,2569020,4.1,8.460541374,11.91995391,12.30126663,15.87726059,17.79554071,11.22642097,8.398961472,7.166507073,2.711461958,Casi
Decessi 24 ore,0,0,0,0,3,23,62,124,264,150,626,0,0,0,0,0.479233227,3.674121406,9.904153355,19.80830671,42.17252396,23.96166134,Decessi
Decessi ultimi 21 giorni,0,0,4,17,70,246,815,2123,4093,2204,9572,0,0,0.04178855,0.177601337,0.731299624,2.569995821,8.51441705,22.17927288,42.76013372,23.02549102,Decessi
Decessi cumulativi,5,5,45,174,726,2857,8307,21398,36642,17997,88156,0,0.005671764,0.051045873,0.197377376,0.823540088,3.240845773,9.423068197,24.27287989,41.56495304,20.41494623,Decessi
Vaccini 24 ore,0,55,4996,6435,8191,11010,7129,2003,2432,2034,44285,0,0.124195552,11.28147228,14.53087953,18.49610478,24.86169132,16.09800158,4.522976177,5.491701479,4.592977306,Vaccini
Vaccini ultimi 21 giorni,0,211,131281,210173,256383,352832,231220,52261,72479,58483,1365323,0,0.015454219,9.61538039,15.39364678,18.77819388,25.84238308,16.93518677,3.827738931,5.308560685,4.28345527,Vaccini
Vaccini cumulativi,0,1903,217977,341120,425206,574649,357452,72846,97531,77369,2166053,0,0.087855653,10.06332717,15.74846045,19.63045226,26.52977559,16.50245862,3.363075603,4.502706074,3.571888592,Vaccini
