Categoria,0-9 anni,10-19 anni,20-29 anni,30-39 anni,40-49 anni,50-59 anni,60-69 anni,70-79 anni,80-89 anni,oltre 90 anni,Tutte le età,0-9 anni,10-19 anni,20-29 anni,30-39 anni,40-49 anni,50-59 anni,60-69 anni,70-79 anni,80-89 anni,oltre 90 anni,Labels
Casi 1/6/2021,391,641,583,668,798,742,360,201,96,32,4512,8.665780142,14.20656028,12.92109929,14.80496454,17.68617021,16.44503546,7.978723404,4.454787234,2.127659574,0.709219858,Casi
Casi ultimi 24 giorni,13419,18657,15988,17734,22289,20272,12268,7148,3016,983,131774,10.18334421,14.15833169,12.1328942,13.45789002,16.91456585,15.38391488,9.309879035,5.424438812,2.288767132,0.745974168,Casi
Casi cumulativi,229739,403880,496737,523643,674365,729981,464200,338161,253139,87428,4201273,5.468318769,9.613276738,11.82348779,12.46391272,16.05144441,17.37523365,11.04903204,8.049012764,6.02529281,2.08098831,Casi
Decessi 1/6/2021,1,0,1,1,1,8,18,33,28,8,99,1.01010101,0,1.01010101,1.01010101,1.01010101,8.080808081,18.18181818,33.33333333,28.28282828,8.080808081,Decessi
Decessi ultimi 24 giorni,1,3,7,13,45,200,566,1156,1065,470,3526,0.028360749,0.085082246,0.198525241,0.368689733,1.276233693,5.672149745,16.05218378,32.78502552,30.20419739,13.3295519,Decessi
Decessi cumulativi,7,18,67,240,1086,4332,12667,31328,50428,24217,124390,0.005627462,0.014470617,0.053862851,0.192941555,0.873060535,3.482595064,10.18329448,25.18530428,40.54023635,19.4686068,Decessi
Vaccini 1/6/2021,0,0,22399,25225,86096,161547,72203,38856,8288,2693,417307,0,0,5.367511209,6.044710489,20.63133377,38.71178772,17.30213009,9.311130654,1.986067811,0.64532826,Vaccini
Vaccini ultimi 24 giorni,0,0,479699,624537,1497851,3340777,3213433,1835417,406952,126153,11524819,0,0,4.162312658,5.419061245,12.99674207,28.98767434,27.88271989,15.92577723,3.531092332,1.094620228,Vaccini
Vaccini cumulativi,0,0,1440394,1962463,3428287,6246133,7331893,7009506,6403242,1448321,35270239,0,0,4.08387933,5.564076274,9.720056051,17.70935831,20.78776104,19.87371279,18.15480184,4.106354369,Vaccini
