Categoria,0-9 anni,10-19 anni,20-29 anni,30-39 anni,40-49 anni,50-59 anni,60-69 anni,70-79 anni,80-89 anni,oltre 90 anni,Tutte le età,0-9 anni,10-19 anni,20-29 anni,30-39 anni,40-49 anni,50-59 anni,60-69 anni,70-79 anni,80-89 anni,oltre 90 anni,Labels
Casi 17/2-19/2/2021,1977,3243,3321,3560,4592,4539,2872,1948,1168,296,27516,7.184910597,11.78587004,12.06934147,12.93792702,16.68847216,16.49585696,10.4375636,7.079517372,4.244803024,1.075737753,Casi
Casi ultimi 21 giorni,19074,28551,28085,32087,41497,42356,27639,19653,13744,3912,256598,7.433417252,11.126743,10.94513597,12.504774,16.17198887,16.50675375,10.77132324,7.659062035,5.356238162,1.524563714,Casi
Casi cumulativi,120970,239457,327641,340441,439482,489388,309030,230603,194137,72487,2763636,4.377204523,8.66456364,11.85543248,12.31859044,15.9023113,17.70812075,11.18200805,8.344188598,7.024695003,2.622885214,Casi
Decessi 17/2-19/2/2021,0,0,0,2,9,16,65,122,234,114,562,0,0,0,0.355871886,1.601423488,2.846975089,11.5658363,21.70818505,41.63701068,20.28469751,Decessi
Decessi ultimi 21 giorni,1,1,4,9,57,223,705,1697,3138,1675,7510,0.013315579,0.013315579,0.053262317,0.119840213,0.758988016,2.969374168,9.387483356,22.59653795,41.78428762,22.30359521,Decessi
Decessi cumulativi,6,10,49,180,770,3022,8834,22648,38935,19177,93631,0.006408134,0.010680223,0.052333095,0.192244022,0.822377204,3.227563521,9.434909378,24.18857002,41.58344993,20.48146447,Decessi
Vaccini 19/2/2021,0,36,2486,2797,3989,4013,2011,942,11383,2472,30129,0,0.119486209,8.251186564,9.28341465,13.2397358,13.31939328,6.674632414,3.12655581,37.78087557,8.204719705,Vaccini
Vaccini ultimi 21 giorni,0,2045,159737,202936,253853,311069,191560,66438,212031,83000,1482669,0,0.137926941,10.77361164,13.68720868,17.12135345,20.98034018,12.9199437,4.480973164,14.30062947,5.598012773,Vaccini
Vaccini cumulativi,0,3587,342344,494494,617434,801446,493557,127566,298861,152241,3331530,0,0.107668249,10.27587925,14.84284998,18.53304638,24.05639451,14.81472477,3.829051517,8.97068314,4.569702209,Vaccini
