Categoria;0-9 anni;10-19 anni;20-29 anni;30-39 anni;40-49 anni;50-59 anni;60-69 anni;70-79 anni;80-89 anni;oltre 90 anni;Tutte le età;0-9 anni;10-19 anni;20-29 anni;30-39 anni;40-49 anni;50-59 anni;60-69 anni;70-79 anni;80-89 anni;oltre 90 anni;Labels
Casi 24 ore;701;1148;1358;1424;1878;2004;1379;939;674;257;11762;5.95987077;9.760244856;11.5456555;12.10678456;15.96667233;17.03791872;11.72419657;7.983336167;5.730317973;2.185002551;Casi
Casi ultimi 22 giorni;16333;30697;41878;43623;54025;59574;39692;29624;23171;7981;346598;4.7;8.856658146;12.08258559;12.5860507;15.58722208;17.18821228;11.45188374;8.547077594;6.685266505;2.302667644;Casi
Casi cumulativi;96003;202650;290131;297908;384298;432239;271613;203730;174681;66580;2419833;4;8.374544855;11.98971169;12.3110975;15.88117858;17.86234835;11.22445227;8.419176034;7.218721292;2.751429541;Casi
Decessi 24 ore;0;0;0;4;3;10;33;100;207;98;455;0;0;0;0.879120879;0.659340659;2.197802198;7.252747253;21.97802198;45.49450549;21.53846154;Decessi
Decessi ultimi 22 giorni;0;0;9;18;87;317;956;2607;4927;2523;11444;0;0;0.078643831;0.157287662;0.760223698;2.770010486;8.353722475;22.78049633;43.05312828;22.04648724;Decessi
Decessi cumulativi;5;5;44;169;695;2719;7861;20284;34519;16813;83114;0;0.006015834;0.052939336;0.203335178;0.836200881;3.271410352;9.458093703;24.40503405;41.53211252;20.22884231;Decessi
Vaccini aggiornamento;0;2064;52839;59492;78498;99688;56417;18208;29951;17259;414416;0;0.498050268;12.75023165;14.35562334;18.94183622;24.05505579;13.6136153;4.393652755;7.22727887;4.164655805;Vaccini
Vaccini ultimi 14 giorni;0;3448;117189;155371;201382;263478;152158;34455;49454;31909;1008844;0;0.341777321;11.61616662;15.40089449;19.96165909;26.11682282;15.08241116;3.41529513;4.902046303;3.162927073;Vaccini
Vaccini cumulativi;0;3619;133795;183282;237728;308866;175491;36753;52938;34551;1167023;0;0.310105285;11.46464123;15.70508893;20.37046399;26.46614505;15.03749283;3.149295258;4.536157385;2.960610031;Vaccini
