Categoria,0-9 anni,10-19 anni,20-29 anni,30-39 anni,40-49 anni,50-59 anni,60-69 anni,70-79 anni,80-89 anni,oltre 90 anni,Tutte le età,0-9 anni,10-19 anni,20-29 anni,30-39 anni,40-49 anni,50-59 anni,60-69 anni,70-79 anni,80-89 anni,oltre 90 anni,Labels
Casi 8/11/2021,551,569,358,601,813,703,510,358,234,74,4771,11.54894152,11.92622092,7.503667994,12.59693984,17.04045274,14.73485642,10.6895829,7.503667994,4.904632153,1.551037518,Casi
Casi ultimi 28 giorni,14408,31061,32203,25331,25392,21842,12319,7660,4822,1353,176391,8.168217199,17.60917507,18.25660039,14.36071001,14.39529228,12.38271794,6.983916413,4.342625191,2.733699565,0.767045938,Casi
Casi cumulativi,285418,504017,594694,608500,764883,807999,510824,367975,271793,92885,4808988,5.935094868,10.480729,12.36630243,12.65338986,15.90527986,16.80185103,10.62227645,7.651817804,5.651771225,1.931487456,Casi
Decessi 8/11/2021,0,0,0,0,2,1,6,8,19,6,42,0,0,0,0,4.761904762,2.380952381,14.28571429,19.04761905,45.23809524,14.28571429,Decessi
Decessi ultimi 28 giorni,0,0,4,12,37,99,211,352,498,245,1458,0,0,0.274348422,0.823045267,2.537722908,6.790123457,14.47187929,24.14266118,34.1563786,16.80384088,Decessi
Decessi cumulativi,15,21,78,293,1232,4831,13750,33147,52902,25490,131759,0.011384422,0.01593819,0.059198992,0.222375701,0.935040491,3.666542703,10.43571976,25.15729476,40.15057795,19.34592703,Decessi
Vaccini 8/11/2021,0,4542,9622,11922,12443,13464,16687,17864,26300,4101,116945,0,3.883877036,8.227799393,10.19453589,10.64004447,11.51310445,14.26910086,15.27555689,22.48920433,3.50677669,Vaccini
Vaccini ultimi 28 giorni,0,324417,516369,628653,617108,567649,402565,291903,908674,186274,4443612,0,7.30074993,11.62047902,14.1473423,13.88753113,12.77449516,9.059409327,6.569047883,20.4489951,4.191950152,Vaccini
Vaccini cumulativi,0,6369297,10054142,10761346,13969401,16025207,13062993,11011393,7968895,1797837,91020511,0,6.997650233,11.04601797,11.8229901,15.34753084,17.60614923,14.35170255,12.0977051,8.755054122,1.975199854,Vaccini
