Categoria,0-9 anni,10-19 anni,20-29 anni,30-39 anni,40-49 anni,50-59 anni,60-69 anni,70-79 anni,80-89 anni,oltre 90 anni,Tutte le età,0-9 anni,10-19 anni,20-29 anni,30-39 anni,40-49 anni,50-59 anni,60-69 anni,70-79 anni,80-89 anni,oltre 90 anni,Labels
Casi 23/3/2021,1733,2831,3113,3269,4383,4592,2902,2093,1162,315,26393,6.56613496,10.72632895,11.79479407,12.38585989,16.60667601,17.39855265,10.99533967,7.93013299,4.402682529,1.193498276,Casi
Casi ultimi 24 giorni,33570,54692,58569,62871,81891,85448,54034,38061,22688,5344,497168,6.752244714,11.00070801,11.78052489,12.64582596,16.47149455,17.18694687,10.86835838,7.655561098,4.563447366,1.074888167,Casi
Casi cumulativi,162765,307628,399933,417992,540563,593947,375214,277453,222227,79110,3376832,4.820050272,9.109958683,11.84343787,12.37822906,16.00799211,17.58888212,11.11142041,8.216369662,6.580931477,2.342728332,Casi
Decessi 23/3/2021,0,0,0,4,6,24,72,199,272,107,684,0,0,0,0.584795322,0.877192982,3.50877193,10.52631579,29.09356725,39.76608187,15.64327485,Decessi
Decessi ultimi 24 giorni,0,3,2,19,78,312,833,2200,3412,1574,8433,0,0.035574529,0.023716352,0.225305348,0.924937745,3.699750978,9.877860785,26.08798767,40.46009724,18.66476936,Decessi
Decessi cumulativi,6,14,51,200,876,3411,9868,25365,43182,21124,104097,0.005763855,0.013448995,0.048992766,0.192128496,0.84152281,3.276751491,9.47961997,24.36669645,41.48246347,20.2926117,Decessi
Vaccini 23/3/2021,0,94,2506,3575,4938,6368,5712,10117,31651,5348,70309,0,0.133695544,3.56426631,5.084697549,7.023282937,9.057161957,8.124137735,14.38933849,45.0169964,7.606423075,Vaccini
Vaccini ultimi 24 giorni,0,4150,186541,268505,392129,520068,338485,205027,1563714,352043,3830662,0,0.108336366,4.869680489,7.009362873,10.23658574,13.57645232,8.836201158,5.352260262,40.82098603,9.19013476,Vaccini
Vaccini cumulativi,0,8550,583304,845118,1135322,1462872,890446,352382,2236229,598659,8112882,0,0.10538795,7.189849427,10.41698869,13.99406524,18.03147143,10.97570506,4.343487308,27.56392858,7.379116324,Vaccini
