Categoria,0-9 anni,10-19 anni,20-29 anni,30-39 anni,40-49 anni,50-59 anni,60-69 anni,70-79 anni,80-89 anni,oltre 90 anni,Tutte le età,0-9 anni,10-19 anni,20-29 anni,30-39 anni,40-49 anni,50-59 anni,60-69 anni,70-79 anni,80-89 anni,oltre 90 anni,Labels
Casi 7/11/2021,369,352,316,390,566,483,340,266,143,32,3257,11.32944427,10.80749156,9.70217992,11.9742094,17.37795517,14.82959779,10.43905434,8.16702487,4.390543445,0.982499232,Casi
Casi ultimi 28 giorni,14408,31061,32203,25331,25392,21842,12319,7660,4822,1353,176391,8.168217199,17.60917507,18.25660039,14.36071001,14.39529228,12.38271794,6.983916413,4.342625191,2.733699565,0.767045938,Casi
Casi cumulativi,284867,503448,594336,607899,764070,807296,510314,367617,271559,92811,4804217,5.929519836,10.4792935,12.37113145,12.65344592,15.90415254,16.80390374,10.62220961,7.65196493,5.652513198,1.931865276,Casi
Decessi 7/11/2021,0,0,0,0,0,1,0,5,6,3,15,0,0,0,0,0,6.666666667,0,33.33333333,40,20,Decessi
Decessi ultimi 28 giorni,0,0,4,12,37,99,211,352,498,245,1458,0,0,0.274348422,0.823045267,2.537722908,6.790123457,14.47187929,24.14266118,34.1563786,16.80384088,Decessi
Decessi cumulativi,15,21,78,293,1230,4830,13744,33139,52883,25484,131717,0.011388052,0.015943272,0.059217869,0.222446609,0.933820236,3.666952633,10.43449213,25.15924292,40.14895572,19.34754056,Decessi
Vaccini 7/11/2021,0,3437,4134,5456,5577,5933,5691,5573,9588,1211,46600,0,7.375536481,8.871244635,11.70815451,11.96781116,12.73175966,12.21244635,11.95922747,20.5751073,2.598712446,Vaccini
Vaccini ultimi 28 giorni,0,337996,532129,645867,631443,575709,395946,277805,901621,186048,4484564,0,7.53687538,11.86579119,14.40200207,14.08036545,12.83756905,8.829085726,6.19469362,20.10498679,4.148630725,Vaccini
Vaccini cumulativi,0,6363056,10042257,10746910,13954334,16009051,13044030,10991041,7936134,1792165,90878978,0,7.001680851,11.05014297,11.82551811,15.35485357,17.61579119,14.35318738,12.09415119,8.732640017,1.972034721,Vaccini
