Categoria,0-9 anni,10-19 anni,20-29 anni,30-39 anni,40-49 anni,50-59 anni,60-69 anni,70-79 anni,80-89 anni,oltre 90 anni,Tutte le età,0-9 anni,10-19 anni,20-29 anni,30-39 anni,40-49 anni,50-59 anni,60-69 anni,70-79 anni,80-89 anni,oltre 90 anni,Labels
Casi 25/6/2021,68,112,168,136,141,112,61,35,23,6,862,7.88863109,12.99303944,19.48955916,15.77726218,16.35730858,12.99303944,7.076566125,4.060324826,2.668213457,0.696055684,Casi
Casi ultimi 27 giorni,4299,7063,7446,7099,8234,7225,3766,2193,1122,377,48824,8.805095854,14.46624611,15.25069638,14.53998034,16.86465673,14.79805014,7.71341963,4.491643454,2.298050139,0.772161232,Casi
Casi cumulativi,233013,409249,502662,529110,680631,735408,467043,339821,253997,87716,4238650,5.497339955,9.655173227,11.85901171,12.48298397,16.05773065,17.35005249,11.0186734,8.017198872,5.992403242,2.069432484,Casi
Decessi 25/6/2021,0,0,0,-1,0,1,5,6,4,8,23,0,0,0,-4.347826087,0,4.347826087,21.73913043,26.08695652,17.39130435,34.7826087,Decessi
Decessi ultimi 27 giorni,3,-2,4,14,39,170,414,666,704,329,2341,0.128150363,-0.085433575,0.170867151,0.598035028,1.66595472,7.261853909,17.68475011,28.44938061,30.07261854,14.05382315,Decessi
Decessi cumulativi,13,16,69,253,1121,4478,13035,31918,51059,24502,126464,0.010279605,0.012651822,0.054560982,0.200056933,0.886418269,3.540928644,10.30728112,25.23880314,40.37433578,19.3746837,Decessi
Vaccini 25/6/2021,0,23186,81211,93197,100012,132764,76103,70285,7435,1650,585843,0,3.957715634,13.86224637,15.90818701,17.07146795,22.66204427,12.99034042,11.99724158,1.269111349,0.281645424,Vaccini
Vaccini ultimi 27 giorni,0,521793,1488934,1933579,3328860,3876804,1927407,1292679,206846,58294,14635196,0,3.565329771,10.17365261,13.21184219,22.74557854,26.48959399,13.16966988,8.832672962,1.413346292,0.398313764,Vaccini
Vaccini cumulativi,0,647159,2883032,3849597,6554548,9686585,9026879,8189352,6591160,1504732,48933044,0,1.322539836,5.891789605,7.867070358,13.39493206,19.79559048,18.44740948,16.73583193,13.46975267,3.075083577,Vaccini
