Categoria,0-9 anni,10-19 anni,20-29 anni,30-39 anni,40-49 anni,50-59 anni,60-69 anni,70-79 anni,80-89 anni,oltre 90 anni,Tutte le età,0-9 anni,10-19 anni,20-29 anni,30-39 anni,40-49 anni,50-59 anni,60-69 anni,70-79 anni,80-89 anni,oltre 90 anni,Labels
Casi 28/4/2021,1646,2095,1770,2081,2670,2607,1728,1159,473,150,16379,10.04945357,12.79076867,10.80652054,12.70529336,16.3013615,15.91672263,10.55009463,7.076134074,2.887844191,0.915806826,Casi
Casi ultimi 25 giorni,28817,40945,42430,45732,57514,60218,40429,28461,14335,3749,362630,7.946667402,11.29112318,11.7006315,12.6112015,15.86024322,16.60590685,11.14882939,7.848495712,3.953065108,1.033836142,Casi
Casi cumulativi,205207,371956,469173,491752,635049,694100,441391,324318,247337,85640,3965923,5.174255779,9.378800345,11.83010865,12.39943388,16.01264069,17.50160051,11.12959077,8.177617165,6.236555778,2.159396438,Casi
Decessi 28/4/2021,0,1,0,1,5,27,79,164,156,69,502,0,0.199203187,0,0.199203187,0.996015936,5.378486056,15.73705179,32.66932271,31.07569721,13.74501992,Decessi
Decessi ultimi 25 giorni,0,0,4,7,91,456,1341,2977,3688,1577,10141,0,0,0.039443842,0.069026723,0.897347402,4.496597969,13.22354797,29.35607928,36.36722217,15.55073464,Decessi
Decessi cumulativi,6,14,59,213,1016,4019,11728,29488,48624,23418,118585,0.005059662,0.011805878,0.049753341,0.179617996,0.856769406,3.38913016,9.889952355,24.86655142,41.0034996,19.74786018,Decessi
Vaccini 28/4/2021,0,661,5137,6299,10783,18584,62747,87333,51496,7174,250214,0,0.264173867,2.053042596,2.517445067,4.309511059,7.427242281,25.0773338,34.90332276,20.58078285,2.867145723,Vaccini
Vaccini ultimi 25 giorni,0,19358,144012,188288,311890,516355,1354192,2843302,1902251,341041,7620689,0,0.254019026,1.889750389,2.470747724,4.09267456,6.775699678,17.7699418,37.31030095,24.96166685,4.475199027,Vaccini
Vaccini cumulativi,0,33154,824264,1166038,1638160,2242623,2521492,3772415,5364985,1193705,18756836,0,0.17675689,4.394472501,6.216602843,8.733669154,11.95629689,13.44305617,20.11221402,28.60282512,6.364106398,Vaccini
