Categoria,0-9 anni,10-19 anni,20-29 anni,30-39 anni,40-49 anni,50-59 anni,60-69 anni,70-79 anni,80-89 anni,oltre 90 anni,Tutte le età,0-9 anni,10-19 anni,20-29 anni,30-39 anni,40-49 anni,50-59 anni,60-69 anni,70-79 anni,80-89 anni,oltre 90 anni,Labels
Casi 9/4/2021,1039,1655,1804,2017,2567,2738,1790,1301,678,184,15773,6.587205985,10.49261396,11.43726621,12.78767514,16.27464655,17.35877766,11.34850694,8.248272364,4.298484752,1.166550434,Casi
Casi ultimi 27 giorni,33350,55259,61635,65337,86215,92327,59453,42672,24662,6226,527136,6.326640563,10.48287349,11.69242852,12.39471408,16.3553618,17.51483488,11.2784936,8.095064651,4.678489043,1.181099375,Casi
Casi cumulativi,182028,340183,436923,456660,591783,649104,411309,303342,237179,82986,3691497,4.931007664,9.21531292,11.83592998,12.37059112,16.03097605,17.58376073,11.14206513,8.217316715,6.425008608,2.248031083,Casi
Decessi 9/4/2021,0,0,0,0,6,20,47,122,150,67,412,0,0,0,0,1.45631068,4.854368932,11.40776699,29.61165049,36.40776699,16.26213592,Decessi
Decessi ultimi 27 giorni,0,-2,1,19,108,428,1310,2935,4307,1821,10927,0,-0.018303285,0.009151643,0.173881212,0.988377414,3.916903084,11.98865196,26.86007138,39.41612519,16.66514139,Decessi
Decessi cumulativi,6,12,53,208,954,3686,10773,27293,46081,22311,111377,0.005387109,0.010774217,0.047586126,0.1867531,0.856550275,3.309480413,9.672553579,24.50505939,41.37389228,20.03196351,Decessi
Vaccini 9/4/2021,0,343,3644,4864,7575,11762,18806,49001,67259,9502,172756,0,0.198545926,2.109333395,2.815531733,4.384797055,6.808446595,10.88587372,28.36428257,38.93294589,5.500243117,Vaccini
Vaccini ultimi 27 giorni,0,9415,175068,237178,335324,461164,487705,1094982,2395296,466653,5662785,0,0.166260948,3.091553008,4.188363146,5.921538607,8.143766715,8.612458358,19.33645724,42.29890416,8.240697819,Vaccini
Vaccini cumulativi,0,16066,707070,1012599,1376694,1801660,1279627,1317954,3932630,921448,12365748,0,0.129923398,5.717971933,8.188740382,11.13312353,14.56976157,10.34815686,10.65810172,31.80260507,7.451615543,Vaccini
