Categoria,0-9 anni,10-19 anni,20-29 anni,30-39 anni,40-49 anni,50-59 anni,60-69 anni,70-79 anni,80-89 anni,oltre 90 anni,Tutte le età,0-9 anni,10-19 anni,20-29 anni,30-39 anni,40-49 anni,50-59 anni,60-69 anni,70-79 anni,80-89 anni,oltre 90 anni,Labels
Casi 7/10/2021,277,281,204,282,370,320,201,141,78,27,2181,12.70059606,12.88399817,9.353507565,12.92984869,16.96469509,14.67216873,9.215955983,6.464924347,3.576341128,1.237964237,Casi
Casi ultimi 28 giorni,14408,31061,32203,25331,25392,21842,12319,7660,4822,1353,176391,8.168217199,17.60917507,18.25660039,14.36071001,14.39529228,12.38271794,6.983916413,4.342625191,2.733699565,0.767045938,Casi
Casi cumulativi,271329,489858,584402,593717,745469,791374,499297,359719,266667,91264,4693096,5.781450028,10.43784316,12.45237685,12.6508599,15.88437569,16.86251464,10.63896839,7.664854927,5.682112618,1.944643792,Casi
Decessi 7/10/2021,0,0,0,0,3,3,6,8,10,19,49,0,0,0,0,6.12244898,6.12244898,12.24489796,16.32653061,20.40816327,38.7755102,Decessi
Decessi ultimi 28 giorni,0,0,4,12,37,99,211,352,498,245,1458,0,0,0.274348422,0.823045267,2.537722908,6.790123457,14.47187929,24.14266118,34.1563786,16.80384088,Decessi
Decessi cumulativi,15,20,76,288,1207,4765,13598,32904,52450,25232,130555,0.011489411,0.015319214,0.058213014,0.220596683,0.924514572,3.649802765,10.41553368,25.20317108,40.17463904,19.32672054,Decessi
Vaccini 7/10/2021,0,11692,15330,17611,15822,12665,6198,2976,1315,370,83979,0,13.92252825,18.25456364,20.97071887,18.84042439,15.08115124,7.380416533,3.543743079,1.565867657,0.440586337,Vaccini
Vaccini ultimi 28 giorni,0,1182494,970717,1003506,906221,679238,285315,130110,48895,10366,5216862,0,22.66676788,18.60729688,19.23581647,17.37099812,13.02004922,5.469092339,2.494028019,0.937249251,0.198701825,Vaccini
Vaccini cumulativi,0,5950393,9426045,9993866,13212861,15328902,12570604,10653151,6886155,1576211,85598188,0,6.951540843,11.01196792,11.67532425,15.43591203,17.90797487,14.68559591,12.44553331,8.044743891,1.84140697,Vaccini
