Categoria,0-9 anni,10-19 anni,20-29 anni,30-39 anni,40-49 anni,50-59 anni,60-69 anni,70-79 anni,80-89 anni,oltre 90 anni,Tutte le età,0-9 anni,10-19 anni,20-29 anni,30-39 anni,40-49 anni,50-59 anni,60-69 anni,70-79 anni,80-89 anni,oltre 90 anni,Labels
Casi 5/5/2021,1310,1621,1347,1644,2088,1780,1275,823,343,88,12319,10.63398003,13.1585356,10.93432909,13.34523906,16.94942771,14.44922477,10.34986606,6.680737073,2.784316909,0.714343697,Casi
Casi ultimi 25 giorni,30280,39756,38471,43206,52759,53112,35817,24400,11518,3055,332374,9.110219211,11.9612244,11.57461173,12.99921173,15.8733836,15.97958926,10.77611366,7.341127766,3.465373344,0.9191453,Casi
Casi cumulativi,213675,381977,477802,502371,647915,705816,449415,329431,249533,86260,4044195,5.283498941,9.445068796,11.81451438,12.42202713,16.02086447,17.45257091,11.11259472,8.145774375,6.170152527,2.132933748,Casi
Decessi 5/5/2021,0,0,0,4,5,20,41,89,103,44,306,0,0,0,1.307189542,1.633986928,6.535947712,13.39869281,29.08496732,33.66013072,14.37908497,Decessi
Decessi ultimi 25 giorni,0,3,6,15,79,404,1159,2583,2936,1266,8451,0,0.035498758,0.070997515,0.177493788,0.934800615,4.780499349,13.71435333,30.56443024,34.74145072,14.98047568,Decessi
Decessi cumulativi,6,15,59,223,1035,4107,11982,29978,49145,23648,120198,0.004991764,0.012479409,0.049085675,0.185527213,0.861079219,3.416862177,9.968551889,24.94051482,40.88670361,19.67420423,Decessi
Vaccini 5/5/2021,0,1026,7098,9099,15981,34312,99825,84218,28661,5076,285296,0,0.359626493,2.487942348,3.189319163,5.60155067,12.02680725,34.98997532,29.51951657,10.04605743,1.779204756,Vaccini
Vaccini ultimi 25 giorni,0,27657,182265,231528,392641,744898,2157623,3235457,1658374,303910,8934353,0,0.30955795,2.040046996,2.591435552,4.394733452,8.337458795,24.14973977,36.21366875,18.56176939,3.401589348,Vaccini
Vaccini cumulativi,0,45836,905305,1265414,1803722,2598568,3508623,4728274,5812324,1271566,21939632,0,0.208918728,4.126345419,5.76770841,8.221295599,11.84417314,15.99216888,21.55129129,26.49234955,5.79574899,Vaccini
