Categoria,0-9 anni,10-19 anni,20-29 anni,30-39 anni,40-49 anni,50-59 anni,60-69 anni,70-79 anni,80-89 anni,oltre 90 anni,Tutte le età,0-9 anni,10-19 anni,20-29 anni,30-39 anni,40-49 anni,50-59 anni,60-69 anni,70-79 anni,80-89 anni,oltre 90 anni,Labels
Casi 3/6/2021,238,326,282,316,354,302,181,95,49,14,2157,11.0338433,15.11358368,13.07371349,14.64997682,16.41168289,14.00092721,8.391284191,4.404265183,2.271673621,0.649049606,Casi
Casi ultimi 26 giorni,13797,19257,16494,18281,22932,20849,12596,7328,3108,1015,135657,10.17050355,14.19536036,12.1586059,13.47589877,16.90439859,15.36890835,9.285182482,5.401859101,2.291072337,0.74821056,Casi
Casi cumulativi,230117,404480,497243,524190,675008,730558,464528,338341,253231,87460,4205156,5.472258342,9.61866813,11.82460294,12.46541151,16.05191341,17.37291078,11.04662942,8.045860843,6.021916904,2.079827716,Casi
Decessi 3/6/2021,0,0,0,1,0,1,6,11,16,7,42,0,0,0,2.380952381,0,2.380952381,14.28571429,26.19047619,38.0952381,16.66666667,Decessi
Decessi ultimi 26 giorni,1,2,7,14,47,202,591,1185,1098,485,3632,0.02753304,0.055066079,0.192731278,0.385462555,1.294052863,5.561674009,16.27202643,32.62665198,30.23127753,13.35352423,Decessi
Decessi cumulativi,7,17,67,241,1088,4334,12692,31357,50461,24232,124496,0.005622671,0.013655057,0.05381699,0.193580517,0.87392366,3.481236345,10.19470505,25.18715461,40.53222593,19.46407917,Decessi
Vaccini 3/6/2021,0,14910,22757,24576,79396,127404,50272,31838,6116,1632,358901,0,4.154348971,6.340745777,6.847570779,22.12197793,35.49836863,14.00720533,8.870969989,1.7040911,0.454721497,Vaccini
Vaccini ultimi 26 giorni,0,151362,528146,674309,1671816,3606371,3318084,1896946,419263,129623,12395920,0,1.221063059,4.260643825,5.439765665,13.4868247,29.0932097,26.76754932,15.30298679,3.3822661,1.04569084,Vaccini
Vaccini cumulativi,0,205549,1488852,2012247,3602244,6511705,7436759,7071327,6415183,1451708,36195574,0,0.56788435,4.113353749,5.559373088,9.95216708,17.99033495,20.54604522,19.53644111,17.72366699,4.010733467,Vaccini
