Categoria,0-9 anni,10-19 anni,20-29 anni,30-39 anni,40-49 anni,50-59 anni,60-69 anni,70-79 anni,80-89 anni,oltre 90 anni,Tutte le età,0-9 anni,10-19 anni,20-29 anni,30-39 anni,40-49 anni,50-59 anni,60-69 anni,70-79 anni,80-89 anni,oltre 90 anni,Labels
Casi 14/3/2021,1318,2085,2222,2386,3208,3296,2060,1495,844,205,19119,6.893665987,10.90538208,11.62194675,12.4797322,16.77912025,17.23939537,10.7746221,7.819446624,4.414456823,1.072231811,Casi
Casi ultimi 22 giorni,28306,46323,48708,52067,67718,69058,43939,30877,18833,4375,410204,6.900469035,11.29267389,11.87409192,12.69295277,16.50837144,16.83503818,10.71149964,7.527230354,4.591130267,1.066542501,Casi
Casi cumulativi,149996,287009,377510,393709,508776,560073,353916,262165,213361,76965,3183480,4.711699147,9.015574152,11.85840652,12.36725219,15.98175581,17.59310566,11.1172679,8.235170317,6.702131001,2.417637303,Casi
Decessi 14/3/2021,0,0,0,0,3,9,15,40,69,31,167,0,0,0,0,1.796407186,5.389221557,8.982035928,23.95209581,41.31736527,18.56287425,Decessi
Decessi ultimi 22 giorni,0,4,3,9,76,239,627,1717,2843,1307,6825,0,0.058608059,0.043956044,0.131868132,1.113553114,3.501831502,9.186813187,25.15750916,41.65567766,19.15018315,Decessi
Decessi cumulativi,6,14,52,189,849,3267,9478,24398,41843,20521,100617,0.005963207,0.01391415,0.051681127,0.187841021,0.843793792,3.246966218,9.419879344,24.24838745,41.58641184,20.39516185,Decessi
Vaccini 14/3/2021,0,70,4015,6157,8713,11199,7957,4502,33134,6429,82176,0,0.085183022,4.885854751,7.492455218,10.60285241,13.62806659,9.682875779,5.478485202,40.32077492,7.823452103,Vaccini
Vaccini ultimi 22 giorni,0,2891,173735,259955,393797,506083,287078,90674,1196819,283800,3194832,0,0.090489891,5.438001122,8.136734576,12.32606284,15.84067644,8.985699405,2.838146106,37.46109342,8.8830962,Vaccini
Vaccini cumulativi,0,6641,530659,774026,1038726,1336262,791648,223530,1547269,452403,6701164,0,0.099102186,7.91890782,11.55062016,15.50068018,19.94074462,11.8135894,3.335689143,23.08955578,6.751110703,Vaccini
