Categoria,0-9 anni,10-19 anni,20-29 anni,30-39 anni,40-49 anni,50-59 anni,60-69 anni,70-79 anni,80-89 anni,oltre 90 anni,Tutte le età,0-9 anni,10-19 anni,20-29 anni,30-39 anni,40-49 anni,50-59 anni,60-69 anni,70-79 anni,80-89 anni,oltre 90 anni,Labels
Casi 6/8/2021,341,1118,1118,672,629,625,290,206,132,22,5153,6.617504366,21.69609936,21.69609936,13.04094702,12.20648166,12.12885698,5.627789637,3.997671259,2.561614593,0.426935766,Casi
Casi ultimi 27 giorni,6965,27750,29472,16891,15639,14366,7337,4021,2169,501,125111,5.567056454,22.18030389,23.55668167,13.50081128,12.50009991,11.48260345,5.86439242,3.213946016,1.733660509,0.400444405,Casi
Casi cumulativi,240786,439356,535093,547818,698007,751230,475159,344261,256414,88272,4376396,5.501924415,10.03921949,12.22679575,12.51756011,15.9493565,17.16549416,10.85731273,7.866312829,5.859021898,2.017002118,Casi
Decessi 6/8/2021,0,0,1,0,1,0,-4,-2,6,-1,1,0,0,100,0,100,0,-400,-200,600,-100,Decessi
Decessi ultimi 27 giorni,2,0,0,4,7,29,46,140,192,107,527,0.379506641,0,0,0.759013283,1.328273245,5.5028463,8.728652751,26.5654649,36.43263757,20.30360531,Decessi
Decessi cumulativi,14,16,69,262,1129,4544,13134,32138,51369,24664,127339,0.010994275,0.012564886,0.05418607,0.205750006,0.886609758,3.568427583,10.31420068,25.23814385,40.34035135,19.36877155,Decessi
Vaccini 6/8/2021,0,70843,95986,79941,62395,41400,35503,11185,1996,459,399708,0,17.72368829,24.01403024,19.99984989,15.61014541,10.35756102,8.882234031,2.798292754,0.499364536,0.114833829,Vaccini
Vaccini ultimi 27 giorni,0,1319147,2388255,2402158,2872613,2011429,1689040,905289,72705,17470,13678106,0,9.644222672,17.46042179,17.56206598,21.00154071,14.70546434,12.34849328,6.618525986,0.531542891,0.127722362,Vaccini
Vaccini cumulativi,0,2681079,6388830,7240322,10840618,13615876,11719957,10280470,6756680,1547583,71071415,0,3.772373183,8.989310259,10.18738968,15.25313377,19.15802014,16.49039491,14.46498568,9.506888248,2.177504134,Vaccini
