Categoria,0-9 anni,10-19 anni,20-29 anni,30-39 anni,40-49 anni,50-59 anni,60-69 anni,70-79 anni,80-89 anni,oltre 90 anni,Tutte le età,0-9 anni,10-19 anni,20-29 anni,30-39 anni,40-49 anni,50-59 anni,60-69 anni,70-79 anni,80-89 anni,oltre 90 anni,Labels
Casi 10/7/2021,41,256,296,166,140,111,67,36,19,6,1138,3.602811951,22.49560633,26.01054482,14.58699473,12.30228471,9.753954306,5.887521968,3.16344464,1.669595782,0.527240773,Casi
Casi ultimi 28 giorni,2883,5039,5952,5109,5725,4891,2461,1503,785,244,34592,8.334296947,14.5669519,17.20629047,14.76931082,16.55006938,14.13910731,7.114361702,4.344935245,2.269310823,0.705365402,Casi
Casi cumulativi,233821,411606,505621,530927,682368,736864,467822,340240,254245,87771,4251285,5.500007645,9.681919702,11.89336871,12.48862403,16.05086462,17.33273587,11.0042493,8.00322726,5.980427094,2.064575769,Casi
Decessi 10/7/2021,0,0,0,0,0,3,4,0,7,6,20,0,0,0,0,0,15,20,0,35,30,Decessi
Decessi ultimi 28 giorni,3,-1,3,14,39,174,420,679,715,336,2382,0.125944584,-0.041981528,0.125944584,0.587741394,1.637279597,7.304785894,17.63224181,28.5054576,30.01679261,14.10579345,Decessi
Decessi cumulativi,12,16,69,258,1122,4515,13088,31998,51177,24557,126812,0.009462827,0.012617102,0.054411254,0.203450778,0.884774312,3.560388607,10.32078983,25.23262783,40.35659086,19.3648866,Decessi
Vaccini 10/7/2021,0,27440,47900,49667,92344,104708,60257,59705,3109,604,445734,0,6.156137966,10.74631955,11.14274433,20.71728879,23.49114046,13.51860078,13.3947601,0.6975012,0.135506827,Vaccini
Vaccini ultimi 28 giorni,0,891730,1905535,2018182,2880904,3372452,1939430,1869258,172847,43583,15093921,0,5.907875098,12.6245195,13.37082657,19.08651834,22.34311416,12.8490801,12.38417771,1.145143134,0.288745383,Vaccini
Vaccini cumulativi,0,1347090,3964892,4799188,7912880,11538797,9994901,9343489,6670257,1525442,57096936,0,2.359303483,6.944141451,8.405333694,13.85867711,20.20913522,17.50514423,16.36425639,11.68233791,2.671670508,Vaccini
