Categoria,0-9 anni,10-19 anni,20-29 anni,30-39 anni,40-49 anni,50-59 anni,60-69 anni,70-79 anni,80-89 anni,oltre 90 anni,Tutte le età,0-9 anni,10-19 anni,20-29 anni,30-39 anni,40-49 anni,50-59 anni,60-69 anni,70-79 anni,80-89 anni,oltre 90 anni,Labels
Casi 28/1/2022,16335,18709,14153,17959,20256,16056,9416,5446,3042,830,122202,13.36721167,15.30989673,11.58164351,14.69615882,16.57583346,13.13890116,7.705274873,4.456555539,2.48932096,0.679203286,Casi
Casi ultimi 28 giorni,14408,31061,32203,25331,25392,21842,12319,7660,4822,1353,176391,8.168217199,17.60917507,18.25660039,14.36071001,14.39529228,12.38271794,6.983916413,4.342625191,2.733699565,0.767045938,Casi
Casi cumulativi,813352,1267108,1364060,1378234,1648004,1569859,916295,602150,385785,122798,10067645,8.078870481,12.58594239,13.54894814,13.68973578,16.3693098,15.5931104,9.10138369,5.981041246,3.831928917,1.219729142,Casi
Decessi 28/1/2022,2,3,2,1,3,8,27,52,95,53,246,0.81300813,1.219512195,0.81300813,0.406504065,1.219512195,3.25203252,10.97560976,21.13821138,38.61788618,21.54471545,Decessi
Decessi ultimi 28 giorni,0,0,4,12,37,99,211,352,498,245,1458,0,0,0.274348422,0.823045267,2.537722908,6.790123457,14.47187929,24.14266118,34.1563786,16.80384088,Decessi
Decessi cumulativi,17,27,91,345,1369,5311,14971,36053,57376,27814,143374,0.011857101,0.018831866,0.063470364,0.240629403,0.954845369,3.70429785,10.44192113,25.14612133,40.01841338,19.3996122,Decessi
