Categoria,0-9 anni,10-19 anni,20-29 anni,30-39 anni,40-49 anni,50-59 anni,60-69 anni,70-79 anni,80-89 anni,oltre 90 anni,Tutte le età,0-9 anni,10-19 anni,20-29 anni,30-39 anni,40-49 anni,50-59 anni,60-69 anni,70-79 anni,80-89 anni,oltre 90 anni,Labels
Casi 17/1/2022,15488,23972,23397,23618,27049,24775,13273,7319,3875,963,163729,9.459533742,14.64126697,14.2900769,14.42505604,16.52059195,15.13171155,8.106688491,4.470191597,2.366715731,0.588167032,Casi
Casi ultimi 28 giorni,14408,31061,32203,25331,25392,21842,12319,7660,4822,1353,176391,8.168217199,17.60917507,18.25660039,14.36071001,14.39529228,12.38271794,6.983916413,4.342625191,2.733699565,0.767045938,Casi
Casi cumulativi,576134,1009429,1171759,1130589,1359605,1338878,794590,532818,346631,111181,8371614,6.88199432,12.05775852,13.99681113,13.50503021,16.24065563,15.99306896,9.491479182,6.36457916,4.140551631,1.328071266,Casi
Decessi 17/1/2022,0,0,1,0,6,17,42,69,96,54,285,0,0,0.350877193,0,2.105263158,5.964912281,14.73684211,24.21052632,33.68421053,18.94736842,Decessi
Decessi ultimi 28 giorni,0,0,4,12,37,99,211,352,498,245,1458,0,0,0.274348422,0.823045267,2.537722908,6.790123457,14.47187929,24.14266118,34.1563786,16.80384088,Decessi
Decessi cumulativi,15,23,83,326,1326,5198,14628,35263,56026,27056,139944,0.010718573,0.016435145,0.059309438,0.232950323,0.947521866,3.71434288,10.45275253,25.19793632,40.03458526,19.33344766,Decessi
