Categoria,0-9 anni,10-19 anni,20-29 anni,30-39 anni,40-49 anni,50-59 anni,60-69 anni,70-79 anni,80-89 anni,oltre 90 anni,Tutte le età,0-9 anni,10-19 anni,20-29 anni,30-39 anni,40-49 anni,50-59 anni,60-69 anni,70-79 anni,80-89 anni,oltre 90 anni,Labels
Casi 6/5/2021,849,1052,906,1131,1317,1200,788,448,179,50,7920,10.71969697,13.28282828,11.43939394,14.28030303,16.62878788,15.15151515,9.949494949,5.656565657,2.26010101,0.631313131,Casi
Casi ultimi 26 giorni,31129,40808,39377,44337,54076,54312,36605,24848,11697,3105,340294,9.147678184,11.9919834,11.57146467,13.02902784,15.89096487,15.96031667,10.75687494,7.30192128,3.437321845,0.912446296,Casi
Casi cumulativi,214524,383029,478708,503502,649232,707016,450203,329879,249712,86310,4052115,5.29412418,9.452569831,11.8137812,12.42565919,16.02205268,17.44807341,11.1103214,8.14090913,6.162510195,2.129998778,Casi
Decessi 6/5/2021,1,0,-1,1,0,7,38,60,79,43,228,0.438596491,0,-0.438596491,0.438596491,0,3.070175439,16.66666667,26.31578947,34.64912281,18.85964912,Decessi
Decessi ultimi 26 giorni,1,3,5,16,79,411,1197,2643,3015,1309,8679,0.011522065,0.034566194,0.057610324,0.184353036,0.910243116,4.735568614,13.79191151,30.45281714,34.73902523,15.08238276,Decessi
Decessi cumulativi,11,15,58,224,1035,4114,12020,30038,49224,23691,120430,0.009133937,0.012455368,0.048160757,0.186000166,0.85942041,3.416092336,9.980901769,24.94229013,40.87353649,19.67200864,Decessi
Vaccini 6/5/2021,0,670,4568,5876,10261,28497,55608,47849,17037,2808,173174,0,0.386894107,2.637809371,3.393119059,5.925254368,16.45570351,32.11105593,27.6305912,9.838081929,1.621490524,Vaccini
Vaccini ultimi 26 giorni,0,29270,192381,243978,414742,803548,2278006,3327029,1692946,311575,9293475,0,0.314952157,2.070065288,2.625261272,4.462722502,8.646367478,24.51188603,35.79962285,18.21650136,3.352621059,Vaccini
Vaccini cumulativi,0,47525,915514,1278042,1826084,2657536,3629263,4820057,5847162,1279384,22300567,0,0.213111173,4.105339564,5.730984329,8.188509288,11.91689879,16.27430818,21.61405582,26.21979073,5.737002113,Vaccini
