Categoria,0-9 anni,10-19 anni,20-29 anni,30-39 anni,40-49 anni,50-59 anni,60-69 anni,70-79 anni,80-89 anni,oltre 90 anni,Tutte le età,0-9 anni,10-19 anni,20-29 anni,30-39 anni,40-49 anni,50-59 anni,60-69 anni,70-79 anni,80-89 anni,oltre 90 anni,Labels
Casi 11/3/2021,500,788,756,926,1115,1276,730,497,256,55,6899,7.247427163,11.42194521,10.95810987,13.42223511,16.16176257,18.49543412,10.58124366,7.2039426,3.710682708,0.797216988,Casi
Casi ultimi 26 giorni,29281,47819,48799,52678,68081,69241,43962,30891,19090,4600,414442,7.065162315,11.53816457,11.77462709,12.71058435,16.42714783,16.70704224,10.60751565,7.453636456,4.606193388,1.109926118,Casi
Casi cumulativi,144801,278573,368060,383676,495537,546499,345227,256008,209752,76187,3104320,4.664499794,8.973720493,11.85638079,12.35942171,15.96281955,17.60446732,11.12085739,8.246830224,6.756777652,2.45422508,Casi
Decessi 11/3/2021,0,0,0,-1,2,12,18,41,59,23,154,0,0,0,-0.649350649,1.298701299,7.792207792,11.68831169,26.62337662,38.31168831,14.93506494,Decessi
Decessi ultimi 26 giorni,0,4,5,11,86,272,770,1957,3363,1621,8089,0,0.04944987,0.061812338,0.135987143,1.063172209,3.362591173,9.519100012,24.19334899,41.57497837,20.0395599,Decessi
Decessi cumulativi,6,14,52,188,837,3231,9391,24162,41489,20388,99758,0.006014555,0.014033962,0.052126145,0.188456064,0.839030454,3.238837988,9.413781351,24.22061389,41.58964695,20.43745865,Decessi
Vaccini 11/3/2021,0,60,3403,4575,7127,8912,5266,2159,27650,7124,66276,0,0.090530509,5.13458869,6.902951295,10.7535156,13.44679824,7.945560987,3.257589474,41.71947613,10.74898908,Vaccini
Vaccini ultimi 26 giorni,0,2851,183090,268632,399778,489964,262483,81981,1114032,269430,3072241,0,0.092798709,5.959493412,8.743845291,13.01258593,15.94809782,8.543698232,2.668443003,36.26121779,8.769819816,Vaccini
Vaccini cumulativi,0,6074,496944,725338,968207,1243103,731074,197389,1310552,399307,6077988,0,0.099934386,8.176126705,11.93385048,15.92972872,20.4525412,12.02822381,3.247604306,21.56226699,6.569723402,Vaccini
