Categoria,0-9 anni,10-19 anni,20-29 anni,30-39 anni,40-49 anni,50-59 anni,60-69 anni,70-79 anni,80-89 anni,oltre 90 anni,Tutte le età,0-9 anni,10-19 anni,20-29 anni,30-39 anni,40-49 anni,50-59 anni,60-69 anni,70-79 anni,80-89 anni,oltre 90 anni,Labels
Casi 24/3/2021,1507,2503,2892,3184,4190,4396,2886,2200,1249,327,25334,5.94852767,9.880003158,11.41548907,12.56809031,16.53903845,17.35217494,11.39180548,8.683982,4.930133418,1.290755506,Casi
Casi ultimi 25 giorni,35077,57195,61461,66055,86081,89844,56920,40261,23937,5671,522502,6.713275739,10.94636958,11.76282579,12.64205687,16.47476947,17.19495811,10.89373821,7.705425051,4.581226483,1.085354697,Casi
Casi cumulativi,164272,310131,402825,421176,544753,598343,378100,279653,223476,79437,3402166,4.828453403,9.115692767,11.84025118,12.37964285,16.01194651,17.5871195,11.11350828,8.219851706,6.56863892,2.334894888,Casi
Decessi 24/3/2021,0,0,0,0,6,15,98,186,381,168,854,0,0,0,0,0.702576112,1.756440281,11.47540984,21.77985948,44.61358314,19.67213115,Decessi
Decessi ultimi 25 giorni,0,3,2,19,84,327,931,2386,3793,1742,9287,0,0.03230322,0.02153548,0.204587057,0.904490148,3.521050931,10.0247658,25.69182729,40.84203726,18.75740282,Decessi
Decessi cumulativi,6,14,51,200,882,3426,9966,25551,43563,21292,104951,0.005716954,0.013339558,0.048594106,0.190565121,0.840392183,3.26438052,9.495859973,24.34564702,41.5079418,20.28756277,Decessi
Vaccini 24/3/2021,0,114,2524,3566,4891,6626,6049,9847,37092,8059,78768,0,0.144728824,3.204346943,4.527219175,6.209374365,8.412045501,7.679514524,12.50126955,47.09018891,10.23131221,Vaccini
Vaccini ultimi 25 giorni,0,4478,195128,281259,409436,543374,358395,240266,1659519,371349,4063204,0,0.110208594,4.802318564,6.922098915,10.0766784,13.37304255,8.820502244,5.913215285,40.84262075,9.139314689,Vaccini
Vaccini cumulativi,0,8878,591954,857977,1152749,1486370,910437,387671,2332287,618122,8346445,0,0.10636864,7.092288992,10.27955016,13.81125737,17.80842023,10.90808123,4.64474396,27.94347773,7.405811696,Vaccini
