Categoria,0-9 anni,10-19 anni,20-29 anni,30-39 anni,40-49 anni,50-59 anni,60-69 anni,70-79 anni,80-89 anni,oltre 90 anni,Tutte le età,0-9 anni,10-19 anni,20-29 anni,30-39 anni,40-49 anni,50-59 anni,60-69 anni,70-79 anni,80-89 anni,oltre 90 anni,Labels
Casi 15/4/2021,838,1246,1276,1384,1613,1773,1130,833,405,87,10585,7.916863486,11.77137459,12.05479452,13.07510628,15.23854511,16.75011809,10.67548418,7.86962683,3.826169107,0.821917808,Casi
Casi ultimi 26 giorni,30017,49143,54896,57856,75671,81238,53079,38103,21535,5571,467109,6.426123239,10.52067076,11.75228908,12.38597415,16.19985913,17.39165805,11.36330064,8.157196714,4.610272977,1.192655247,Casi
Casi cumulativi,188673,350194,447749,468145,606178,664716,421674,310821,240969,83953,3783072,4.987296039,9.256868492,11.83559287,12.37473144,16.02343281,17.5707996,11.14633821,8.216100566,6.369664653,2.219175316,Casi
Decessi 15/4/2021,0,0,0,0,4,6,35,78,113,46,282,0,0,0,0,1.418439716,2.127659574,12.41134752,27.65957447,40.07092199,16.31205674,Decessi
Decessi ultimi 26 giorni,0,-2,4,16,101,408,1328,2920,4161,1731,10667,0,-0.018749414,0.037498828,0.149995313,0.946845411,3.824880472,12.44961095,27.37414456,39.008156,16.22761789,Decessi
Decessi cumulativi,6,12,55,210,966,3774,11051,27941,46856,22664,113535,0.005284714,0.010569428,0.048443211,0.184964989,0.850838948,3.324085084,9.733562338,24.61003215,41.27009292,19.96212622,Decessi
Vaccini 15/4/2021,0,515,3823,4898,8120,13352,31485,82198,56802,8966,210159,0,0.245052555,1.819098873,2.330616343,3.863741263,6.353284894,14.981514,39.11229117,27.02810729,4.266293616,Vaccini
Vaccini ultimi 26 giorni,0,12239,169384,227971,334782,483571,644563,1689306,2359409,438425,6359650,0,0.192447698,2.663417012,3.584646954,5.264157619,7.603736055,10.13519612,26.56287689,37.09966743,6.893854222,Vaccini
Vaccini cumulativi,0,20346,741370,1057408,1449609,1919248,1510727,1990198,4456367,1014578,14159851,0,0.143687953,5.235718935,7.467649201,10.23745942,13.55415392,10.66908826,14.05521852,31.47184953,7.165174266,Vaccini
