Categoria,0-9 anni,10-19 anni,20-29 anni,30-39 anni,40-49 anni,50-59 anni,60-69 anni,70-79 anni,80-89 anni,oltre 90 anni,Tutte le età,0-9 anni,10-19 anni,20-29 anni,30-39 anni,40-49 anni,50-59 anni,60-69 anni,70-79 anni,80-89 anni,oltre 90 anni,Labels
Casi 9/1/2022,8529,17785,22372,18839,20484,19085,9543,4912,2149,503,124201,6.867094468,14.31953044,18.01273742,15.16815485,16.49262083,15.36622088,7.683513015,3.95487959,1.730259821,0.404988688,Casi
Casi ultimi 28 giorni,14408,31061,32203,25331,25392,21842,12319,7660,4822,1353,176391,8.168217199,17.60917507,18.25660039,14.36071001,14.39529228,12.38271794,6.983916413,4.342625191,2.733699565,0.767045938,Casi
Casi cumulativi,465858,812348,959187,930004,1130360,1126572,685909,473029,317240,103918,7004425,6.65090996,11.59764006,13.69401485,13.27737823,16.13779861,16.08371851,9.792509735,6.7532881,4.529136938,1.483605007,Casi
Decessi 9/1/2022,0,1,0,1,5,8,21,46,74,24,180,0,0.555555556,0,0.555555556,2.777777778,4.444444444,11.66666667,25.55555556,41.11111111,13.33333333,Decessi
Decessi ultimi 28 giorni,0,0,4,12,37,99,211,352,498,245,1458,0,0,0.274348422,0.823045267,2.537722908,6.790123457,14.47187929,24.14266118,34.1563786,16.80384088,Decessi
Decessi cumulativi,15,22,81,319,1298,5101,14371,34731,55261,26680,137879,0.010879104,0.015956019,0.058747162,0.231362281,0.941405145,3.699620682,10.42290704,25.18947773,40.07934493,19.3502999,Decessi
