Categoria,0-9 anni,10-19 anni,20-29 anni,30-39 anni,40-49 anni,50-59 anni,60-69 anni,70-79 anni,80-89 anni,oltre 90 anni,Tutte le età,0-9 anni,10-19 anni,20-29 anni,30-39 anni,40-49 anni,50-59 anni,60-69 anni,70-79 anni,80-89 anni,oltre 90 anni,Labels
Casi 27/8/2021,620,1223,1290,1110,1164,945,551,301,204,49,7457,8.314335524,16.40069733,17.29918198,14.88534263,15.60949443,12.67265656,7.389030441,4.036475795,2.735684592,0.657100711,Casi
Casi ultimi 27 giorni,12543,32764,33695,23123,22605,19871,11089,6579,4171,1125,167565,7.485453406,19.55300928,20.10861457,13.79942112,13.49028735,11.85868171,6.617730433,3.926237579,2.489183302,0.671381255,Casi
Casi cumulativi,251117,464316,561009,566364,716454,767409,484322,349715,259905,89233,4509844,5.568197037,10.29561111,12.43965423,12.55839448,15.88644751,17.01630921,10.73921847,7.754481086,5.763059654,1.978627199,Casi
Decessi 27/8/2021,0,0,1,0,4,12,27,53,113,57,267,0,0,0.374531835,0,1.498127341,4.494382022,10.11235955,19.85018727,42.32209738,21.34831461,Decessi
Decessi ultimi 27 giorni,0,1,6,4,26,63,126,252,379,184,1041,0,0.096061479,0.576368876,0.384245917,2.497598463,6.051873199,12.1037464,24.2074928,36.40730067,17.6753122,Decessi
Decessi cumulativi,14,17,73,265,1153,4602,13260,32373,51722,24834,128313,0.01091082,0.013248852,0.056892131,0.206526229,0.898583931,3.586542283,10.33410488,25.22971172,40.3092438,19.35423535,Decessi
Vaccini 27/8/2021,0,63540,64606,54286,45243,30550,14921,6730,2077,423,282376,0,22.50191234,22.87942318,19.22472165,16.02225402,10.81890812,5.284089299,2.383347027,0.735544097,0.149800266,Vaccini
Vaccini ultimi 27 giorni,0,1564582,1888812,1596148,1280279,891331,588778,208690,47063,10231,8075914,0,19.37343563,23.3882134,19.7643016,15.85305391,11.03690554,7.290543213,2.584103793,0.582757568,0.126685351,Vaccini
Vaccini cumulativi,0,3862183,7697542,8326151,11737200,14264175,12106137,10434763,6803405,1558236,76789792,0,5.029552626,10.02417353,10.84278363,15.28484411,18.57561354,15.76529469,13.58873716,8.859777873,2.029222843,Vaccini
