Categoria,0-9 anni,10-19 anni,20-29 anni,30-39 anni,40-49 anni,50-59 anni,60-69 anni,70-79 anni,80-89 anni,oltre 90 anni,Tutte le età,0-9 anni,10-19 anni,20-29 anni,30-39 anni,40-49 anni,50-59 anni,60-69 anni,70-79 anni,80-89 anni,oltre 90 anni,Labels
Casi 14/2/2021,810,1220,1183,1351,1723,1796,1132,801,550,148,10714,7.560201605,11.38697032,11.04162778,12.60966959,16.08176218,16.76311368,10.56561508,7.476199365,5.133470226,1.38137017,Casi
Casi ultimi 16 giorni,14434,21068,20888,23995,31194,32022,21006,14968,10819,3160,193554,7.457350404,10.88481767,10.79182037,12.39705715,16.11643262,16.54422022,10.85278527,7.733242403,5.589654567,1.632619321,Casi
Casi cumulativi,116330,231974,320444,332349,429179,479054,302397,225918,191212,71735,2700592,4.307574043,8.589746248,11.86569463,12.3065239,15.89203404,17.73885133,11.19743375,8.36549912,7.080373488,2.65626944,Casi
Decessi 14/2/2021,0,0,0,0,1,4,13,25,58,22,123,0,0,0,0,0.81300813,3.25203252,10.56910569,20.32520325,47.15447154,17.88617886,Decessi
Decessi ultimi 16 giorni,1,1,2,6,39,164,505,1279,2387,1287,5671,0.017633574,0.017633574,0.035267149,0.105801446,0.687709399,2.891906189,8.904955034,22.55334156,42.09134192,22.69441016,Decessi
Decessi cumulativi,6,10,47,177,752,2963,8634,22230,38184,18789,91792,0.006536517,0.010894196,0.051202719,0.192827262,0.819243507,3.227950148,9.406048457,24.21779676,41.59839637,20.46910406,Decessi
Vaccini 14/2/2021,0,15,1387,2249,2930,2370,1166,530,3254,503,14404,0,0.10413774,9.629269647,15.61371841,20.34157179,16.45376284,8.094973618,3.679533463,22.59094696,3.492085532,Vaccini
Vaccini ultimi 16 giorni,0,1639,129053,162023,201381,257547,163183,52579,107122,56845,1131372,0,0.144868355,11.40676983,14.32093069,17.79971574,22.76413063,14.42346107,4.647366207,9.468326952,5.024430514,Vaccini
Vaccini cumulativi,0,3177,311523,453332,564601,747498,464973,113609,193668,125903,2978284,0,0.106672164,10.45981512,15.22124821,18.95725861,25.09827807,15.61211087,3.814579133,6.502670665,4.227367168,Vaccini
