Categoria,0-9 anni,10-19 anni,20-29 anni,30-39 anni,40-49 anni,50-59 anni,60-69 anni,70-79 anni,80-89 anni,oltre 90 anni,Tutte le età,0-9 anni,10-19 anni,20-29 anni,30-39 anni,40-49 anni,50-59 anni,60-69 anni,70-79 anni,80-89 anni,oltre 90 anni,Labels
Casi 24/5-26/5/2021,763,1212,982,1099,1463,1223,734,389,207,47,8119,9.397709077,14.92794679,12.0950856,13.53614977,18.01946052,15.06343146,9.040522232,4.791230447,2.549575071,0.578889026,Casi
Casi ultimi 25 giorni,19010,24515,20948,24223,30109,27253,17516,10557,4403,1345,179879,10.5682153,13.6286059,11.64560621,13.46627455,16.7384742,15.15074022,9.737656981,5.868945235,2.447756547,0.747724859,Casi
Casi cumulativi,227945,400871,493955,520758,670796,726585,462522,337197,252679,87267,4180575,5.452479623,9.588896264,11.81547993,12.45661183,16.04554397,17.38002547,11.06359771,8.065804345,6.044120725,2.087440125,Casi
Decessi 24/5-26/5/2021,0,0,-1,1,3,17,54,98,21,3,196,0,0,-0.510204082,0.510204082,1.530612245,8.673469388,27.55102041,50,10.71428571,1.530612245,Decessi
Decessi ultimi 25 giorni,0,3,6,19,58,235,710,1464,1389,576,4460,0,0.067264574,0.134529148,0.426008969,1.30044843,5.269058296,15.91928251,32.82511211,31.14349776,12.91479821,Decessi
Decessi cumulativi,6,17,65,236,1079,4291,12557,31141,50232,24107,123731,0.004849229,0.013739483,0.052533318,0.190736355,0.872053083,3.468007209,10.14862888,25.16830867,40.59774834,19.48339543,Decessi
Vaccini 26/5/2021,0,3770,14883,19705,50003,102569,89568,48862,7289,2140,338789,0,1.112787015,4.392999773,5.816304544,14.75933398,30.27518603,26.43769426,14.42254619,2.151486619,0.631661595,Vaccini
Vaccini ultimi 25 giorni,0,65645,420506,553997,1134792,2720763,3624756,2360897,659358,173759,11714473,0,0.560375187,3.589627976,4.729167074,9.687093905,23.22565428,30.94254432,20.15367657,5.628575865,1.483284822,Vaccini
Vaccini cumulativi,0,105640,1288926,1773876,2861299,5139248,6632486,6657704,6328914,1423511,32211604,0,0.327956348,4.001433769,5.506947124,8.882820613,15.9546479,20.5903624,20.66865096,19.64793184,4.419249038,Vaccini
