Categoria,0-9 anni,10-19 anni,20-29 anni,30-39 anni,40-49 anni,50-59 anni,60-69 anni,70-79 anni,80-89 anni,oltre 90 anni,Tutte le età,0-9 anni,10-19 anni,20-29 anni,30-39 anni,40-49 anni,50-59 anni,60-69 anni,70-79 anni,80-89 anni,oltre 90 anni,Labels
Casi 15/2/2021,880,1474,1347,1500,1898,1929,1210,902,570,150,11860,7.41989882,12.42833052,11.35750422,12.64755481,16.00337268,16.26475548,10.20236088,7.60539629,4.806070826,1.264755481,Casi
Casi ultimi 17 giorni,15314,22542,22235,25495,33092,33951,22216,15870,11389,3310,205414,7.455188059,10.97393556,10.82448129,12.41152015,16.10990488,16.52808475,10.81523168,7.725860944,5.544412747,1.611379945,Casi
Casi cumulativi,117210,233448,321791,333849,431077,480983,303607,226820,191782,71885,2712452,4.321182458,8.60653018,11.86347261,12.30801504,15.89252086,17.73240596,11.19308286,8.362175626,7.070429265,2.650185146,Casi
Decessi 15/2/2021,0,0,0,1,2,14,39,79,127,66,328,0,0,0,0.304878049,0.609756098,4.268292683,11.8902439,24.08536585,38.7195122,20.12195122,Decessi
Decessi ultimi 17 giorni,1,1,2,7,41,178,544,1358,2514,1353,5999,0.016669445,0.016669445,0.03333889,0.116686114,0.683447241,2.967161194,9.06817803,22.63710618,41.9069845,22.55375896,Decessi
Decessi cumulativi,6,10,47,178,754,2977,8673,22309,38311,18855,92120,0.006513244,0.010855406,0.051020408,0.193226227,0.818497612,3.231654364,9.414893617,24.21732523,41.5881459,20.467868,Decessi
Vaccini 15/2/2021,0,70,4541,5542,6698,7199,4194,2081,12982,2084,45391,0,0.154215593,10.00418585,12.20946884,14.75622921,15.85997224,9.239717125,4.584609284,28.60038334,4.591218523,Vaccini
Vaccini ultimi 17 giorni,0,1749,135681,170809,211468,268222,169549,55746,123958,60112,1197294,0,0.146079409,11.33230435,14.26625374,17.66216151,22.40235063,14.16101643,4.655999278,10.35317975,5.02065491,Vaccini
Vaccini cumulativi,0,3290,318192,462160,574734,758238,471361,116800,210558,129202,3044535,0,0.108062479,10.45125118,15.17998643,18.87756258,24.90488695,15.48220007,3.836382239,6.915932975,4.243735086,Vaccini
