Categoria,0-9 anni,10-19 anni,20-29 anni,30-39 anni,40-49 anni,50-59 anni,60-69 anni,70-79 anni,80-89 anni,oltre 90 anni,Tutte le età,0-9 anni,10-19 anni,20-29 anni,30-39 anni,40-49 anni,50-59 anni,60-69 anni,70-79 anni,80-89 anni,oltre 90 anni,Labels
Casi 8/5/2021,888,1030,960,1177,1333,1231,799,512,208,62,8200,10.82926829,12.56097561,11.70731707,14.35365854,16.25609756,15.01219512,9.743902439,6.243902439,2.536585366,0.756097561,Casi
Casi ultimi 28 giorni,32925,43002,41418,46744,56920,57005,38334,25982,12108,3240,357678,9.205206918,12.02254542,11.57968899,13.0687378,15.91375483,15.93751922,10.71746096,7.264075509,3.385167665,0.905842685,Casi
Casi cumulativi,216320,385223,480749,505909,652076,709709,451932,331013,250123,86445,4069499,5.315642048,9.466103813,11.81346893,12.43172685,16.02349577,17.43971432,11.10534737,8.133998804,6.146284838,2.124217256,Casi
Decessi 8/5/2021,0,0,2,0,2,5,32,55,42,21,159,0,0,1.257861635,0,1.257861635,3.144654088,20.12578616,34.59119497,26.41509434,13.20754717,Decessi
Decessi ultimi 28 giorni,1,3,7,19,85,429,1278,2777,3154,1365,9118,0.010967317,0.032901952,0.076771222,0.20837903,0.932221979,4.704979162,14.01623163,30.4562404,34.59091906,14.97038824,Decessi
Decessi cumulativi,11,15,60,227,1041,4132,12101,30172,49363,23747,120869,0.009100762,0.01241013,0.04964052,0.187806634,0.86126302,3.418577137,10.01166552,24.96256277,40.84008307,19.64689044,Decessi
Vaccini 8/5/2021,0,716,4779,6615,12065,25294,52372,45354,16026,3290,166511,0,0.430001622,2.870080655,3.972710512,7.245767547,15.19058801,31.45257671,27.23784014,9.624589366,1.97584544,Vaccini
Vaccini ultimi 28 giorni,0,33939,223274,284593,486183,973170,2622424,3587392,1790177,334755,10335907,0,0.328360153,2.160178105,2.753440022,4.703825218,9.415429144,25.37197751,34.70805223,17.31997976,3.238757856,Vaccini
Vaccini cumulativi,0,52207,946579,1318942,1898278,2828041,3974069,5081516,5946557,1303213,23349402,0,0.223590309,4.053975344,5.648718541,8.129878444,12.11183481,17.02000334,21.76293851,25.46770577,5.581354931,Vaccini
