Categoria,0-9 anni,10-19 anni,20-29 anni,30-39 anni,40-49 anni,50-59 anni,60-69 anni,70-79 anni,80-89 anni,oltre 90 anni,Tutte le età,0-9 anni,10-19 anni,20-29 anni,30-39 anni,40-49 anni,50-59 anni,60-69 anni,70-79 anni,80-89 anni,oltre 90 anni,Labels
Casi 28/2/2022,4378,4835,3587,4878,5815,4635,2899,2018,1294,407,34746,12.60001151,13.91527082,10.32349047,14.03902607,16.73573937,13.339665,8.343406435,5.807862776,3.724169689,1.171357854,Casi
Casi ultimi 28 giorni,14408,31061,32203,25331,25392,21842,12319,7660,4822,1353,176391,8.168217199,17.60917507,18.25660039,14.36071001,14.39529228,12.38271794,6.983916413,4.342625191,2.733699565,0.767045938,Casi
Casi cumulativi,1189667,1659375,1616040,1737108,2076604,1903190,1103017,717661,457651,145929,12606242,9.437126465,13.16312189,12.81936361,13.77974499,16.47282354,15.09720343,8.749768567,5.692901977,3.630352329,1.157593199,Casi
Decessi 28/2/2022,1,0,0,2,2,6,15,27,49,33,135,0.740740741,0,0,1.481481481,1.481481481,4.444444444,11.11111111,20,36.2962963,24.44444444,Decessi
Decessi ultimi 28 giorni,0,0,4,12,37,99,211,352,498,245,1458,0,0,0.274348422,0.823045267,2.537722908,6.790123457,14.47187929,24.14266118,34.1563786,16.80384088,Decessi
Decessi cumulativi,22,27,106,378,1454,5619,15727,37902,60680,29666,151581,0.014513692,0.017812259,0.069929609,0.249371623,0.959223122,3.706928969,10.37531089,25.00445306,40.03140235,19.57105442,Decessi
